번호,place_uid,상호,자치구,분류,주소,네이버,현재 원장,웹 근거(초안),근거 출처,근거 URL,[확인] 아이 동반,[확인] 조건,확인일,메모
예시,,(적는 법),,,,,,,,,가능 / 노키즈 / 일부 / 모름,"예: 디너만 노키즈, 13세 미만 불가, 홀만 6세 이상",2026-09-28,이 줄은 지우지 마세요. [확인] 칸만 사람이 채웁니다
1,40f4cd47-577f-5886-ae67-e6626be1911c,달마시안,강남구,양식,서울특별시 강남구 압구정로42길 42,https://map.naver.com/p/search/%EB%8B%AC%EB%A7%88%EC%8B%9C%EC%95%88%20%EA%B0%95%EB%82%A8%EA%B5%AC,모름,,,,,,,
2,a5c3fc7c-a69e-542d-9f6d-1e0f9506425e,루위,강남구,양식,서울특별시 강남구 도산대로 211 (신사동),https://map.naver.com/p/search/%EB%A3%A8%EC%9C%84%20%EA%B0%95%EB%82%A8%EA%B5%AC,모름,,,,,,,
3,0469a11d-4039-5b53-ac6c-80a03b08d832,르브런쉭 신사점,강남구,양식,"서울특별시 강남구 강남대로162길 41-22 (신사동, 오로라빌)",https://map.naver.com/p/search/%EB%A5%B4%EB%B8%8C%EB%9F%B0%EC%89%AD%20%EC%8B%A0%EC%82%AC%EC%A0%90%20%EA%B0%95%EB%82%A8%EA%B5%AC,모름,,,,,,,
4,25670299-5958-5820-810d-3952f4124b67,몽고네,강남구,양식,서울특별시 강남구 선릉로155길 5 (신사동),https://map.naver.com/p/search/%EB%AA%BD%EA%B3%A0%EB%84%A4%20%EA%B0%95%EB%82%A8%EA%B5%AC,모름,,,,,,,
5,c7441880-a22b-5b8e-821e-bfecddbeafa1,미 피아체,강남구,양식,서울특별시 강남구 도산대로70길 34 (청담동),https://map.naver.com/p/search/%EB%AF%B8%20%ED%94%BC%EC%95%84%EC%B2%B4%20%EA%B0%95%EB%82%A8%EA%B5%AC,모름,,,,,,,
6,bc3dfe59-3ef7-5d41-b03c-fc52824016b9,미미미 가든,강남구,양식,서울특별시 강남구 도산대로 417 (청담동),https://map.naver.com/p/search/%EB%AF%B8%EB%AF%B8%EB%AF%B8%20%EA%B0%80%EB%93%A0%20%EA%B0%95%EB%82%A8%EA%B5%AC,모름,,,,,,,
7,4101ec2d-7d17-5f86-97e3-d3670b5314f4,바빌리안테이블,강남구,양식,서울특별시 강남구 압구정로46길 5-2 (신사동),https://map.naver.com/p/search/%EB%B0%94%EB%B9%8C%EB%A6%AC%EC%95%88%ED%85%8C%EC%9D%B4%EB%B8%94%20%EA%B0%95%EB%82%A8%EA%B5%AC,모름,,,,,,,
8,d18bd608-407d-549f-971b-a00ae6dd416b,볼트스테이크하우스,강남구,양식,서울특별시 강남구 압구정로72길 22,https://map.naver.com/p/search/%EB%B3%BC%ED%8A%B8%EC%8A%A4%ED%85%8C%EC%9D%B4%ED%81%AC%ED%95%98%EC%9A%B0%EC%8A%A4%20%EA%B0%95%EB%82%A8%EA%B5%AC,모름,,,,,,,
9,166eeed0-de51-5060-ab7a-3473e4b45b96,썬더버드 청담점,강남구,양식,서울특별시 강남구 압구정로60길 18 SG DINEHILL빌딩,https://map.naver.com/p/search/%EC%8D%AC%EB%8D%94%EB%B2%84%EB%93%9C%20%EC%B2%AD%EB%8B%B4%EC%A0%90%20%EA%B0%95%EB%82%A8%EA%B5%AC,모름,,,,,,,
10,679d514f-4b7c-5add-b834-05b70c6dcd33,씨네 드 쉐프(CINE de CHEF),강남구,양식,서울특별시 강남구 압구정로30길 45 (신사동),https://map.naver.com/p/search/%EC%94%A8%EB%84%A4%20%EB%93%9C%20%EC%89%90%ED%94%84%28CINE%20de%20CHEF%29%20%EA%B0%95%EB%82%A8%EA%B5%AC,모름,,,,,,,
11,33dc0066-54ac-5d0c-bb00-ba24267500fb,어썸로즈,강남구,양식,서울특별시 강남구 압구정로10길 40,https://map.naver.com/p/search/%EC%96%B4%EC%8D%B8%EB%A1%9C%EC%A6%88%20%EA%B0%95%EB%82%A8%EA%B5%AC,모름,,,,,,,
12,5fe2b424-73fb-56db-aa70-28a45b5536e2,오엔(ON),강남구,양식,서울특별시 강남구 압구정로11길 37-30,https://map.naver.com/p/search/%EC%98%A4%EC%97%94%28ON%29%20%EA%B0%95%EB%82%A8%EA%B5%AC,모름,,,,,,,
13,77c8a0b6-0462-58a0-b020-f458c86238d8,치즈룸 안다즈,강남구,양식,서울특별시 강남구 논현로 854 (신사동),https://map.naver.com/p/search/%EC%B9%98%EC%A6%88%EB%A3%B8%20%EC%95%88%EB%8B%A4%EC%A6%88%20%EA%B0%95%EB%82%A8%EA%B5%AC,모름,,,,,,,
14,59c0aeda-216b-5702-a76e-c020401b76d9,테라스룸,강남구,양식,서울특별시 강남구 선릉로152길 37 (청담동),https://map.naver.com/p/search/%ED%85%8C%EB%9D%BC%EC%8A%A4%EB%A3%B8%20%EA%B0%95%EB%82%A8%EA%B5%AC,모름,,,,,,,
15,2b15a585-5fdb-536e-9789-7b5fbd681cef,페어링룸,강남구,양식,서울특별시 강남구 도산대로81길 14 (청담동),https://map.naver.com/p/search/%ED%8E%98%EC%96%B4%EB%A7%81%EB%A3%B8%20%EA%B0%95%EB%82%A8%EA%B5%AC,모름,,,,,,,
16,e1528df1-fbc6-584c-b4ed-c2915882d203,핀치 브런치바,강남구,양식,"서울특별시 강남구 압구정로4길 19, 지상1층 101호 (신사동)",https://map.naver.com/p/search/%ED%95%80%EC%B9%98%20%EB%B8%8C%EB%9F%B0%EC%B9%98%EB%B0%94%20%EA%B0%95%EB%82%A8%EA%B5%AC,모름,,,,,,,
17,9ed75656-5946-5b88-b945-8a111bea1c5e,누메로도스,성동구,양식,서울특별시 성동구 상원1길 35-9 (성수동1가),https://map.naver.com/p/search/%EB%88%84%EB%A9%94%EB%A1%9C%EB%8F%84%EC%8A%A4%20%EC%84%B1%EB%8F%99%EA%B5%AC,모름,,,,,,,
18,d241f7df-b0f1-59f9-b07a-66444f56fcb1,누메로뜨레쓰,성동구,양식,서울특별시 성동구 성수일로 21 (성수동1가),https://map.naver.com/p/search/%EB%88%84%EB%A9%94%EB%A1%9C%EB%9C%A8%EB%A0%88%EC%93%B0%20%EC%84%B1%EB%8F%99%EA%B5%AC,모름,,,,,,,
19,e22a6f03-6699-5d15-af11-917eab4479fd,리틀포레스트,성동구,양식,서울특별시 성동구 성수일로12길 23 (성수동2가),https://map.naver.com/p/search/%EB%A6%AC%ED%8B%80%ED%8F%AC%EB%A0%88%EC%8A%A4%ED%8A%B8%20%EC%84%B1%EB%8F%99%EA%B5%AC,모름,,,,,,,
20,5a0bd8ab-ca0a-5c37-859f-6ca6dd1ded07,마리오네,성동구,양식,서울특별시 성동구 성수이로12길 15,https://map.naver.com/p/search/%EB%A7%88%EB%A6%AC%EC%98%A4%EB%84%A4%20%EC%84%B1%EB%8F%99%EA%B5%AC,모름,,,,,,,
21,93184dfa-220c-589e-96a9-4fe60d4527b3,메이플탑,성동구,양식,서울특별시 성동구 성수이로14길 14 (주)대명케미칼,https://map.naver.com/p/search/%EB%A9%94%EC%9D%B4%ED%94%8C%ED%83%91%20%EC%84%B1%EB%8F%99%EA%B5%AC,모름,,,,,,,
22,606ddb64-1e18-5605-b642-1df39242d31f,목금,성동구,양식,서울특별시 성동구 왕십리로2길 34 (성수동1가),https://map.naver.com/p/search/%EB%AA%A9%EA%B8%88%20%EC%84%B1%EB%8F%99%EA%B5%AC,모름,,,,,,,
23,1437b226-4296-52be-9a9e-6425be0c3b51,미테이블 성수점,성동구,양식,서울특별시 성동구 왕십리로8길 5 (성수동1가),https://map.naver.com/p/search/%EB%AF%B8%ED%85%8C%EC%9D%B4%EB%B8%94%20%EC%84%B1%EC%88%98%EC%A0%90%20%EC%84%B1%EB%8F%99%EA%B5%AC,모름,,,,,,,
24,94a83133-3e57-5129-a841-4c42c69c8471,바위파스타바,성동구,양식,서울특별시 성동구 뚝섬로15길 27 (성수동2가),https://map.naver.com/p/search/%EB%B0%94%EC%9C%84%ED%8C%8C%EC%8A%A4%ED%83%80%EB%B0%94%20%EC%84%B1%EB%8F%99%EA%B5%AC,모름,,,,,,,
25,9ab25d47-e370-58f0-afba-895633c5f7ce,성수망치버거,성동구,양식,서울특별시 성동구 성덕정3길 8 (성수동1가),https://map.naver.com/p/search/%EC%84%B1%EC%88%98%EB%A7%9D%EC%B9%98%EB%B2%84%EA%B1%B0%20%EC%84%B1%EB%8F%99%EA%B5%AC,모름,,,,,,,
26,a1ebb554-691d-5bb8-8386-712beef3399f,세디치,성동구,양식,서울특별시 성동구 성수이로22길 37 (성수동2가),https://map.naver.com/p/search/%EC%84%B8%EB%94%94%EC%B9%98%20%EC%84%B1%EB%8F%99%EA%B5%AC,모름,디너만 노키즈 (웹),식신 매거진 성수동 맛집 추천,https://www.siksinhot.com/theme/magazine/11312,,,,
27,c3f8d4e5-49aa-5b1d-9a5a-31c9967db544,세스크 멘슬,성동구,양식,서울특별시 성동구 성수이로14길 7,https://map.naver.com/p/search/%EC%84%B8%EC%8A%A4%ED%81%AC%20%EB%A9%98%EC%8A%AC%20%EC%84%B1%EB%8F%99%EA%B5%AC,모름,,,,,,,
28,b5ba00b2-49e7-5707-ac2f-2ce9b4bcc8f0,소랑호젠,성동구,양식,서울특별시 성동구 왕십리로 58 (성수동1가),https://map.naver.com/p/search/%EC%86%8C%EB%9E%91%ED%98%B8%EC%A0%A0%20%EC%84%B1%EB%8F%99%EA%B5%AC,모름,,,,,,,
29,18ab0614-1078-5584-9845-5e98c22524a4,어라운드데이,성동구,양식,서울특별시 성동구 서울숲2길 24-1 (성수동1가),https://map.naver.com/p/search/%EC%96%B4%EB%9D%BC%EC%9A%B4%EB%93%9C%EB%8D%B0%EC%9D%B4%20%EC%84%B1%EB%8F%99%EA%B5%AC,모름,,,,,,,
30,d2eadee1-d5a0-5b18-9583-d8d7b1190299,오뜨로,성동구,양식,서울특별시 성동구 뚝섬로1길 31 (성수동1가),https://map.naver.com/p/search/%EC%98%A4%EB%9C%A8%EB%A1%9C%20%EC%84%B1%EB%8F%99%EA%B5%AC,모름,,,,,,,
31,08aa0a9b-72f7-5fda-9a12-32ed4532b95c,온량,성동구,양식,서울특별시 성동구 서울숲4길 26-10 (성수동1가),https://map.naver.com/p/search/%EC%98%A8%EB%9F%89%20%EC%84%B1%EB%8F%99%EA%B5%AC,모름,,,,,,,
32,922a6f22-cf3d-5e42-a7cd-7d797897b633,우오보,성동구,양식,서울특별시 성동구 광나루로4길 1-16 (성수동2가),https://map.naver.com/p/search/%EC%9A%B0%EC%98%A4%EB%B3%B4%20%EC%84%B1%EB%8F%99%EA%B5%AC,모름,,,,,,,
33,cf1cb427-20ed-5758-a232-2d849a2e0a0e,유어네이키드치즈,성동구,양식,서울특별시 성동구 왕십리로10길 6 (성수동1가),https://map.naver.com/p/search/%EC%9C%A0%EC%96%B4%EB%84%A4%EC%9D%B4%ED%82%A4%EB%93%9C%EC%B9%98%EC%A6%88%20%EC%84%B1%EB%8F%99%EA%B5%AC,모름,,,,,,,
34,f54d7f14-c30e-5e2f-939a-957a231d3f85,이태리차차,성동구,양식,서울특별시 성동구 연무장길 14-5 (성수동1가),https://map.naver.com/p/search/%EC%9D%B4%ED%83%9C%EB%A6%AC%EC%B0%A8%EC%B0%A8%20%EC%84%B1%EB%8F%99%EA%B5%AC,모름,,,,,,,
35,12420b54-3c6b-5a63-81ad-22e53eb134e7,체다앤올리,성동구,양식,"서울특별시 성동구 서울숲2길 32-14 (성수동1가, 갤러리아 포레)",https://map.naver.com/p/search/%EC%B2%B4%EB%8B%A4%EC%95%A4%EC%98%AC%EB%A6%AC%20%EC%84%B1%EB%8F%99%EA%B5%AC,모름,,,,,,,
36,20e17937-1d82-5efe-bd4c-82eabc57288d,퀴버 서울숲,성동구,양식,서울특별시 성동구 왕십리로5길 3 (성수동1가),https://map.naver.com/p/search/%ED%80%B4%EB%B2%84%20%EC%84%9C%EC%9A%B8%EC%88%B2%20%EC%84%B1%EB%8F%99%EA%B5%AC,모름,,,,,,,
37,f82a4140-0fac-5e96-9aa7-f39585fc330d,파르코,성동구,양식,서울특별시 성동구 서울숲2길 44 (성수동1가),https://map.naver.com/p/search/%ED%8C%8C%EB%A5%B4%EC%BD%94%20%EC%84%B1%EB%8F%99%EA%B5%AC,모름,,,,,,,
38,389772a5-df68-5397-bc7a-820042a3a407,플레이버타운,성동구,양식,서울특별시 성동구 서울숲4길 18-7 (성수동1가),https://map.naver.com/p/search/%ED%94%8C%EB%A0%88%EC%9D%B4%EB%B2%84%ED%83%80%EC%9A%B4%20%EC%84%B1%EB%8F%99%EA%B5%AC,모름,,,,,,,
39,5d27bbe3-9887-5763-b68f-d758a3b45b30,꾸띠자르당,용산구,양식,서울특별시 용산구 보광로 120 (이태원동),https://map.naver.com/p/search/%EA%BE%B8%EB%9D%A0%EC%9E%90%EB%A5%B4%EB%8B%B9%20%EC%9A%A9%EC%82%B0%EA%B5%AC,모름,,,,,,,
40,1597c2d8-7de2-5c11-b0b2-d1e77fa434be,뇨끼바,용산구,양식,서울특별시 용산구 한남대로20길 41-4,https://map.naver.com/p/search/%EB%87%A8%EB%81%BC%EB%B0%94%20%EC%9A%A9%EC%82%B0%EA%B5%AC,모름,,,,,,,
41,bd55e220-04db-547d-807b-f1a1e9146a29,두에꼬제,용산구,양식,"서울특별시 용산구 한남대로 60 (한남동, 금호리첸시아)",https://map.naver.com/p/search/%EB%91%90%EC%97%90%EA%BC%AC%EC%A0%9C%20%EC%9A%A9%EC%82%B0%EA%B5%AC,모름,,,,,,,
42,d2bde326-cfcc-5d78-b8cc-05bf780ca3da,베라 한남점,용산구,양식,서울특별시 용산구 이태원로 272 (한남동),https://map.naver.com/p/search/%EB%B2%A0%EB%9D%BC%20%ED%95%9C%EB%82%A8%EC%A0%90%20%EC%9A%A9%EC%82%B0%EA%B5%AC,모름,,,,,,,
43,f754b28d-c4aa-55dd-9df9-ed99d4b187b2,셰프테이너,용산구,양식,서울특별시 용산구 이태원로27길 101 (한남동),https://map.naver.com/p/search/%EC%85%B0%ED%94%84%ED%85%8C%EC%9D%B4%EB%84%88%20%EC%9A%A9%EC%82%B0%EA%B5%AC,모름,,,,,,,
44,c5366f23-03b8-5e56-9044-78db621ea512,이태원 피자&패스트푸드(ITAEWON PIZZA & FAST FOOD),용산구,양식,"서울특별시 용산구 보광로60길 14-6, 1층 102호 (이태원동, 성도스카이빌)",https://map.naver.com/p/search/%EC%9D%B4%ED%83%9C%EC%9B%90%20%ED%94%BC%EC%9E%90%26%ED%8C%A8%EC%8A%A4%ED%8A%B8%ED%91%B8%EB%93%9C%28ITAEWON%20PIZZA%20%26%20FAST%20FOOD%29%20%EC%9A%A9%EC%82%B0%EA%B5%AC,모름,,,,,,,
45,92125e17-fbf3-5f40-b940-b947fa07592c,치즈플로,용산구,양식,서울특별시 용산구 이태원로49길 19 (한남동),https://map.naver.com/p/search/%EC%B9%98%EC%A6%88%ED%94%8C%EB%A1%9C%20%EC%9A%A9%EC%82%B0%EA%B5%AC,모름,,,,,,,
46,ae638598-b448-569f-bb6b-ae0f37058c93,휴135,용산구,양식,서울특별시 용산구 이태원로55나길 6 (한남동),https://map.naver.com/p/search/%ED%9C%B4135%20%EC%9A%A9%EC%82%B0%EA%B5%AC,모름,,,,,,,
47,dc63552a-0a05-54c4-ba12-a9fc96e48d9a,갓포준 x 에스테반,강남구,일식,서울특별시 강남구 논현로163길 10 (신사동),https://map.naver.com/p/search/%EA%B0%93%ED%8F%AC%EC%A4%80%20x%20%EC%97%90%EC%8A%A4%ED%85%8C%EB%B0%98%20%EA%B0%95%EB%82%A8%EA%B5%AC,모름,,,,,,,
48,20023125-6ece-5d33-bcef-854d3580a878,네기다이닝라운지,강남구,일식,서울특별시 강남구 도산대로15길 18 (신사동),https://map.naver.com/p/search/%EB%84%A4%EA%B8%B0%EB%8B%A4%EC%9D%B4%EB%8B%9D%EB%9D%BC%EC%9A%B4%EC%A7%80%20%EA%B0%95%EB%82%A8%EA%B5%AC,모름,,,,,,,
49,049b17c6-eb42-5438-97f5-dc7302217e11,스시선수,강남구,일식,서울특별시 강남구 도산대로45길 6 (신사동),https://map.naver.com/p/search/%EC%8A%A4%EC%8B%9C%EC%84%A0%EC%88%98%20%EA%B0%95%EB%82%A8%EA%B5%AC,모름,,,,,,,
50,37fe38f8-db57-5c5f-a3ae-e34fe0f43cb6,이치에,강남구,일식,서울특별시 강남구 선릉로155길 23-3 (신사동),https://map.naver.com/p/search/%EC%9D%B4%EC%B9%98%EC%97%90%20%EA%B0%95%EB%82%A8%EA%B5%AC,모름,,,,,,,
51,9261c953-4e15-574e-9986-f13296ada9df,잡어향기,강남구,일식,서울특별시 강남구 압구정로79길 73-4 (청담동),https://map.naver.com/p/search/%EC%9E%A1%EC%96%B4%ED%96%A5%EA%B8%B0%20%EA%B0%95%EB%82%A8%EA%B5%AC,모름,,,,,,,
52,df6d3237-66b8-5ebb-a295-70f5578f6302,청담 마코토,강남구,일식,서울특별시 강남구 압구정로80길 37 (청담동),https://map.naver.com/p/search/%EC%B2%AD%EB%8B%B4%20%EB%A7%88%EC%BD%94%ED%86%A0%20%EA%B0%95%EB%82%A8%EA%B5%AC,모름,,,,,,,
53,f47a0a7d-8ac7-54fe-89ce-b7b81ed3c77f,호무랑,강남구,일식,서울특별시 강남구 도산대로 442 (청담동),https://map.naver.com/p/search/%ED%98%B8%EB%AC%B4%EB%9E%91%20%EA%B0%95%EB%82%A8%EA%B5%AC,모름,,,,,,,
54,332ff00a-79b4-5ece-ab46-865632ee1ee1,교다이야,마포구,일식,서울특별시 마포구 성지길 39 (합정동),https://map.naver.com/p/search/%EA%B5%90%EB%8B%A4%EC%9D%B4%EC%95%BC%20%EB%A7%88%ED%8F%AC%EA%B5%AC,모름,,,,,,,
55,7ad55db5-3241-57a3-8805-22fcd571c4fd,망원동즉석우동 본점,마포구,일식,서울특별시 마포구 동교로 83 (망원동),https://map.naver.com/p/search/%EB%A7%9D%EC%9B%90%EB%8F%99%EC%A6%89%EC%84%9D%EC%9A%B0%EB%8F%99%20%EB%B3%B8%EC%A0%90%20%EB%A7%88%ED%8F%AC%EA%B5%AC,모름,,,,,,,
56,eb49f934-264d-5d74-a7da-1cde93185e3e,우동 카덴,마포구,일식,서울특별시 마포구 양화로7안길 2-1 (서교동),https://map.naver.com/p/search/%EC%9A%B0%EB%8F%99%20%EC%B9%B4%EB%8D%B4%20%EB%A7%88%ED%8F%AC%EA%B5%AC,모름,,,,,,,
57,53e7a42a-864d-5859-a795-62da8f91c6a0,정광수의돈까스가게,마포구,일식,서울특별시 마포구 포은로 128 (망원동),https://map.naver.com/p/search/%EC%A0%95%EA%B4%91%EC%88%98%EC%9D%98%EB%8F%88%EA%B9%8C%EC%8A%A4%EA%B0%80%EA%B2%8C%20%EB%A7%88%ED%8F%AC%EA%B5%AC,모름,,,,,,,
58,7b0be85d-6e44-5499-92ac-7d1d0e093486,크레이지카츠,마포구,일식,서울특별시 마포구 포은로2나길 44 (합정동),https://map.naver.com/p/search/%ED%81%AC%EB%A0%88%EC%9D%B4%EC%A7%80%EC%B9%B4%EC%B8%A0%20%EB%A7%88%ED%8F%AC%EA%B5%AC,모름,,,,,,,
59,f118175d-d3f1-574b-a242-0374a8368d09,가조쿠,성동구,일식,서울특별시 성동구 연무장길 31-2 (성수동2가),https://map.naver.com/p/search/%EA%B0%80%EC%A1%B0%EC%BF%A0%20%EC%84%B1%EB%8F%99%EA%B5%AC,모름,,,,,,,
60,32e17c1b-965a-5495-b31b-713c888d8a3e,기후,성동구,일식,서울특별시 성동구 성수이로 66 서울숲 드림타워,https://map.naver.com/p/search/%EA%B8%B0%ED%9B%84%20%EC%84%B1%EB%8F%99%EA%B5%AC,모름,,,,,,,
61,62cadbed-7798-5bd9-a42d-498c7d733b6a,록멘,성동구,일식,서울특별시 성동구 성수일로3길 2 (성수동1가),https://map.naver.com/p/search/%EB%A1%9D%EB%A9%98%20%EC%84%B1%EB%8F%99%EA%B5%AC,모름,,,,,,,
62,8c346018-3254-55ea-a5d8-a03c3cd73102,스시오오모토,성동구,일식,서울특별시 성동구 상원1길 39-1 (성수동1가),https://map.naver.com/p/search/%EC%8A%A4%EC%8B%9C%EC%98%A4%EC%98%A4%EB%AA%A8%ED%86%A0%20%EC%84%B1%EB%8F%99%EA%B5%AC,모름,,,,,,,
63,59996ef8-a465-5c08-b55e-c4b3545453af,오레노카츠 성수본점,성동구,일식,서울특별시 성동구 성수일로 47 (성수동1가),https://map.naver.com/p/search/%EC%98%A4%EB%A0%88%EB%85%B8%EC%B9%B4%EC%B8%A0%20%EC%84%B1%EC%88%98%EB%B3%B8%EC%A0%90%20%EC%84%B1%EB%8F%99%EA%B5%AC,모름,,,,,,,
64,64ba285b-2e6b-5939-9381-c74f59d9b184,진작다이닝,성동구,일식,서울특별시 성동구 왕십리로14나길 10 (성수동1가),https://map.naver.com/p/search/%EC%A7%84%EC%9E%91%EB%8B%A4%EC%9D%B4%EB%8B%9D%20%EC%84%B1%EB%8F%99%EA%B5%AC,모름,,,,,,,
65,9471a80f-0e65-5a63-956a-b52723fb8437,탐광,성동구,일식,서울특별시 성동구 연무장5가길 26 (성수동2가),https://map.naver.com/p/search/%ED%83%90%EA%B4%91%20%EC%84%B1%EB%8F%99%EA%B5%AC,모름,,,,,,,
66,7c3071b2-52e2-53d3-a7eb-62dbc1c6607a,텐동식당,성동구,일식,서울특별시 성동구 연무장5가길 20-1 (성수동2가),https://map.naver.com/p/search/%ED%85%90%EB%8F%99%EC%8B%9D%EB%8B%B9%20%EC%84%B1%EB%8F%99%EA%B5%AC,모름,,,,,,,
67,025dd511-ac49-5e52-9069-35ffb2ff7624,호랑이 초밥,성동구,일식,서울특별시 성동구 아차산로7길 14 (성수동2가),https://map.naver.com/p/search/%ED%98%B8%EB%9E%91%EC%9D%B4%20%EC%B4%88%EB%B0%A5%20%EC%84%B1%EB%8F%99%EA%B5%AC,모름,,,,,,,
68,6b9c6e90-fae5-59f3-b2a6-5a81b7f629cd,권숙수,강남구,미상,서울특별시 강남구 압구정로80길 37 (청담동),https://map.naver.com/p/search/%EA%B6%8C%EC%88%99%EC%88%98%20%EA%B0%95%EB%82%A8%EA%B5%AC,모름,,,,,,,
69,25d486af-793e-56ca-9b7d-0922d9c7de02,네모집 청담점,강남구,미상,서울특별시 강남구 선릉로148길 28 (청담동),https://map.naver.com/p/search/%EB%84%A4%EB%AA%A8%EC%A7%91%20%EC%B2%AD%EB%8B%B4%EC%A0%90%20%EA%B0%95%EB%82%A8%EA%B5%AC,모름,,,,,,,
70,1774f2ef-8975-5feb-9dd9-1936db9680e2,닥터비건,강남구,미상,"서울특별시 강남구 도산대로68길 25, 지하1층 (청담동)",https://map.naver.com/p/search/%EB%8B%A5%ED%84%B0%EB%B9%84%EA%B1%B4%20%EA%B0%95%EB%82%A8%EA%B5%AC,모름,,,,,,,
71,44686b22-b6be-5872-9214-9187b41811b4,더클래스 청담,강남구,미상,서울특별시 강남구 압구정로60길 17-5,https://map.naver.com/p/search/%EB%8D%94%ED%81%B4%EB%9E%98%EC%8A%A4%20%EC%B2%AD%EB%8B%B4%20%EA%B0%95%EB%82%A8%EA%B5%AC,모름,,,,,,,
72,82e464cd-7a2e-55dc-8ace-94406995e634,레스쁘아,강남구,미상,서울특별시 강남구 도산대로59길 16 (청담동),https://map.naver.com/p/search/%EB%A0%88%EC%8A%A4%EC%81%98%EC%95%84%20%EA%B0%95%EB%82%A8%EA%B5%AC,모름,,,,,,,
73,aa7c65e8-2794-58e6-8893-a7de9df2f11e,마히나 비건 테이블,강남구,미상,"서울특별시 강남구 논현로175길 75, 지상2층 (신사동)",https://map.naver.com/p/search/%EB%A7%88%ED%9E%88%EB%82%98%20%EB%B9%84%EA%B1%B4%20%ED%85%8C%EC%9D%B4%EB%B8%94%20%EA%B0%95%EB%82%A8%EA%B5%AC,모름,,,,,,,
74,5daf085f-0b40-5d2e-b7e6-b4243292f5bd,무오키(MUOKI),강남구,미상,서울특별시 강남구 학동로55길 12-12 (청담동),https://map.naver.com/p/search/%EB%AC%B4%EC%98%A4%ED%82%A4%28MUOKI%29%20%EA%B0%95%EB%82%A8%EA%B5%AC,모름,,,,,,,
75,24fc4456-daab-5482-b0ca-3897ddd36e38,비움,강남구,미상,"서울특별시 강남구 학동로97길 41, 리유빌딩 1층 (청담동)",https://map.naver.com/p/search/%EB%B9%84%EC%9B%80%20%EA%B0%95%EB%82%A8%EA%B5%AC,모름,,,,,,,
76,1869c08e-c276-58a0-97b4-c28936806653,수퍼판,강남구,미상,서울특별시 강남구 논현로167길 15 (신사동),https://map.naver.com/p/search/%EC%88%98%ED%8D%BC%ED%8C%90%20%EA%B0%95%EB%82%A8%EA%B5%AC,모름,,,,,,,
77,88be2bd3-517d-5164-980f-1c97d6ed4789,스와니예,강남구,미상,서울특별시 강남구 강남대로 652 (신사동),https://map.naver.com/p/search/%EC%8A%A4%EC%99%80%EB%8B%88%EC%98%88%20%EA%B0%95%EB%82%A8%EA%B5%AC,모름,,,,,,,
78,7e895680-d3ea-52a7-8a5f-f1ee5f830099,옳음,강남구,미상,서울특별시 강남구 선릉로152길 37 (청담동),https://map.naver.com/p/search/%EC%98%B3%EC%9D%8C%20%EA%B0%95%EB%82%A8%EA%B5%AC,모름,,,,,,,
79,8d724e24-efd8-5d6a-8698-0ae99966dc83,질할브로스 청담본점,강남구,미상,"서울특별시 강남구 압구정로79길 36, 지상1층 오른쪽상가호 (청담동)",https://map.naver.com/p/search/%EC%A7%88%ED%95%A0%EB%B8%8C%EB%A1%9C%EC%8A%A4%20%EC%B2%AD%EB%8B%B4%EB%B3%B8%EC%A0%90%20%EA%B0%95%EB%82%A8%EA%B5%AC,모름,,,,,,,
80,f72002d2-573c-55a6-bc8c-936d15ecbd45,쵸이닷,강남구,미상,서울특별시 강남구 도산대로 457 (청담동),https://map.naver.com/p/search/%EC%B5%B8%EC%9D%B4%EB%8B%B7%20%EA%B0%95%EB%82%A8%EA%B5%AC,모름,,,,,,,
81,deb83a34-ec6f-52b1-8ace-24424aaf4618,파씨오네,강남구,미상,서울특별시 강남구 언주로164길 39 (신사동),https://map.naver.com/p/search/%ED%8C%8C%EC%94%A8%EC%98%A4%EB%84%A4%20%EA%B0%95%EB%82%A8%EA%B5%AC,모름,,,,,,,
82,4e2be439-c6c5-5886-a846-be6570a6d3a6,비밥,마포구,미상,"서울특별시 마포구 홍익로 3-3, 1층 (서교동)",https://map.naver.com/p/search/%EB%B9%84%EB%B0%A5%20%EB%A7%88%ED%8F%AC%EA%B5%AC,모름,,,,,,,
83,4e24b785-2173-5902-9dcc-379c73cde25e,어라운드 그린,마포구,미상,"서울특별시 마포구 동교로 44-1, 2층 일부호 (합정동)",https://map.naver.com/p/search/%EC%96%B4%EB%9D%BC%EC%9A%B4%EB%93%9C%20%EA%B7%B8%EB%A6%B0%20%EB%A7%88%ED%8F%AC%EA%B5%AC,모름,,,,,,,
84,9688b39d-3da6-588a-906a-9d8fa76503f3,유알티,마포구,미상,"서울특별시 마포구 월드컵북로7길 34, 1층 (서교동)",https://map.naver.com/p/search/%EC%9C%A0%EC%95%8C%ED%8B%B0%20%EB%A7%88%ED%8F%AC%EA%B5%AC,모름,,,,,,,
85,7b3144f1-1601-537f-98ee-2277efd7f1a7,퍼멘츠,마포구,미상,"서울특별시 마포구 동교로22길 29, 301호 (서교동)",https://map.naver.com/p/search/%ED%8D%BC%EB%A9%98%EC%B8%A0%20%EB%A7%88%ED%8F%AC%EA%B5%AC,모름,,,,,,,
86,dcbc2adc-1c57-5e60-abf0-31095d8ffb43,계자람,성동구,미상,서울특별시 성동구 성덕정17길 5 (성수동2가),https://map.naver.com/p/search/%EA%B3%84%EC%9E%90%EB%9E%8C%20%EC%84%B1%EB%8F%99%EA%B5%AC,모름,,,,,,,
87,d69ea361-f315-590a-b383-e94388606154,대흥정육식당,성동구,미상,"서울특별시 성동구 왕십리로 16 (성수동1가, 트리마제)",https://map.naver.com/p/search/%EB%8C%80%ED%9D%A5%EC%A0%95%EC%9C%A1%EC%8B%9D%EB%8B%B9%20%EC%84%B1%EB%8F%99%EA%B5%AC,모름,,,,,,,
88,96bd844c-e759-5298-a9e4-ed5c1916aabc,리브나 다이닝,성동구,미상,서울특별시 성동구 뚝섬로 366-46 (성수동1가),https://map.naver.com/p/search/%EB%A6%AC%EB%B8%8C%EB%82%98%20%EB%8B%A4%EC%9D%B4%EB%8B%9D%20%EC%84%B1%EB%8F%99%EA%B5%AC,모름,,,,,,,
89,83d44fa8-2ac4-5596-9fca-c9ba98f1f2f6,모어딥 성수,성동구,미상,서울특별시 성동구 성수일로 95-1,https://map.naver.com/p/search/%EB%AA%A8%EC%96%B4%EB%94%A5%20%EC%84%B1%EC%88%98%20%EC%84%B1%EB%8F%99%EA%B5%AC,모름,,,,,,,
90,2839297e-153f-52ac-ac06-16586a3f117d,밋보어,성동구,미상,"서울특별시 성동구 성수일로 1, 1층",https://map.naver.com/p/search/%EB%B0%8B%EB%B3%B4%EC%96%B4%20%EC%84%B1%EB%8F%99%EA%B5%AC,모름,,,,,,,
91,bab0b21d-f5d8-5538-a848-12d047f6a7e9,에피코어,성동구,미상,"서울특별시 성동구 뚝섬로3길 22, 1층 (성수동1가)",https://map.naver.com/p/search/%EC%97%90%ED%94%BC%EC%BD%94%EC%96%B4%20%EC%84%B1%EB%8F%99%EA%B5%AC,모름,,,,,,,
92,4b9d1cec-03f2-5c7f-ae9c-ca968e81f629,제스티살룬 성수,성동구,미상,서울특별시 성동구 서울숲4길 13 (성수동1가),https://map.naver.com/p/search/%EC%A0%9C%EC%8A%A4%ED%8B%B0%EC%82%B4%EB%A3%AC%20%EC%84%B1%EC%88%98%20%EC%84%B1%EB%8F%99%EA%B5%AC,모름,,,,,,,
93,afa0bd68-e297-53ec-b5c8-3cd996190111,코스모스상점,성동구,미상,"서울특별시 성동구 성수이로7길 27, 서울숲코오롱디지탈타워 1층 106-A2호 (성수동2가)",https://map.naver.com/p/search/%EC%BD%94%EC%8A%A4%EB%AA%A8%EC%8A%A4%EC%83%81%EC%A0%90%20%EC%84%B1%EB%8F%99%EA%B5%AC,모름,,,,,,,
94,aa87d97e-06c8-54fd-bc9b-3dd1b801139b,펠른,성동구,미상,"서울특별시 성동구 서울숲2길 6, 1층 (성수동1가)",https://map.naver.com/p/search/%ED%8E%A0%EB%A5%B8%20%EC%84%B1%EB%8F%99%EA%B5%AC,모름,,,,,,,
95,0c3e19d8-8890-5ef7-90d1-75b9397e71e8,푸른델리,성동구,미상,"서울특별시 성동구 성수일로3길 4-6, 지1층 (성수동1가)",https://map.naver.com/p/search/%ED%91%B8%EB%A5%B8%EB%8D%B8%EB%A6%AC%20%EC%84%B1%EB%8F%99%EA%B5%AC,모름,,,,,,,
96,85655df3-a704-5289-b1c6-626b54d11672,노노샵,용산구,미상,"서울특별시 용산구 보광로 90, 태광빌딩 2층 202호 (이태원동)",https://map.naver.com/p/search/%EB%85%B8%EB%85%B8%EC%83%B5%20%EC%9A%A9%EC%82%B0%EA%B5%AC,모름,,,,,,,
97,245e2b6b-9a7d-552c-aac0-e15e8b4c995b,로코스 비비큐 경리단길본점,용산구,미상,서울특별시 용산구 회나무로 83 (이태원동),https://map.naver.com/p/search/%EB%A1%9C%EC%BD%94%EC%8A%A4%20%EB%B9%84%EB%B9%84%ED%81%90%20%EA%B2%BD%EB%A6%AC%EB%8B%A8%EA%B8%B8%EB%B3%B8%EC%A0%90%20%EC%9A%A9%EC%82%B0%EA%B5%AC,모름,,,,,,,
98,e80eb523-0b58-5141-ae5c-376659954e7b,몽크스부처,용산구,미상,"서울특별시 용산구 이태원로 228-1, 3,4층 (한남동)",https://map.naver.com/p/search/%EB%AA%BD%ED%81%AC%EC%8A%A4%EB%B6%80%EC%B2%98%20%EC%9A%A9%EC%82%B0%EA%B5%AC,모름,,,,,,,
99,187c4e29-b43c-569c-906d-43a6782d622f,비비스베지,용산구,미상,"서울특별시 용산구 회나무로13가길 42, 1층 (이태원동)",https://map.naver.com/p/search/%EB%B9%84%EB%B9%84%EC%8A%A4%EB%B2%A0%EC%A7%80%20%EC%9A%A9%EC%82%B0%EA%B5%AC,모름,,,,,,,
100,93964726-62fe-5e89-8195-1d82b058e39c,사라바나 바반,용산구,미상,"서울특별시 용산구 이태원로27가길 18, 지상2층 (이태원동)",https://map.naver.com/p/search/%EC%82%AC%EB%9D%BC%EB%B0%94%EB%82%98%20%EB%B0%94%EB%B0%98%20%EC%9A%A9%EC%82%B0%EA%B5%AC,모름,,,,,,,
101,95479cb3-1b8f-5e07-b171-9294d0a32ef5,에이치아이케이 모슬림레스토랑,용산구,미상,"서울특별시 용산구 우사단로10길 41 (한남동,(지상1층))",https://map.naver.com/p/search/%EC%97%90%EC%9D%B4%EC%B9%98%EC%95%84%EC%9D%B4%EC%BC%80%EC%9D%B4%20%EB%AA%A8%EC%8A%AC%EB%A6%BC%EB%A0%88%EC%8A%A4%ED%86%A0%EB%9E%91%20%EC%9A%A9%EC%82%B0%EA%B5%AC,모름,,,,,,,
102,700fba86-341e-587a-8451-20c5c5186e83,이드(eid),용산구,미상,"서울특별시 용산구 우사단로10길 15, 1층 (이태원동)",https://map.naver.com/p/search/%EC%9D%B4%EB%93%9C%28eid%29%20%EC%9A%A9%EC%82%B0%EA%B5%AC,모름,,,,,,,
103,48268042-6ee6-51a4-aef4-a96df966652f,자이카(ZAIQA),용산구,미상,"서울특별시 용산구 우사단로10길 11, 지1층,1층 (이태원동)",https://map.naver.com/p/search/%EC%9E%90%EC%9D%B4%EC%B9%B4%28ZAIQA%29%20%EC%9A%A9%EC%82%B0%EA%B5%AC,모름,,,,,,,
104,222db06f-40fa-59f4-b7d5-d4f049801091,케르반레스토랑,용산구,미상,"서울특별시 용산구 이태원로 192, 1층 (이태원동)",https://map.naver.com/p/search/%EC%BC%80%EB%A5%B4%EB%B0%98%EB%A0%88%EC%8A%A4%ED%86%A0%EB%9E%91%20%EC%9A%A9%EC%82%B0%EA%B5%AC,모름,,,,,,,
105,cac4e4a8-b53e-5a3d-8105-ccaba53bff98,테이블포포,용산구,미상,서울특별시 용산구 대사관로31길 25-12 (한남동),https://map.naver.com/p/search/%ED%85%8C%EC%9D%B4%EB%B8%94%ED%8F%AC%ED%8F%AC%20%EC%9A%A9%EC%82%B0%EA%B5%AC,모름,,,,,,,
106,67290a4b-7187-5716-a127-986f0469c6de,하지,용산구,미상,"서울특별시 용산구 우사단로10길 39, 1층 (한남동)",https://map.naver.com/p/search/%ED%95%98%EC%A7%80%20%EC%9A%A9%EC%82%B0%EA%B5%AC,모름,,,,,,,
107,d25955d0-841e-5c39-ac14-716354c375e1,비건인사,종로구,미상,"서울특별시 종로구 삼일대로32가길 12-4, 1층 (익선동)",https://map.naver.com/p/search/%EB%B9%84%EA%B1%B4%EC%9D%B8%EC%82%AC%20%EC%A2%85%EB%A1%9C%EA%B5%AC,모름,,,,,,,
108,59c8edb5-d41e-5687-a48a-3a11a85353fd,마일스톤 커피,강남구,카페디저트,서울특별시 강남구 논현로159길 49 (신사동),https://map.naver.com/p/search/%EB%A7%88%EC%9D%BC%EC%8A%A4%ED%86%A4%20%EC%BB%A4%ED%94%BC%20%EA%B0%95%EB%82%A8%EA%B5%AC,모름,,,,,,,
109,937ece14-e06a-5a66-9977-1e1b9db41537,빈브라더스 합정,마포구,카페디저트,서울특별시 마포구 토정로 35-1 (합정동),https://map.naver.com/p/search/%EB%B9%88%EB%B8%8C%EB%9D%BC%EB%8D%94%EC%8A%A4%20%ED%95%A9%EC%A0%95%20%EB%A7%88%ED%8F%AC%EA%B5%AC,모름,,,,,,,
110,8440e776-edec-579b-94e3-dce8d9f450ce,어반플랜트 합정,마포구,카페디저트,서울특별시 마포구 독막로4길 3 (합정동),https://map.naver.com/p/search/%EC%96%B4%EB%B0%98%ED%94%8C%EB%9E%9C%ED%8A%B8%20%ED%95%A9%EC%A0%95%20%EB%A7%88%ED%8F%AC%EA%B5%AC,모름,,,,,,,
111,b4f7cc07-5645-5a25-97c4-bce9607b438a,파롤앤랑그,마포구,카페디저트,서울특별시 마포구 성미산로29안길 8 (연남동),https://map.naver.com/p/search/%ED%8C%8C%EB%A1%A4%EC%95%A4%EB%9E%91%EA%B7%B8%20%EB%A7%88%ED%8F%AC%EA%B5%AC,모름,,,,,,,
112,0d453468-b811-5949-b364-988c79f1217f,포포브레드,마포구,카페디저트,서울특별시 마포구 동교로18길 13 (서교동),https://map.naver.com/p/search/%ED%8F%AC%ED%8F%AC%EB%B8%8C%EB%A0%88%EB%93%9C%20%EB%A7%88%ED%8F%AC%EA%B5%AC,모름,,,,,,,
113,02681d57-8e09-52a6-9a3a-36c337dc6ee3,피오니,마포구,카페디저트,서울특별시 마포구 독막로7길 51 (서교동),https://map.naver.com/p/search/%ED%94%BC%EC%98%A4%EB%8B%88%20%EB%A7%88%ED%8F%AC%EA%B5%AC,모름,,,,,,,
114,d52c0f41-a132-5cab-9cf3-00c6816c9fe2,5to7,성동구,카페디저트,서울특별시 성동구 서울숲2길 44-13 (성수동1가),https://map.naver.com/p/search/5to7%20%EC%84%B1%EB%8F%99%EA%B5%AC,모름,,,,,,,
115,bd19d33d-70c0-5c1d-b0f0-ce0d3729cb8a,구펠,성동구,카페디저트,서울특별시 성동구 왕십리로14길 30-1 (성수동1가),https://map.naver.com/p/search/%EA%B5%AC%ED%8E%A0%20%EC%84%B1%EB%8F%99%EA%B5%AC,모름,,,,,,,
116,6926d5e5-114c-5b3a-a5aa-7237a17fd6fa,그라데이션커피,성동구,카페디저트,서울특별시 성동구 상원12길 24-1 (성수동1가),https://map.naver.com/p/search/%EA%B7%B8%EB%9D%BC%EB%8D%B0%EC%9D%B4%EC%85%98%EC%BB%A4%ED%94%BC%20%EC%84%B1%EB%8F%99%EA%B5%AC,모름,,,,,,,
117,eea505ea-302b-505e-9f09-88aa251ce98e,단일서울,성동구,카페디저트,서울특별시 성동구 왕십리로 66-33 (성수동1가),https://map.naver.com/p/search/%EB%8B%A8%EC%9D%BC%EC%84%9C%EC%9A%B8%20%EC%84%B1%EB%8F%99%EA%B5%AC,모름,,,,,,,
118,fd105aa2-f8e3-5686-b66c-42298f7db9b1,로와이드(LOWIDE),성동구,카페디저트,서울특별시 성동구 서울숲2길 22-1 (성수동1가),https://map.naver.com/p/search/%EB%A1%9C%EC%99%80%EC%9D%B4%EB%93%9C%28LOWIDE%29%20%EC%84%B1%EB%8F%99%EA%B5%AC,모름,,,,,,,
119,2dac5b98-44b3-58de-b67b-799fd5acaa74,로우키,성동구,카페디저트,서울특별시 성동구 연무장3길 6 (성수동2가),https://map.naver.com/p/search/%EB%A1%9C%EC%9A%B0%ED%82%A4%20%EC%84%B1%EB%8F%99%EA%B5%AC,모름,,,,,,,
120,04acd5ac-df62-5886-b5de-55e5e20c7588,리커버리커피바,성동구,카페디저트,서울특별시 성동구 왕십리로16가길 10 (성수동1가),https://map.naver.com/p/search/%EB%A6%AC%EC%BB%A4%EB%B2%84%EB%A6%AC%EC%BB%A4%ED%94%BC%EB%B0%94%20%EC%84%B1%EB%8F%99%EA%B5%AC,모름,,,,,,,
121,86f7ae75-c413-5b38-8636-1bbefa7304aa,마를리,성동구,카페디저트,서울특별시 성동구 연무장길 47 (성수동2가),https://map.naver.com/p/search/%EB%A7%88%EB%A5%BC%EB%A6%AC%20%EC%84%B1%EB%8F%99%EA%B5%AC,모름,,,,,,,
122,d5996ba1-12c5-5d9f-9323-97d4d2e9df3b,무브모브,성동구,카페디저트,서울특별시 성동구 성수일로 56 (성수동2가),https://map.naver.com/p/search/%EB%AC%B4%EB%B8%8C%EB%AA%A8%EB%B8%8C%20%EC%84%B1%EB%8F%99%EA%B5%AC,모름,,,,,,,
123,da264dbb-41d2-5e5a-b31b-6144122518d5,백야드빌더성수,성동구,카페디저트,서울특별시 성동구 광나루로 152 (성수동1가),https://map.naver.com/p/search/%EB%B0%B1%EC%95%BC%EB%93%9C%EB%B9%8C%EB%8D%94%EC%84%B1%EC%88%98%20%EC%84%B1%EB%8F%99%EA%B5%AC,모름,,,,,,,
124,121adffd-b804-5ce8-824e-b8d7cbff8d89,베티버,성동구,카페디저트,서울특별시 성동구 성덕정11길 18 (성수동2가),https://map.naver.com/p/search/%EB%B2%A0%ED%8B%B0%EB%B2%84%20%EC%84%B1%EB%8F%99%EA%B5%AC,모름,,,,,,,
125,3229df15-f330-5368-a6d4-4b9fce34c445,브로벨커피,성동구,카페디저트,서울특별시 성동구 뚝섬로 413 (성수동2가),https://map.naver.com/p/search/%EB%B8%8C%EB%A1%9C%EB%B2%A8%EC%BB%A4%ED%94%BC%20%EC%84%B1%EB%8F%99%EA%B5%AC,모름,,,,,,,
126,5c413c6b-5b0b-5246-8d2f-06fd1809e66a,뺑드에코,성동구,카페디저트,서울특별시 성동구 성수일로 20 (성수동1가),https://map.naver.com/p/search/%EB%BA%91%EB%93%9C%EC%97%90%EC%BD%94%20%EC%84%B1%EB%8F%99%EA%B5%AC,모름,,,,,,,
127,bf0b3792-6f45-5e08-a272-ad7faf9f8207,성수베이킹스튜디오,성동구,카페디저트,서울특별시 성동구 서울숲2길 46 (성수동1가),https://map.naver.com/p/search/%EC%84%B1%EC%88%98%EB%B2%A0%EC%9D%B4%ED%82%B9%EC%8A%A4%ED%8A%9C%EB%94%94%EC%98%A4%20%EC%84%B1%EB%8F%99%EA%B5%AC,모름,,,,,,,
128,4bf597ef-305e-579e-90d7-a9c236983257,성수지앵협동조합,성동구,카페디저트,서울특별시 성동구 왕십리로 101 (성수동1가),https://map.naver.com/p/search/%EC%84%B1%EC%88%98%EC%A7%80%EC%95%B5%ED%98%91%EB%8F%99%EC%A1%B0%ED%95%A9%20%EC%84%B1%EB%8F%99%EA%B5%AC,모름,,,,,,,
129,49f7b312-2d4c-58f6-b11a-a8edc98b6ffe,어니언 성수,성동구,카페디저트,서울특별시 성동구 아차산로9길 8 (성수동2가),https://map.naver.com/p/search/%EC%96%B4%EB%8B%88%EC%96%B8%20%EC%84%B1%EC%88%98%20%EC%84%B1%EB%8F%99%EA%B5%AC,모름,,,,,,,
130,a56230e0-5848-5285-945a-c28ca4a85f34,어페어커피,성동구,카페디저트,서울특별시 성동구 성수이로6길 11 (성수동2가),https://map.naver.com/p/search/%EC%96%B4%ED%8E%98%EC%96%B4%EC%BB%A4%ED%94%BC%20%EC%84%B1%EB%8F%99%EA%B5%AC,모름,,,,,,,
131,5aaa5013-aba9-5131-8d2e-986c4aba36cd,업사이드커피,성동구,카페디저트,서울특별시 성동구 연무장13길 3 (성수동2가),https://map.naver.com/p/search/%EC%97%85%EC%82%AC%EC%9D%B4%EB%93%9C%EC%BB%A4%ED%94%BC%20%EC%84%B1%EB%8F%99%EA%B5%AC,모름,,,,,,,
132,065c8d24-7ca9-5169-a3ff-48fc657422d3,에르제 성수,성동구,카페디저트,서울특별시 성동구 아차산로 135 (성수동2가),https://map.naver.com/p/search/%EC%97%90%EB%A5%B4%EC%A0%9C%20%EC%84%B1%EC%88%98%20%EC%84%B1%EB%8F%99%EA%B5%AC,모름,,,,,,,
133,75d59feb-a194-512a-9e18-9fcea0915364,에이치커피로스터스,성동구,카페디저트,서울특별시 성동구 성수일로11길 10 (성수동1가),https://map.naver.com/p/search/%EC%97%90%EC%9D%B4%EC%B9%98%EC%BB%A4%ED%94%BC%EB%A1%9C%EC%8A%A4%ED%84%B0%EC%8A%A4%20%EC%84%B1%EB%8F%99%EA%B5%AC,모름,,,,,,,
134,00915ee2-57d3-5146-83c7-ce9d8b7f3328,에이투비 Cafe&Bar,성동구,카페디저트,서울특별시 성동구 아차산로 135 (성수동2가),https://map.naver.com/p/search/%EC%97%90%EC%9D%B4%ED%88%AC%EB%B9%84%20Cafe%26Bar%20%EC%84%B1%EB%8F%99%EA%B5%AC,모름,,,,,,,
135,4362d51c-bf8c-5d48-9443-9fe4f55c02a3,오버도즈도넛앤커피,성동구,카페디저트,서울특별시 성동구 왕십리로10길 19 (성수동1가),https://map.naver.com/p/search/%EC%98%A4%EB%B2%84%EB%8F%84%EC%A6%88%EB%8F%84%EB%84%9B%EC%95%A4%EC%BB%A4%ED%94%BC%20%EC%84%B1%EB%8F%99%EA%B5%AC,모름,,,,,,,
136,70d4e348-b733-51b0-a3ff-1c4a5a772b71,옹근달,성동구,카페디저트,서울특별시 성동구 성수이로7길 41-1 (성수동2가),https://map.naver.com/p/search/%EC%98%B9%EA%B7%BC%EB%8B%AC%20%EC%84%B1%EB%8F%99%EA%B5%AC,모름,,,,,,,
137,321c9a0d-4979-5b92-80de-e735846f11a5,유즈풀 아뜰리에,성동구,카페디저트,서울특별시 성동구 서울숲2길 18-8 (성수동1가),https://map.naver.com/p/search/%EC%9C%A0%EC%A6%88%ED%92%80%20%EC%95%84%EB%9C%B0%EB%A6%AC%EC%97%90%20%EC%84%B1%EB%8F%99%EA%B5%AC,모름,,,,,,,
138,7553ca96-7815-50d6-affc-87caaceeb341,치카성수,성동구,카페디저트,서울특별시 성동구 뚝섬로1가길 14 (성수동1가),https://map.naver.com/p/search/%EC%B9%98%EC%B9%B4%EC%84%B1%EC%88%98%20%EC%84%B1%EB%8F%99%EA%B5%AC,모름,,,,,,,
139,621c0f68-03ea-5b03-a2e5-5fb0cda7c7ce,카페 차 성수점,성동구,카페디저트,서울특별시 성동구 서울숲6길 2 (성수동1가),https://map.naver.com/p/search/%EC%B9%B4%ED%8E%98%20%EC%B0%A8%20%EC%84%B1%EC%88%98%EC%A0%90%20%EC%84%B1%EB%8F%99%EA%B5%AC,모름,,,,,,,
140,4d8266ee-b595-55b4-ad46-b80a18333368,폴인레미유,성동구,카페디저트,서울특별시 성동구 왕십리로14길 34-8 (성수동1가),https://map.naver.com/p/search/%ED%8F%B4%EC%9D%B8%EB%A0%88%EB%AF%B8%EC%9C%A0%20%EC%84%B1%EB%8F%99%EA%B5%AC,모름,,,,,,,
141,cd6287a4-a8b9-541b-ab0e-3c491121cd17,플래드카페 서울숲,성동구,카페디저트,서울특별시 성동구 서울숲2길 12-7 (성수동1가),https://map.naver.com/p/search/%ED%94%8C%EB%9E%98%EB%93%9C%EC%B9%B4%ED%8E%98%20%EC%84%9C%EC%9A%B8%EC%88%B2%20%EC%84%B1%EB%8F%99%EA%B5%AC,모름,,,,,,,
142,b3897193-78cc-5bee-a2e1-bc1d88489c61,피어커피,성동구,카페디저트,서울특별시 성동구 광나루로4가길 24 (성수동2가),https://map.naver.com/p/search/%ED%94%BC%EC%96%B4%EC%BB%A4%ED%94%BC%20%EC%84%B1%EB%8F%99%EA%B5%AC,모름,,,,,,,
143,4d212c58-7cb0-569f-9df7-737cfdf0e7bf,알페도,용산구,카페디저트,서울특별시 용산구 이태원로 174 (이태원동),https://map.naver.com/p/search/%EC%95%8C%ED%8E%98%EB%8F%84%20%EC%9A%A9%EC%82%B0%EA%B5%AC,모름,,,,,,,
144,4a3d7b94-8356-53ee-832e-9c21c9c07d53,케르반 카페,용산구,카페디저트,"서울특별시 용산구 우사단로10길 17, 1층 (이태원동)",https://map.naver.com/p/search/%EC%BC%80%EB%A5%B4%EB%B0%98%20%EC%B9%B4%ED%8E%98%20%EC%9A%A9%EC%82%B0%EA%B5%AC,모름,,,,,,,
145,4350262c-b8db-5aa8-89c0-96205c3ba9b8,가담,강남구,중식,서울특별시 강남구 언주로167길 35 (신사동),https://map.naver.com/p/search/%EA%B0%80%EB%8B%B4%20%EA%B0%95%EB%82%A8%EA%B5%AC,모름,,,,,,,
146,0afe6580-9b0a-553c-ab36-cd44653753f4,골드피쉬 딤섬퀴진,강남구,중식,서울특별시 강남구 압구정로48길 35 (신사동),https://map.naver.com/p/search/%EA%B3%A8%EB%93%9C%ED%94%BC%EC%89%AC%20%EB%94%A4%EC%84%AC%ED%80%B4%EC%A7%84%20%EA%B0%95%EB%82%A8%EA%B5%AC,모름,,,,,,,
147,253e1e10-1852-57da-80a1-8c12571e4c4c,김북순큰남비집 신사본점,강남구,한식,"서울특별시 강남구 압구정로2길 15 (신사동, 신사아이빌)",https://map.naver.com/p/search/%EA%B9%80%EB%B6%81%EC%88%9C%ED%81%B0%EB%82%A8%EB%B9%84%EC%A7%91%20%EC%8B%A0%EC%82%AC%EB%B3%B8%EC%A0%90%20%EA%B0%95%EB%82%A8%EA%B5%AC,모름,,,,,,,
148,0e5db949-c537-5233-9984-10f5b3588ec7,덕후선생,강남구,중식,서울특별시 강남구 선릉로 822 (청담동),https://map.naver.com/p/search/%EB%8D%95%ED%9B%84%EC%84%A0%EC%83%9D%20%EA%B0%95%EB%82%A8%EA%B5%AC,모름,,,,,,,
149,1eeda483-c1a1-545e-b3f3-f8b462717bc1,도원스타일,강남구,중식,서울특별시 강남구 압구정로 165,https://map.naver.com/p/search/%EB%8F%84%EC%9B%90%EC%8A%A4%ED%83%80%EC%9D%BC%20%EA%B0%95%EB%82%A8%EA%B5%AC,모름,,,,,,,
150,530269cf-c31c-5dd7-b858-995251556291,뜨락,강남구,한식,서울특별시 강남구 영동대로142길 13-3 (청담동),https://map.naver.com/p/search/%EB%9C%A8%EB%9D%BD%20%EA%B0%95%EB%82%A8%EA%B5%AC,모름,,,,,,,
151,4cf970dd-d9ae-5ea0-9c68-70e8d2d6e806,마오 청담동점,강남구,중식,서울특별시 강남구 도산대로56길 17 (청담동),https://map.naver.com/p/search/%EB%A7%88%EC%98%A4%20%EC%B2%AD%EB%8B%B4%EB%8F%99%EC%A0%90%20%EA%B0%95%EB%82%A8%EA%B5%AC,모름,,,,,,,
152,cd409b43-41e5-52df-a865-48a2a65cc554,몽중헌 청담점,강남구,중식,서울특별시 강남구 도산대로 445 (청담동),https://map.naver.com/p/search/%EB%AA%BD%EC%A4%91%ED%97%8C%20%EC%B2%AD%EB%8B%B4%EC%A0%90%20%EA%B0%95%EB%82%A8%EA%B5%AC,모름,,,,,,,
153,2a01ad34-acf1-55c5-b609-b795bcc24741,바랗,강남구,한식,서울특별시 강남구 도산대로 309 (신사동),https://map.naver.com/p/search/%EB%B0%94%EB%9E%97%20%EA%B0%95%EB%82%A8%EA%B5%AC,모름,,,,,,,
154,7d512cb4-d241-5b22-827a-3e973e010a53,보보식당,강남구,중식,서울특별시 강남구 언주로174길 30 (신사동),https://map.naver.com/p/search/%EB%B3%B4%EB%B3%B4%EC%8B%9D%EB%8B%B9%20%EA%B0%95%EB%82%A8%EA%B5%AC,모름,,,,,,,
155,f361ba4a-fce7-543d-80fc-624184a02478,스케줄청담,강남구,한식,서울특별시 강남구 선릉로152길 37 (청담동),https://map.naver.com/p/search/%EC%8A%A4%EC%BC%80%EC%A4%84%EC%B2%AD%EB%8B%B4%20%EA%B0%95%EB%82%A8%EA%B5%AC,모름,,,,,,,
156,6f1ea788-16f8-5f6f-9191-81bfb25ea5e8,압구정곱창,강남구,한식,서울특별시 강남구 압구정로42길 25-8 (신사동),https://map.naver.com/p/search/%EC%95%95%EA%B5%AC%EC%A0%95%EA%B3%B1%EC%B0%BD%20%EA%B0%95%EB%82%A8%EA%B5%AC,모름,,,,,,,
157,abfde189-d28b-54ce-beb1-b8d923464718,압구정면옥,강남구,한식,서울특별시 강남구 압구정로30길 16 (신사동),https://map.naver.com/p/search/%EC%95%95%EA%B5%AC%EC%A0%95%EB%A9%B4%EC%98%A5%20%EA%B0%95%EB%82%A8%EA%B5%AC,모름,,,,,,,
158,9c894c9d-e26c-58e1-b0d4-b83b7146bd6d,옛날집,강남구,한식,서울특별시 강남구 선릉로148길 38 (청담동),https://map.naver.com/p/search/%EC%98%9B%EB%82%A0%EC%A7%91%20%EA%B0%95%EB%82%A8%EA%B5%AC,모름,,,,,,,
159,3e855e25-b669-5831-b042-0cc10bc0e42b,오미가,강남구,한식,서울특별시 강남구 논현로 833 (신사동),https://map.naver.com/p/search/%EC%98%A4%EB%AF%B8%EA%B0%80%20%EA%B0%95%EB%82%A8%EA%B5%AC,모름,,,,,,,
160,ba430602-08bd-5630-9f8a-20f5c6f092a5,우텐더,강남구,한식,서울특별시 강남구 압구정로42길 25-10,https://map.naver.com/p/search/%EC%9A%B0%ED%85%90%EB%8D%94%20%EA%B0%95%EB%82%A8%EA%B5%AC,모름,,,,,,,
161,d039bfc4-deac-54ae-9f35-67ef5e38bd92,웍셔너리,강남구,중식,서울특별시 강남구 도산대로53길 12 (신사동),https://map.naver.com/p/search/%EC%9B%8D%EC%85%94%EB%84%88%EB%A6%AC%20%EA%B0%95%EB%82%A8%EA%B5%AC,모름,,,,,,,
162,747aa713-18cf-515b-9cf1-ec546c0597c9,청담25,강남구,한식,서울특별시 강남구 압구정로79길 32,https://map.naver.com/p/search/%EC%B2%AD%EB%8B%B425%20%EA%B0%95%EB%82%A8%EA%B5%AC,모름,,,,,,,
163,5c213ddd-d37a-5faa-8d57-558eaec46bf6,함흥면옥 압구정점,강남구,한식,서울특별시 강남구 논현로 826 (신사동),https://map.naver.com/p/search/%ED%95%A8%ED%9D%A5%EB%A9%B4%EC%98%A5%20%EC%95%95%EA%B5%AC%EC%A0%95%EC%A0%90%20%EA%B0%95%EB%82%A8%EA%B5%AC,모름,,,,,,,
164,2a8437f7-f431-5e35-a1d4-5532ac482f51,호족반 청담,강남구,한식,서울특별시 강남구 언주로164길 39 (신사동),https://map.naver.com/p/search/%ED%98%B8%EC%A1%B1%EB%B0%98%20%EC%B2%AD%EB%8B%B4%20%EA%B0%95%EB%82%A8%EA%B5%AC,모름,,,,,,,
165,472eec51-b6b7-5a98-983b-4353af3d31b5,감나무집기사식당,마포구,한식,서울특별시 마포구 연남로 25 (연남동),https://map.naver.com/p/search/%EA%B0%90%EB%82%98%EB%AC%B4%EC%A7%91%EA%B8%B0%EC%82%AC%EC%8B%9D%EB%8B%B9%20%EB%A7%88%ED%8F%AC%EA%B5%AC,모름,,,,,,,
166,4262bff9-8ab0-5f1d-96e0-56e7060e43b2,바다회사랑,마포구,한식,서울특별시 마포구 동교로27길 60 (연남동),https://map.naver.com/p/search/%EB%B0%94%EB%8B%A4%ED%9A%8C%EC%82%AC%EB%9E%91%20%EB%A7%88%ED%8F%AC%EA%B5%AC,모름,,,,,,,
167,b9678960-2da0-53e0-a692-df6e4f6925e0,베이스캠프,마포구,한식,서울특별시 마포구 잔다리로3안길 21 (서교동),https://map.naver.com/p/search/%EB%B2%A0%EC%9D%B4%EC%8A%A4%EC%BA%A0%ED%94%84%20%EB%A7%88%ED%8F%AC%EA%B5%AC,모름,,,,,,,
168,21bbec7c-70ad-5cc7-bf95-916682a9a5bd,소이연남,마포구,한식,서울특별시 마포구 동교로 267 (연남동),https://map.naver.com/p/search/%EC%86%8C%EC%9D%B4%EC%97%B0%EB%82%A8%20%EB%A7%88%ED%8F%AC%EA%B5%AC,모름,,,,,,,
169,9070cf40-a571-549f-9504-76eeb7907f5a,스시겐,마포구,한식,서울특별시 마포구 양화로7길 6-12 (서교동),https://map.naver.com/p/search/%EC%8A%A4%EC%8B%9C%EA%B2%90%20%EB%A7%88%ED%8F%AC%EA%B5%AC,모름,,,,,,,
170,ee57d564-def5-5ff4-9ce4-c3ae84b0e202,옥동식,마포구,한식,"서울특별시 마포구 양화로7길 44-10 (서교동, 3차신도빌라)",https://map.naver.com/p/search/%EC%98%A5%EB%8F%99%EC%8B%9D%20%EB%A7%88%ED%8F%AC%EA%B5%AC,모름,,,,,,,
171,1581e052-b818-59bc-86b5-a1f929280f4d,일등식당,마포구,한식,서울특별시 마포구 방울내로 82 (망원동),https://map.naver.com/p/search/%EC%9D%BC%EB%93%B1%EC%8B%9D%EB%8B%B9%20%EB%A7%88%ED%8F%AC%EA%B5%AC,모름,,,,,,,
172,7b7af346-1722-5b9b-945d-b7600ac790e8,진평925,마포구,한식,서울특별시 마포구 망원로 87 (망원동),https://map.naver.com/p/search/%EC%A7%84%ED%8F%89925%20%EB%A7%88%ED%8F%AC%EA%B5%AC,모름,,,,,,,
173,1cc154dd-3e33-5918-ade9-7b13b48c83d5,청아라 생선구이,마포구,한식,서울특별시 마포구 망원로 52,https://map.naver.com/p/search/%EC%B2%AD%EC%95%84%EB%9D%BC%20%EC%83%9D%EC%84%A0%EA%B5%AC%EC%9D%B4%20%EB%A7%88%ED%8F%AC%EA%B5%AC,모름,,,,,,,
174,c850d456-94c6-5fb0-b868-e14a8b981b86,핑크솔트 숯불구이,마포구,한식,서울특별시 마포구 양화로 16 (합정동),https://map.naver.com/p/search/%ED%95%91%ED%81%AC%EC%86%94%ED%8A%B8%20%EC%88%AF%EB%B6%88%EA%B5%AC%EC%9D%B4%20%EB%A7%88%ED%8F%AC%EA%B5%AC,모름,,,,,,,
175,4029faac-addd-5c63-9624-8ebf15df95e0,한강껍데기,마포구,한식,서울특별시 마포구 망원로 48-1 (망원동),https://map.naver.com/p/search/%ED%95%9C%EA%B0%95%EA%BB%8D%EB%8D%B0%EA%B8%B0%20%EB%A7%88%ED%8F%AC%EA%B5%AC,모름,,,,,,,
176,fe5fdee0-fb7e-53e7-8e85-989adc4b6cce,합정옥,마포구,한식,서울특별시 마포구 양화로1길 21 (합정동),https://map.naver.com/p/search/%ED%95%A9%EC%A0%95%EC%98%A5%20%EB%A7%88%ED%8F%AC%EA%B5%AC,모름,,,,,,,
177,46949b75-3e41-5661-b511-bafd8da6ad27,계월,성동구,한식,서울특별시 성동구 성덕정3길 8 (성수동1가),https://map.naver.com/p/search/%EA%B3%84%EC%9B%94%20%EC%84%B1%EB%8F%99%EA%B5%AC,모름,,,,,,,
178,058cb44e-0ff2-58ea-b433-4cd78b250814,꾸아 성수점,성동구,기타,서울특별시 성동구 왕십리로 94-2 (성수동1가),https://map.naver.com/p/search/%EA%BE%B8%EC%95%84%20%EC%84%B1%EC%88%98%EC%A0%90%20%EC%84%B1%EB%8F%99%EA%B5%AC,모름,,,,,,,
179,040cfad1-f619-5390-a1aa-e59af250548e,난포,성동구,한식,서울특별시 성동구 서울숲4길 18-8 (성수동1가),https://map.naver.com/p/search/%EB%82%9C%ED%8F%AC%20%EC%84%B1%EB%8F%99%EA%B5%AC,모름,,,,,,,
180,12ee86fa-b72f-543f-894b-b276d21f591e,대성갈비,성동구,한식,서울특별시 성동구 상원1길 26 (성수동1가),https://map.naver.com/p/search/%EB%8C%80%EC%84%B1%EA%B0%88%EB%B9%84%20%EC%84%B1%EB%8F%99%EA%B5%AC,모름,,,,,,,
181,56c6bd13-cf7d-510d-9208-5af3de613e83,뚝도지기,성동구,한식,서울특별시 성동구 성수이로 30-4 (성수동2가),https://map.naver.com/p/search/%EB%9A%9D%EB%8F%84%EC%A7%80%EA%B8%B0%20%EC%84%B1%EB%8F%99%EA%B5%AC,모름,,,,,,,
182,ae63f3f1-bb9c-5fe6-95ae-48c97a0fce6c,라온석갈비,성동구,한식,서울특별시 성동구 성수이로 119 (성수동2가),https://map.naver.com/p/search/%EB%9D%BC%EC%98%A8%EC%84%9D%EA%B0%88%EB%B9%84%20%EC%84%B1%EB%8F%99%EA%B5%AC,모름,,,,,,,
183,3e04b6e3-fcf2-5279-9b15-a30dfdb4386e,마하차이 성수본점,성동구,기타,서울특별시 성동구 뚝섬로 399 (성수동2가),https://map.naver.com/p/search/%EB%A7%88%ED%95%98%EC%B0%A8%EC%9D%B4%20%EC%84%B1%EC%88%98%EB%B3%B8%EC%A0%90%20%EC%84%B1%EB%8F%99%EA%B5%AC,모름,,,,,,,
184,816e9d8e-17f9-5148-b9da-64921b1c0cb4,문츠 바베큐,성동구,한식,서울특별시 성동구 상원1길 22 (성수동1가),https://map.naver.com/p/search/%EB%AC%B8%EC%B8%A0%20%EB%B0%94%EB%B2%A0%ED%81%90%20%EC%84%B1%EB%8F%99%EA%B5%AC,모름,,,,,,,
185,029ea3a1-e9dd-5ad3-bfd3-7745972c8290,바다화원 본점,성동구,한식,서울특별시 성동구 상원4길 6-1 (성수동1가),https://map.naver.com/p/search/%EB%B0%94%EB%8B%A4%ED%99%94%EC%9B%90%20%EB%B3%B8%EC%A0%90%20%EC%84%B1%EB%8F%99%EA%B5%AC,모름,,,,,,,
186,1524c08f-502f-5759-8b63-bc15c9f11bb1,비사벌 전주 콩나물 국밥,성동구,한식,서울특별시 성동구 왕십리로6길 1-2 (성수동1가),https://map.naver.com/p/search/%EB%B9%84%EC%82%AC%EB%B2%8C%20%EC%A0%84%EC%A3%BC%20%EC%BD%A9%EB%82%98%EB%AC%BC%20%EA%B5%AD%EB%B0%A5%20%EC%84%B1%EB%8F%99%EA%B5%AC,모름,,,,,,,
187,a8a6fbac-2fa2-5293-a452-b9c7d92ac9d2,성수노루,성동구,한식,서울특별시 성동구 아차산로 110 (성수동2가),https://map.naver.com/p/search/%EC%84%B1%EC%88%98%EB%85%B8%EB%A3%A8%20%EC%84%B1%EB%8F%99%EA%B5%AC,모름,,,,,,,
188,30d9b4b7-64e5-58a4-a849-78482c8a8020,성수부두,성동구,한식,서울특별시 성동구 연무장길 41-26 (성수동2가),https://map.naver.com/p/search/%EC%84%B1%EC%88%98%EB%B6%80%EB%91%90%20%EC%84%B1%EB%8F%99%EA%B5%AC,모름,,,,,,,
189,1fdfdd96-aa2c-5070-87ea-6ebf8246bceb,성수일미락,성동구,한식,서울특별시 성동구 상원6나길 22-20 (성수동1가),https://map.naver.com/p/search/%EC%84%B1%EC%88%98%EC%9D%BC%EB%AF%B8%EB%9D%BD%20%EC%84%B1%EB%8F%99%EA%B5%AC,모름,,,,,,,
190,202ca6af-6827-5654-b933-29feed78cb71,성수족발,성동구,한식,서울특별시 성동구 아차산로7길 7 (성수동2가),https://map.naver.com/p/search/%EC%84%B1%EC%88%98%EC%A1%B1%EB%B0%9C%20%EC%84%B1%EB%8F%99%EA%B5%AC,모름,,,,,,,
191,ca47609b-3873-5061-bf54-bb0dd86e431b,성일정육점식당,성동구,한식,서울특별시 성동구 아차산로3길 9 (성수동1가),https://map.naver.com/p/search/%EC%84%B1%EC%9D%BC%EC%A0%95%EC%9C%A1%EC%A0%90%EC%8B%9D%EB%8B%B9%20%EC%84%B1%EB%8F%99%EA%B5%AC,모름,,,,,,,
192,297462bf-0990-5d1a-9bf1-8d96d94906b4,소인수서울,성동구,한식,서울특별시 성동구 왕십리로 136 (성수동1가),https://map.naver.com/p/search/%EC%86%8C%EC%9D%B8%EC%88%98%EC%84%9C%EC%9A%B8%20%EC%84%B1%EB%8F%99%EA%B5%AC,모름,,,,,,,
193,9269edeb-d0e1-5574-aee4-8c79d1baf7ae,엘몰리노,성동구,기타,서울특별시 성동구 서울숲2길 19-18 (성수동1가),https://map.naver.com/p/search/%EC%97%98%EB%AA%B0%EB%A6%AC%EB%85%B8%20%EC%84%B1%EB%8F%99%EA%B5%AC,모름,,,,,,,
194,69348d85-56d0-54db-8b55-7be1a929545f,원기옥,성동구,한식,서울특별시 성동구 아차산로17길 48 (성수동2가),https://map.naver.com/p/search/%EC%9B%90%EA%B8%B0%EC%98%A5%20%EC%84%B1%EB%8F%99%EA%B5%AC,모름,,,,,,,
195,881f4655-be92-5d5f-ae88-293ae77e4cd1,이랑칼국수,성동구,한식,서울특별시 성동구 성수이로7길 7 (성수동2가),https://map.naver.com/p/search/%EC%9D%B4%EB%9E%91%EC%B9%BC%EA%B5%AD%EC%88%98%20%EC%84%B1%EB%8F%99%EA%B5%AC,모름,,,,,,,
196,39c8e195-b9b6-5e9a-bdcc-483991100904,일심정,성동구,한식,서울특별시 성동구 성수이로 127 (성수동2가),https://map.naver.com/p/search/%EC%9D%BC%EC%8B%AC%EC%A0%95%20%EC%84%B1%EB%8F%99%EA%B5%AC,모름,,,,,,,
197,e4592828-8383-557c-a83f-b2098d85a343,전자방,성동구,한식,서울특별시 성동구 성수일로12길 23 (성수동2가),https://map.naver.com/p/search/%EC%A0%84%EC%9E%90%EB%B0%A9%20%EC%84%B1%EB%8F%99%EA%B5%AC,모름,,,,,,,
198,2b17e100-d112-585c-8fc9-db526ebafaf4,죽변항,성동구,한식,서울특별시 성동구 상원길 40 (성수동1가),https://map.naver.com/p/search/%EC%A3%BD%EB%B3%80%ED%95%AD%20%EC%84%B1%EB%8F%99%EA%B5%AC,모름,,,,,,,
199,0cc78f85-4c98-5549-bd72-787c27ec2859,중앙감속기,성동구,중식,서울특별시 성동구 성수일로6길 7-1 (성수동2가),https://map.naver.com/p/search/%EC%A4%91%EC%95%99%EA%B0%90%EC%86%8D%EA%B8%B0%20%EC%84%B1%EB%8F%99%EA%B5%AC,모름,,,,,,,
200,f58892d1-3108-5ff3-aa78-b976a8ea7121,차이나플레인 서울숲점,성동구,중식,서울특별시 성동구 뚝섬로1길 25 (성수동1가),https://map.naver.com/p/search/%EC%B0%A8%EC%9D%B4%EB%82%98%ED%94%8C%EB%A0%88%EC%9D%B8%20%EC%84%9C%EC%9A%B8%EC%88%B2%EC%A0%90%20%EC%84%B1%EB%8F%99%EA%B5%AC,모름,,,,,,,
201,ff1a17e7-155c-55e2-b153-1d3ef247ad32,천하제일 솥뚜껑,성동구,한식,서울특별시 성동구 성수이로7길 27 (성수동2가),https://map.naver.com/p/search/%EC%B2%9C%ED%95%98%EC%A0%9C%EC%9D%BC%20%EC%86%A5%EB%9A%9C%EA%BB%91%20%EC%84%B1%EB%8F%99%EA%B5%AC,모름,,,,,,,
202,d5b2c912-48c4-584d-90c2-f9f5abf2234b,텐바,성동구,한식,서울특별시 성동구 연무장길 41-22 (성수동2가),https://map.naver.com/p/search/%ED%85%90%EB%B0%94%20%EC%84%B1%EB%8F%99%EA%B5%AC,모름,,,,,,,
203,105997fd-cbb5-507c-9ad7-1dfde6430e8b,팜티진쌀국수,성동구,기타,서울특별시 성동구 왕십리로 58 (성수동1가),https://map.naver.com/p/search/%ED%8C%9C%ED%8B%B0%EC%A7%84%EC%8C%80%EA%B5%AD%EC%88%98%20%EC%84%B1%EB%8F%99%EA%B5%AC,모름,,,,,,,
204,0c322d88-23b6-5be1-93b4-b54115a7df1c,호랑도,성동구,한식,서울특별시 성동구 성수이로 147 (성수동2가),https://map.naver.com/p/search/%ED%98%B8%EB%9E%91%EB%8F%84%20%EC%84%B1%EB%8F%99%EA%B5%AC,모름,,,,,,,
205,edba5575-fbb5-5335-835f-b53db2bcc3e6,훼미리손칼국수보쌈,성동구,한식,서울특별시 성동구 왕십리로 134 (성수동1가),https://map.naver.com/p/search/%ED%9B%BC%EB%AF%B8%EB%A6%AC%EC%86%90%EC%B9%BC%EA%B5%AD%EC%88%98%EB%B3%B4%EC%8C%88%20%EC%84%B1%EB%8F%99%EA%B5%AC,모름,,,,,,,
206,f3cd3970-ad46-56fd-a6b4-864cb2f00e96,공기(Gongi),용산구,한식,서울특별시 용산구 이태원로45길 4,https://map.naver.com/p/search/%EA%B3%B5%EA%B8%B0%28Gongi%29%20%EC%9A%A9%EC%82%B0%EA%B5%AC,모름,,,,,,,
207,8703cfa5-435d-5155-8faa-403edf7f4ff5,단비,용산구,한식,서울특별시 용산구 한남대로20길 21-12 (한남동),https://map.naver.com/p/search/%EB%8B%A8%EB%B9%84%20%EC%9A%A9%EC%82%B0%EA%B5%AC,모름,,,,,,,
208,bac17c9d-e74c-5167-a620-8a64fb70e561,미스터케밥,용산구,기타,서울특별시 용산구 이태원로 192 (이태원동),https://map.naver.com/p/search/%EB%AF%B8%EC%8A%A4%ED%84%B0%EC%BC%80%EB%B0%A5%20%EC%9A%A9%EC%82%B0%EA%B5%AC,모름,,,,,,,
209,60cfa2ab-9fa8-5bc8-8eb1-2d70b7748104,백년손님,용산구,한식,서울특별시 용산구 독서당로 23 (한남동),https://map.naver.com/p/search/%EB%B0%B1%EB%85%84%EC%86%90%EB%8B%98%20%EC%9A%A9%EC%82%B0%EA%B5%AC,모름,,,,,,,
210,540d259d-2dfc-518e-95fd-1b5e2a1debc9,술탄베이케밥,용산구,기타,"서울특별시 용산구 보광로 126 (이태원동, 127-28 지상1층)",https://map.naver.com/p/search/%EC%88%A0%ED%83%84%EB%B2%A0%EC%9D%B4%EC%BC%80%EB%B0%A5%20%EC%9A%A9%EC%82%B0%EA%B5%AC,모름,,,,,,,
211,c0e7733a-fac3-5d26-858c-12c0462197ba,쏭타이 본점,용산구,기타,서울특별시 용산구 이태원로20가길 7-2,https://map.naver.com/p/search/%EC%8F%AD%ED%83%80%EC%9D%B4%20%EB%B3%B8%EC%A0%90%20%EC%9A%A9%EC%82%B0%EA%B5%AC,모름,,,,,,,
212,34f128df-f2ff-5c10-a61e-fc74f98a02e8,오스테리아 오르조,용산구,한식,서울특별시 용산구 한남대로20길 47 (한남동),https://map.naver.com/p/search/%EC%98%A4%EC%8A%A4%ED%85%8C%EB%A6%AC%EC%95%84%20%EC%98%A4%EB%A5%B4%EC%A1%B0%20%EC%9A%A9%EC%82%B0%EA%B5%AC,모름,,,,,,,
213,2e18cc5b-bb68-57ed-bd2f-d5967a2fdaee,주사부,용산구,중식,서울특별시 용산구 이태원로 10,https://map.naver.com/p/search/%EC%A3%BC%EC%82%AC%EB%B6%80%20%EC%9A%A9%EC%82%B0%EA%B5%AC,모름,,,,,,,
214,7a159f04-9855-5c5f-97e4-97d5ef783126,중식당 청 한남점,용산구,중식,서울특별시 용산구 한남대로20길 47-24 (한남동),https://map.naver.com/p/search/%EC%A4%91%EC%8B%9D%EB%8B%B9%20%EC%B2%AD%20%ED%95%9C%EB%82%A8%EC%A0%90%20%EC%9A%A9%EC%82%B0%EA%B5%AC,모름,,,,,,,
215,78cac908-b1e9-5d12-916c-4c4fac85db9c,쥬에,용산구,중식,서울특별시 용산구 독서당로 124-7 (한남동),https://map.naver.com/p/search/%EC%A5%AC%EC%97%90%20%EC%9A%A9%EC%82%B0%EA%B5%AC,모름,,,,,,,
216,0d0b8c8c-7dc2-5534-8f50-c9640c5e9587,한남동감자탕,용산구,한식,서울특별시 용산구 대사관로 73 (한남동),https://map.naver.com/p/search/%ED%95%9C%EB%82%A8%EB%8F%99%EA%B0%90%EC%9E%90%ED%83%95%20%EC%9A%A9%EC%82%B0%EA%B5%AC,모름,,,,,,,
217,e2359d6f-2897-5abd-ac1f-6f7b8bfd130d,봉희설렁탕 본점,은평구,한식,서울특별시 은평구 증산로 413 (신사동),https://map.naver.com/p/search/%EB%B4%89%ED%9D%AC%EC%84%A4%EB%A0%81%ED%83%95%20%EB%B3%B8%EC%A0%90%20%EC%9D%80%ED%8F%89%EA%B5%AC,모름,,,,,,,
218,c9c4eefc-3f57-5649-ba93-bd3f4c216bc2,효면옥 신사본점,은평구,한식,서울특별시 은평구 증산로 429 (신사동),https://map.naver.com/p/search/%ED%9A%A8%EB%A9%B4%EC%98%A5%20%EC%8B%A0%EC%82%AC%EB%B3%B8%EC%A0%90%20%EC%9D%80%ED%8F%89%EA%B5%AC,모름,,,,,,,
