번호,원래 가게,원래 대표메뉴,원래 메뉴,후보 가게,후보 대표메뉴,후보 메뉴,[판정] 대체 가능 O/X
26930b3a-3faf7b2b,유림,토종닭볶음탕,능이토종닭백숙 / 능이한방오리 / 삼계탕 등,화목순대국,순대국,내장탕 / 순대탕 / 순대 등,
26930b3a-36bb9aff,유림,토종닭볶음탕,능이토종닭백숙 / 능이한방오리 / 삼계탕 등,원조닭한마리,닭한마리,닭도리탕 / 닭발 / 삼계탕 등,
26930b3a-5f00560e,유림,토종닭볶음탕,능이토종닭백숙 / 능이한방오리 / 삼계탕 등,능이버섯백숙,능이버섯삼계탕,능이버섯토종닭백숙 / 능이버섯오리백숙,
26930b3a-488b3eaf,유림,토종닭볶음탕,능이토종닭백숙 / 능이한방오리 / 삼계탕 등,미림산장,능이오리백숙,흑염소전골 / 오리로스 / 토종닭백숙 등,
26930b3a-d5cfa625,유림,토종닭볶음탕,능이토종닭백숙 / 능이한방오리 / 삼계탕 등,충무로부산복집,복지리,복매운탕 / 복지리 / 복샤브,
26930b3a-9961dbe0,유림,토종닭볶음탕,능이토종닭백숙 / 능이한방오리 / 삼계탕 등,한티옥,안동국시,안동국밥 / 양지국밥 / 곤드레비빔밥 등,
04acd5ac-54ecc18b,리커버리커피바,아메리카노,카페 라떼 / 만년설 / 호주식 카푸치노 등,니드스윗,아메리카노,바나나푸딩 / 리얼고구마 치즈케이크 / 피스타치오 레몬치즈케이크 등,
04acd5ac-fd105aa2,리커버리커피바,아메리카노,카페 라떼 / 만년설 / 호주식 카푸치노 등,로와이드(LOWIDE),로우 라떼,아메리카노 / 와이드 라떼 / 서머에이드 등,
04acd5ac-caeed7ed,리커버리커피바,아메리카노,카페 라떼 / 만년설 / 호주식 카푸치노 등,메쉬커피,아메리카노,카페라떼 / 카페라떼 / 커피쉐이크 등,
04acd5ac-6926d5e5,리커버리커피바,아메리카노,카페 라떼 / 만년설 / 호주식 카푸치노 등,그라데이션커피,오늘의 블랙커피,에스프레소 / 모카 / 샤케라또 등,
04acd5ac-80f0fad8,리커버리커피바,아메리카노,카페 라떼 / 만년설 / 호주식 카푸치노 등,크레이트커피,아메리카노,에스프레소 / 카푸치노 / 카카오크림라떼 등,
04acd5ac-4f21915c,리커버리커피바,아메리카노,카페 라떼 / 만년설 / 호주식 카푸치노 등,디자이너리 카페,아메리카노,얼그레이 라떼 / 순유유 케이크 / 라떼 아인슈페너 등,
65d89a82-c0df5e99,송쉐프,육즙돼지고기탕수육,어향동고 / 게살삼슬 / 옛날짬뽕 / 전가복 등,서래향,어향동고,등심 탕수육 / 동파육 / 해물 누룽지탕 등,
65d89a82-06ccbf4a,송쉐프,육즙돼지고기탕수육,어향동고 / 게살삼슬 / 옛날짬뽕 / 전가복 등,하오차이,코스요리,망치 탕수육 / 어향동고 / 게살 볶음밥 등,
65d89a82-f03ed1dd,송쉐프,육즙돼지고기탕수육,어향동고 / 게살삼슬 / 옛날짬뽕 / 전가복 등,금룡,차돌짬뽕,제육덮밥 / 게살볶음밥 / 등심탕수육 등,
65d89a82-17f6ccc7,송쉐프,육즙돼지고기탕수육,어향동고 / 게살삼슬 / 옛날짬뽕 / 전가복 등,다락정,김치만두전골,만두국 / 비지정식 / 불고기 / 모둠전 / 녹두지짐 등,
65d89a82-a6b71174,송쉐프,육즙돼지고기탕수육,어향동고 / 게살삼슬 / 옛날짬뽕 / 전가복 등,개성만두 궁,고기만두전골,김치만두전골 / 조랭이떡 만두국 / 가래떡 만두국 / 조랭이떡국 / 가래떡국 등,
65d89a82-cd409b43,송쉐프,육즙돼지고기탕수육,어향동고 / 게살삼슬 / 옛날짬뽕 / 전가복 등,몽중헌 청담점,시그니처 딤섬(구채교 / 하교),돼지고기 탕수육 / 유린기 / 짜장면 / 삼선짬뽕 등,
5c213ddd-3d5411a8,함흥면옥 압구정점,회냉면,비빔냉면 / 손만두 / 갈비탕 등,오복함흥냉면,회냉면,비빔냉면 / 물냉면 / 만두 등,
5c213ddd-40408a2c,함흥면옥 압구정점,회냉면,비빔냉면 / 손만두 / 갈비탕 등,쮸즈,소룡포,딴딴면 / 우육면 / 돼지고기완탕면 / 새우완탕면 / 사천식매운탕면(마라) 등,
5c213ddd-ad31b0f9,함흥면옥 압구정점,회냉면,비빔냉면 / 손만두 / 갈비탕 등,성민촌,해물국수전골,한우소고기 국수전골 / 소고기 국수전골 / 만두전골 등,
5c213ddd-4d82a197,함흥면옥 압구정점,회냉면,비빔냉면 / 손만두 / 갈비탕 등,대가방 본점,돼지고기탕수육,대가탕면 / 해물짬뽕 / 난전완자 등,
5c213ddd-31f2779a,함흥면옥 압구정점,회냉면,비빔냉면 / 손만두 / 갈비탕 등,청송본관함흥냉면,회냉면,물냉면 / 비빔냉면 / 수육 / 홍어회 / 녹두전 / 손왕만두 등,
5c213ddd-de6e7409,함흥면옥 압구정점,회냉면,비빔냉면 / 손만두 / 갈비탕 등,함흥곰보냉면,회냉면,물냉면 / 비빔냉면 / 뚝배기불고기 / 찐만두 등,
518df24e-12ee86fa,동적깡통구이 쌍문본점,소갈비살 한판,꽃갈비 한판 / 돼지 숯불 구이 / 청국장 등,대성갈비,돼지갈비,목살 / 소갈비 / 삼겹살 등,
518df24e-f7830a0c,동적깡통구이 쌍문본점,소갈비살 한판,꽃갈비 한판 / 돼지 숯불 구이 / 청국장 등,가산물갈비&백년불고기,산더미불고기,즉석소불고기 / 오삼불고기 / 오징어불고기 / 오징어튀김 등,
518df24e-076111c0,동적깡통구이 쌍문본점,소갈비살 한판,꽃갈비 한판 / 돼지 숯불 구이 / 청국장 등,드럼통 참숯석쇠구이,갈비살,토시살 / 소막창 / 돼지왕갈비 등,
518df24e-dbc1787e,동적깡통구이 쌍문본점,소갈비살 한판,꽃갈비 한판 / 돼지 숯불 구이 / 청국장 등,정대포,갈매기살,소금구이 / 돼지갈비 / 삼겹살 외,
518df24e-1a9317a5,동적깡통구이 쌍문본점,소갈비살 한판,꽃갈비 한판 / 돼지 숯불 구이 / 청국장 등,에베레스트 레스토랑 동대문본점,커리,탄두리치킨 / 난 / 닭고기 볶음밥 등,
518df24e-7be03e09,동적깡통구이 쌍문본점,소갈비살 한판,꽃갈비 한판 / 돼지 숯불 구이 / 청국장 등,우진가 더 챔버스 역삼점,한우 토마호크,한우 티본 / 한우 제비추리 / 한우 채끝 / 한우 등심 / 한우 안심 등,
353514da-98f0be4c,남문토방,추어탕,추어탕 / 유황오리훈제샤브샤브 / 제육볶음 / 김치찌개 / 삼겹살 외,장수설렁탕해장국,설렁탕,생불고기 / 우뼈해장국  / 도가니탕 / 꼬리곰탕 등,
353514da-188c7862,남문토방,추어탕,추어탕 / 유황오리훈제샤브샤브 / 제육볶음 / 김치찌개 / 삼겹살 외,순대실록 대학로본점,솥밥 정식,순대 정식 / 순대곱창볶음 / 순대곱창전골 등,
353514da-94c65129,남문토방,추어탕,추어탕 / 유황오리훈제샤브샤브 / 제육볶음 / 김치찌개 / 삼겹살 외,임현숙의이화김치찌개,김치찌개,삼겹살,
353514da-bc873bdf,남문토방,추어탕,추어탕 / 유황오리훈제샤브샤브 / 제육볶음 / 김치찌개 / 삼겹살 외,일등추어탕 선릉본점,추어탕,전복추어탕 / 반계추어탕 / 우렁추어탕 등,
353514da-a4b035d7,남문토방,추어탕,추어탕 / 유황오리훈제샤브샤브 / 제육볶음 / 김치찌개 / 삼겹살 외,백제추어탕 본점,백제추어탕+솥밥,담양죽순추어탕+솥밥 / 우렁추어탕+솥밥 / 전복추어탕+솥밥 등,
353514da-77fb2a6f,남문토방,추어탕,추어탕 / 유황오리훈제샤브샤브 / 제육볶음 / 김치찌개 / 삼겹살 외,샛집남원추어탕,추어탕,우렁 추어탕 / 추어 군만두 / 추어 튀김 / 추어 전골 / 숙회 등,
22b29d37-c1a6d3d3,장위기사식당,돼지불백,불낙 / 삼겹살 / 대구매운탕 / 김치찌개 / 갈치조림 등,강남진해장,양선지해장국,곱창전골 / 양지내장탕 / 사골곰탕 등,
22b29d37-45bf98d6,장위기사식당,돼지불백,불낙 / 삼겹살 / 대구매운탕 / 김치찌개 / 갈치조림 등,우성식당,영양돌솥밥,삼겹살세트 / 차돌박이세트 / 돼지불백 / 김치찌개 등,
22b29d37-60c816c0,장위기사식당,돼지불백,불낙 / 삼겹살 / 대구매운탕 / 김치찌개 / 갈치조림 등,보광기사식당,돼지불백,삼겹살 / 제육볶음 / 고등어구이 등,
22b29d37-3f5a6c77,장위기사식당,돼지불백,불낙 / 삼겹살 / 대구매운탕 / 김치찌개 / 갈치조림 등,송림식당,돼지불고기백반,선지해장국 / 김치찌개 / 된장찌개 등,
22b29d37-472eec51,장위기사식당,돼지불백,불낙 / 삼겹살 / 대구매운탕 / 김치찌개 / 갈치조림 등,감나무집기사식당,돼지불고기,두부찌개 / 닭볶음탕 / 고등어김치조림 등,
22b29d37-e2c1109a,장위기사식당,돼지불백,불낙 / 삼겹살 / 대구매운탕 / 김치찌개 / 갈치조림 등,신촌형제갈비,생갈비,양념갈비 / 불고기 / 갈비탕 등,
dd6e3ce8-2b5733b6,명문막국수,메밀물막국수,메밀비빔막국수 / 명태식해 비빔막국수 / 메밀부침 등,우드멜로우,카쵸에페페,멜란자네파다노 / 냉파스타 / 올리브 피칸테 엔쵸비 / 뽈로바질파스타 등,
dd6e3ce8-d33f56aa,명문막국수,메밀물막국수,메밀비빔막국수 / 명태식해 비빔막국수 / 메밀부침 등,서울홍성원,코스요리,유니자장 / 고추간자장 / 광동면 등,
dd6e3ce8-9bb0885b,명문막국수,메밀물막국수,메밀비빔막국수 / 명태식해 비빔막국수 / 메밀부침 등,고성막국수,동치미막국수,비빔막국수 / 들기름막국수 / 편육 등,
dd6e3ce8-34d6dd30,명문막국수,메밀물막국수,메밀비빔막국수 / 명태식해 비빔막국수 / 메밀부침 등,뱅뱅막국수,참기름 막국수,들기름막국수 / 소고기육전 / 물막국수 등,
dd6e3ce8-d26ac72d,명문막국수,메밀물막국수,메밀비빔막국수 / 명태식해 비빔막국수 / 메밀부침 등,내가국수다,명품 콩국수,비빔국수 / 메밀 막국수 / 왕손만두 등,
dd6e3ce8-81399fce,명문막국수,메밀물막국수,메밀비빔막국수 / 명태식해 비빔막국수 / 메밀부침 등,오레노라멘 본점,토리빠이탄 라멘,카라빠이탄 라멘,
1de10d5f-297462bf,곰바위,특양구이,막창구이 / 대창구이 / 한우양념갈비 등,소인수서울,모둠곱창구이,특양밥 / 한우 양지 냉수육 김치국수 / 한우 특상우설 등,
1de10d5f-f42178ae,곰바위,특양구이,막창구이 / 대창구이 / 한우양념갈비 등,황금소 가락본점,순근반반세트,황금3종세트 / 소갈비살 / 한돈 돼지갈비 세트 등,
1de10d5f-6f1ea788,곰바위,특양구이,막창구이 / 대창구이 / 한우양념갈비 등,압구정곱창,한우곱창구이,한우막창구이 / 한우대창구이 / 특양구이 등,
1de10d5f-95a90241,곰바위,특양구이,막창구이 / 대창구이 / 한우양념갈비 등,우정양곱창,모둠한판,특양구이 / 곱창구이 / 대창구이 등,
1de10d5f-60c816c0,곰바위,특양구이,막창구이 / 대창구이 / 한우양념갈비 등,보광기사식당,돼지불백,삼겹살 / 제육볶음 / 고등어구이 등,
a03c438a-f7830a0c,광양불고기,광양 불고기,생등심 / 육수불고기 / 소양념갈비 등,가산물갈비&백년불고기,산더미불고기,즉석소불고기 / 오삼불고기 / 오징어불고기 / 오징어튀김 등,
a03c438a-a39790de,광양불고기,광양 불고기,생등심 / 육수불고기 / 소양념갈비 등,장수원,한우불고기,장수불고기 / 돈육불고기 / 장수갈비 등,
a03c438a-d8ed1e03,광양불고기,광양 불고기,생등심 / 육수불고기 / 소양념갈비 등,광양불고기본가,한우광양불고기,한우꽃등심 / 한우꽃살불고기 / 한우육회 / 밀면 / 갈비탕 등,
a03c438a-e46007e7,광양불고기,광양 불고기,생등심 / 육수불고기 / 소양념갈비 등,원두막,왕돼지 숯불갈비,한우모듬구이 / 양념일품소왕갈비 / 한우꽃살 / 참숯훈제오리구이 등,
a03c438a-0c322d88,광양불고기,광양 불고기,생등심 / 육수불고기 / 소양념갈비 등,호랑도,호랑갈비,한우 꽃등심 / 한우 살치살 / 한우 채끝등심 등,
a03c438a-9471a80f,광양불고기,광양 불고기,생등심 / 육수불고기 / 소양념갈비 등,탐광,에비가츠동,에비에비가츠동 / 대창 소고기 카레 누들 / 모듬 카레 누들 등,
0bcc2532-37b29784,인생한우,한우갈비탕,한우육회비빔밥 / 한우된장찌개 / 냉면 등,해품장팔팔장어,장어,양갈비 / 명품장어탕 / 잔치국수 등,
0bcc2532-c9c4eefc,인생한우,한우갈비탕,한우육회비빔밥 / 한우된장찌개 / 냉면 등,효면옥 신사본점,물냉면,비빔냉면 / 회냉면 / 갈비탕 등,
0bcc2532-8971821b,인생한우,한우갈비탕,한우육회비빔밥 / 한우된장찌개 / 냉면 등,조선갈비,한돈양념갈비,한우마늘양념갈비 / 왕갈비탕 / 한우육회비빔밥 등,
0bcc2532-19cadc60,인생한우,한우갈비탕,한우육회비빔밥 / 한우된장찌개 / 냉면 등,마장동 한우촌,왕갈비탕,한우 우거지국밥 / 차돌 된장찌개 / 물냉면 등,
0bcc2532-d8ed1e03,인생한우,한우갈비탕,한우육회비빔밥 / 한우된장찌개 / 냉면 등,광양불고기본가,한우광양불고기,한우꽃등심 / 한우꽃살불고기 / 한우육회 / 밀면 / 갈비탕 등,
0bcc2532-26f6aead,인생한우,한우갈비탕,한우육회비빔밥 / 한우된장찌개 / 냉면 등,3일한우국밥,한우국밥,한우곰탕 / 한우육회 / 한우전골 / 매운갈비찜 등,
0638376f-518df24e,쌍대포소금구이 본점,특삼겹 너덜이,일삼꼬들 / 한방껍데기 / 차돌된장밥 등,동적깡통구이 쌍문본점,소갈비살 한판,꽃갈비 한판 / 돼지 숯불 구이 / 청국장 등,
0638376f-bba3ecc8,쌍대포소금구이 본점,특삼겹 너덜이,일삼꼬들 / 한방껍데기 / 차돌된장밥 등,열정도쭈꾸미,철판쭈꾸미,철판쭈꾸미삼겹 / 연탄쭈꾸미 삽겹구이 / 연탄쭈꾸미 양념구이 등,
0638376f-3f04d7eb,쌍대포소금구이 본점,특삼겹 너덜이,일삼꼬들 / 한방껍데기 / 차돌된장밥 등,송화유수,송화 한우맡김,소 생갈비 / 안창살 / 안심 등,
0638376f-49ff4cd3,쌍대포소금구이 본점,특삼겹 너덜이,일삼꼬들 / 한방껍데기 / 차돌된장밥 등,마곡오리,논두렁 주물럭,주물럭 / 불고기 / 로스구이 등,
0638376f-93c06f9b,쌍대포소금구이 본점,특삼겹 너덜이,일삼꼬들 / 한방껍데기 / 차돌된장밥 등,자연석돌구이,대패삼겹살,차돌박이 / 오징어불고기 / 칼국수 / 김치찌개 등,
0638376f-dbc1787e,쌍대포소금구이 본점,특삼겹 너덜이,일삼꼬들 / 한방껍데기 / 차돌된장밥 등,정대포,갈매기살,소금구이 / 돼지갈비 / 삼겹살 외,
1e544813-20529d49,루프,아메리카노,라떼 / 에스프레소 / 바닐라라떼 등,신양로스터스,아메리카노,카페라떼 / 콜드브루 / 바닐라라떼 등,
1e544813-caeed7ed,루프,아메리카노,라떼 / 에스프레소 / 바닐라라떼 등,메쉬커피,아메리카노,카페라떼 / 카페라떼 / 커피쉐이크 등,
1e544813-9f63056d,루프,아메리카노,라떼 / 에스프레소 / 바닐라라떼 등,미즐카페엠,파니니,프랜치 토스트 / 샌드위치 / 아메리카노 등,
1e544813-4f21915c,루프,아메리카노,라떼 / 에스프레소 / 바닐라라떼 등,디자이너리 카페,아메리카노,얼그레이 라떼 / 순유유 케이크 / 라떼 아인슈페너 등,
1e544813-9e212690,루프,아메리카노,라떼 / 에스프레소 / 바닐라라떼 등,이엔갤러리,드립커피,에이드 / 차 / 주스 등,
4e527e27-12f70d70,카덴,모듬사시미,고노와다 / 닭낡개만두 / 제주산금태 등,사이코우스시 쌍문점,사이코모듬초밥,특선모듬초밥 / 나가사키 짬뽕 / 연어롤 / 사이코우롤 등,
4e527e27-025dd511,카덴,모듬사시미,고노와다 / 닭낡개만두 / 제주산금태 등,호랑이 초밥,호랑이모듬,사시미 / 후토마끼 / 차돌폭탄짬뽕 등,
4e527e27-37fe38f8,카덴,모듬사시미,고노와다 / 닭낡개만두 / 제주산금태 등,이치에,사시미모리아와세,멘치카츠 / 야키사바차항 / 우니이쿠라동 등,
4e527e27-f12452bf,카덴,모듬사시미,고노와다 / 닭낡개만두 / 제주산금태 등,토라카츠,제주 흑돼지 모둠카츠,제주 흑돼지 안심카츠 / 제주 흑돼지 특등심카츠 / 일본식 카레 등,
4e527e27-d9a1728f,카덴,모듬사시미,고노와다 / 닭낡개만두 / 제주산금태 등,갓포아키 도산공원점,모둠사시미 1인,"피조개회, 여수산 새조개초밥, 마라주꾸미숯불구이, 봄두릅과 도다리튀김",
4e527e27-d8ba265f,카덴,모듬사시미,고노와다 / 닭낡개만두 / 제주산금태 등,진수사,사시미,구이 / 튀김 / 차완무시 등,
540a74ff-cec873f5,고센인코퍼레이티드 청담점,"홍합 치즈 떡볶이, 인절미 마운틴","치킨도리아, 철판 찹 스테이크, 반반마운틴 등",오아시스 청담점,타이 누들 샐러드 해물,애플햄치즈프렌치토스트 / 치킨 아보카도 샐러드 / 런치 파스타 / 에그 베네딕트 훈제연어 / 바나나 호두 팬케익 / 버섯&리코타 브루스게타 등,
540a74ff-3b78f0f6,고센인코퍼레이티드 청담점,"홍합 치즈 떡볶이, 인절미 마운틴","치킨도리아, 철판 찹 스테이크, 반반마운틴 등",진가,한우 등심 풀코스,진가 삼촌카세 / 얼큰한 국물 닭갈비 / 칠리 치킨스테이크$칩스,
540a74ff-a4124dff,고센인코퍼레이티드 청담점,"홍합 치즈 떡볶이, 인절미 마운틴","치킨도리아, 철판 찹 스테이크, 반반마운틴 등",메종 한남,런치 스테이크 코스,뽈뽀 / 트러플 / 티라미수 등,
540a74ff-ab2157b0,고센인코퍼레이티드 청담점,"홍합 치즈 떡볶이, 인절미 마운틴","치킨도리아, 철판 찹 스테이크, 반반마운틴 등",동작구름카페,크런치맵슐랭치킨,크런치양념치킨 / 치즈핑치킨 / 콤비네이션피자 등,
540a74ff-8a90de70,고센인코퍼레이티드 청담점,"홍합 치즈 떡볶이, 인절미 마운틴","치킨도리아, 철판 찹 스테이크, 반반마운틴 등",언노운다이너,티본스테이크,한우채끝스테이크 / 칼라마리 / 시저샐러드 등,
540a74ff-cf1cb427,고센인코퍼레이티드 청담점,"홍합 치즈 떡볶이, 인절미 마운틴","치킨도리아, 철판 찹 스테이크, 반반마운틴 등",유어네이키드치즈,시즈널 치즈플래터,프렌치 어니언 피자 / 오렌지 파스타 / 곶감 마스카포네 등,
c46914dd-493e50b8,순희네빈대떡,녹두빈대떡,고기완자 / 새우빈대떡 / 육회 / 홍어무침 등,청진생등심,청등심,진등심 / 한우야채볶음 / 깍두기 볶음밥 / 육회 등,
c46914dd-f99045ed,순희네빈대떡,녹두빈대떡,고기완자 / 새우빈대떡 / 육회 / 홍어무침 등,동달식당 강남본점,동달제주생갈비,동달양념생갈비 / 제주오겹살 / 새우젓 낙지계란찜 등,
c46914dd-cb030707,순희네빈대떡,녹두빈대떡,고기완자 / 새우빈대떡 / 육회 / 홍어무침 등,홍이네떡볶이,떡볶이,순대 / 군만두 / 옛날만두 / 모듬국물어묵 등,
c46914dd-9d00e12b,순희네빈대떡,녹두빈대떡,고기완자 / 새우빈대떡 / 육회 / 홍어무침 등,갈현동할머니떡볶이,떡볶이,순대 / 김말이 / 야끼만두 등,
c46914dd-5cf7d72f,순희네빈대떡,녹두빈대떡,고기완자 / 새우빈대떡 / 육회 / 홍어무침 등,골목떡볶이,떡볶이,순대 / 만두,
c46914dd-befd07a1,순희네빈대떡,녹두빈대떡,고기완자 / 새우빈대떡 / 육회 / 홍어무침 등,버드나무집 본점,양념갈비,생갈비 / 주물럭 / 등심 / 안창살 / 육회 외,
fe5fdee0-46949b75,합정옥,양지곰탕,곰탕 / 속대국 / 곱창전골 등,계월,백곰탕,홍곰탕 / 닭무침 / 닭수육 등,
fe5fdee0-472ec4f3,합정옥,양지곰탕,곰탕 / 속대국 / 곱창전골 등,옥돌현옥,평양 물냉면,돼지곰탕 / 가자미 식해 / 어복쟁반,
fe5fdee0-370828f4,합정옥,양지곰탕,곰탕 / 속대국 / 곱창전골 등,묵골쌈밥 본점,오제쌈밥,오삼불고기 / 닭볶음탕 / 파전 등,
fe5fdee0-e2c1109a,합정옥,양지곰탕,곰탕 / 속대국 / 곱창전골 등,신촌형제갈비,생갈비,양념갈비 / 불고기 / 갈비탕 등,
fe5fdee0-ee57d564,합정옥,양지곰탕,곰탕 / 속대국 / 곱창전골 등,옥동식,돼지곰탕,김치만두,
fe5fdee0-98f0be4c,합정옥,양지곰탕,곰탕 / 속대국 / 곱창전골 등,장수설렁탕해장국,설렁탕,생불고기 / 우뼈해장국  / 도가니탕 / 꼬리곰탕 등,
473dad64-bd55e220,미누씨(minu c),컬리플라워,할라피뇨 파스타 / 부라타와 계절 가니쉬 / 프렌치프라이 등,두에꼬제,파스타,피자 / 리조또 / 샐러드 등,
473dad64-e21d00b5,미누씨(minu c),컬리플라워,할라피뇨 파스타 / 부라타와 계절 가니쉬 / 프렌치프라이 등,미진,냉메밀,온메밀 / 비빔메밀 / 메밀막국수 / 메밀전병 / 보쌈정식 등,
473dad64-c50852ad,미누씨(minu c),컬리플라워,할라피뇨 파스타 / 부라타와 계절 가니쉬 / 프렌치프라이 등,봉파레트,파스타,피자 / 스테이크 / 부르기뇽 등,
473dad64-f82a4140,미누씨(minu c),컬리플라워,할라피뇨 파스타 / 부라타와 계절 가니쉬 / 프렌치프라이 등,파르코,감베리,피칸테 로제파스타 / 풍기 에 우오보 / 부팔라 마리게리타 등,
473dad64-058cb44e,미누씨(minu c),컬리플라워,할라피뇨 파스타 / 부라타와 계절 가니쉬 / 프렌치프라이 등,꾸아 성수점,시그니처세트,반세오 / 대파직화쌀국수 / 분짜 등,
473dad64-171c7fa1,미누씨(minu c),컬리플라워,할라피뇨 파스타 / 부라타와 계절 가니쉬 / 프렌치프라이 등,봄솔레씨네,마르게리따 피자,봄솔레씨네 샐러드 / 까르보나라 파스타 / 닭가슴살샐러드브런치 등,
a015e639-77fb2a6f,차이몬스터,고사리해물짬뽕,"양장피, 칠리새우, 탕수육, 고추잠채",샛집남원추어탕,추어탕,우렁 추어탕 / 추어 군만두 / 추어 튀김 / 추어 전골 / 숙회 등,
a015e639-7a159f04,차이몬스터,고사리해물짬뽕,"양장피, 칠리새우, 탕수육, 고추잠채",중식당 청 한남점,산동 샤오기,차콜 고추 마늘 탕수육 / 게살 해물 볶음 / 소프트 쉘 크랩 칠리소스 등,
a015e639-cfdc56ad,차이몬스터,고사리해물짬뽕,"양장피, 칠리새우, 탕수육, 고추잠채",신승관,삼선짬뽕,고추짜장 / 해물백짬뽕 / 유슬볶음밥 / 유산슬밥 등,
a015e639-bc74dfb3,차이몬스터,고사리해물짬뽕,"양장피, 칠리새우, 탕수육, 고추잠채",만다린,탕수육,짜장면 / 짬뽕 / 팔보채 등,
a015e639-73eac3e2,차이몬스터,고사리해물짬뽕,"양장피, 칠리새우, 탕수육, 고추잠채",이북만두,이북만두국,김치말이밥 / 만두전골 / 모듬전 / 뚝배기만두 / 굴림김치접시만두 등,
a015e639-34547261,차이몬스터,고사리해물짬뽕,"양장피, 칠리새우, 탕수육, 고추잠채",중화원,짬뽕,짜장면 / 볶음밥 / 해물누룽지탕 등,
5175f48a-35c2871d,청송옥,장터국밥,사골국밥 / 육회비빔밥 / 삼겹살 등,청와옥 본점,순대국밥,오징어숯불구이 / 청와옥 편백정식 / 육회 등,
5175f48a-9961dbe0,청송옥,장터국밥,사골국밥 / 육회비빔밥 / 삼겹살 등,한티옥,안동국시,안동국밥 / 양지국밥 / 곤드레비빔밥 등,
5175f48a-029ea3a1,청송옥,장터국밥,사골국밥 / 육회비빔밥 / 삼겹살 등,바다화원 본점,랍갈비해신탕,문어문회 / 소갈비해신탕 / 황칠해신탕 등,
5175f48a-a4eac4b9,청송옥,장터국밥,사골국밥 / 육회비빔밥 / 삼겹살 등,무수옥,한우암소 설렁탕,한우암소 육회비빔밥 / 한우암소 생등심 / 한우암소 육회 등,
5175f48a-26f6aead,청송옥,장터국밥,사골국밥 / 육회비빔밥 / 삼겹살 등,3일한우국밥,한우국밥,한우곰탕 / 한우육회 / 한우전골 / 매운갈비찜 등,
5175f48a-40fc8be2,청송옥,장터국밥,사골국밥 / 육회비빔밥 / 삼겹살 등,호면정,안동국시,안동국밥 / 만두전골 / 수육 등,
a56230e0-99947c90,어페어커피,우유두부,아메리카노 / 라떼 / 시나몬라떼 등,연남다방,우유 쌀케이크,딸기 쌀케이크 / 메론 파르페 / 아메리카노 등,
a56230e0-caeed7ed,어페어커피,우유두부,아메리카노 / 라떼 / 시나몬라떼 등,메쉬커피,아메리카노,카페라떼 / 카페라떼 / 커피쉐이크 등,
a56230e0-5aaa5013,어페어커피,우유두부,아메리카노 / 라떼 / 시나몬라떼 등,업사이드커피,성수커피,해방촌커피 / 뚝섬커피 / 아메리카노 등,
a56230e0-b3897193,어페어커피,우유두부,아메리카노 / 라떼 / 시나몬라떼 등,피어커피,브루잉커피,아메리카노 / 바닐라 라떼 / 카페라떼 등,
a56230e0-5b8305ed,어페어커피,우유두부,아메리카노 / 라떼 / 시나몬라떼 등,조셉의커피나무,스페셜티커피,스페셜 하우스 커피 / 에스프레소 / 카푸치노 / 밀크프레소 등,
a56230e0-80f0fad8,어페어커피,우유두부,아메리카노 / 라떼 / 시나몬라떼 등,크레이트커피,아메리카노,에스프레소 / 카푸치노 / 카카오크림라떼 등,
6682660f-20e17937,플레어비 도곡점,프렌치 토스트,고메버터&앤쵸비파스타 / 청양라구파스타 / 고르곤졸라치즈크림뇨끼 / 카프레제샌드위치 / 루벤샌드위치 등,퀴버 서울숲,퀴버 채끝 스테이크,프렌치토스트 / 라구떡볶이 / 피스타치오 크림 리조또 등,
6682660f-c03515d2,플레어비 도곡점,프렌치 토스트,고메버터&앤쵸비파스타 / 청양라구파스타 / 고르곤졸라치즈크림뇨끼 / 카프레제샌드위치 / 루벤샌드위치 등,순댕이네얼큰수제비,바지락 얼큰칼제비,바지락 얼큰칼국수 / 물냉면 / 비빔냉면 등,
6682660f-4eeac8a0,플레어비 도곡점,프렌치 토스트,고메버터&앤쵸비파스타 / 청양라구파스타 / 고르곤졸라치즈크림뇨끼 / 카프레제샌드위치 / 루벤샌드위치 등,진영면옥,평양냉면,양지수육 / 보성녹차돼지수육 / 비빔냉면 등,
6682660f-0469a11d,플레어비 도곡점,프렌치 토스트,고메버터&앤쵸비파스타 / 청양라구파스타 / 고르곤졸라치즈크림뇨끼 / 카프레제샌드위치 / 루벤샌드위치 등,르브런쉭 신사점,에그 베네딕트,스테이크 샐러드 / 아보카도 에그 샌드위치 / 화이트라구파스타 등,
6682660f-2b15a585,플레어비 도곡점,프렌치 토스트,고메버터&앤쵸비파스타 / 청양라구파스타 / 고르곤졸라치즈크림뇨끼 / 카프레제샌드위치 / 루벤샌드위치 등,페어링룸,트러플 파케리 파스타,쑥 페스토와 얼그레이 토마토 카프레제 / 리코타 올리브 깜빠뉴 / 딱새우 비스크 링귀니 등,
6682660f-8114986e,플레어비 도곡점,프렌치 토스트,고메버터&앤쵸비파스타 / 청양라구파스타 / 고르곤졸라치즈크림뇨끼 / 카프레제샌드위치 / 루벤샌드위치 등,우래옥,평양냉면,비빔냉면 / 온면 / 김치말이냉면 등,
021625bd-0ff6bee9,장칼집,장칼국수,들깨칼국수 / 왕만두 / 명태회무침 등,어가,해물아귀찜,아귀찜 / 불향낙지볶음 / 바지락칼국수 / 수제왕만두 등,
021625bd-cfdc56ad,장칼집,장칼국수,들깨칼국수 / 왕만두 / 명태회무침 등,신승관,삼선짬뽕,고추짜장 / 해물백짬뽕 / 유슬볶음밥 / 유산슬밥 등,
021625bd-df66b485,장칼집,장칼국수,들깨칼국수 / 왕만두 / 명태회무침 등,평양칼국수,칼국수,닭칼국수 / 만두 / 콩국수 등,
021625bd-450648d2,장칼집,장칼국수,들깨칼국수 / 왕만두 / 명태회무침 등,엘림들깨수제비칼국수,칼국수,수육 / 만두/ 배추겉절이 등,
021625bd-c95e4f0f,장칼집,장칼국수,들깨칼국수 / 왕만두 / 명태회무침 등,살구나무집 칼국수,바지락 칼국수,얼큰 칼국수 / 들깨칼국수 / 들깨수제비 등,
021625bd-31f2779a,장칼집,장칼국수,들깨칼국수 / 왕만두 / 명태회무침 등,청송본관함흥냉면,회냉면,물냉면 / 비빔냉면 / 수육 / 홍어회 / 녹두전 / 손왕만두 등,
3dac8fdd-d027d7bf,아티초크0125,쭈꾸미 오일 파스타,매콤한 새우 오일 파스타 / 페퍼로니 피자 / 시저 샐러드 등,아메리칸테이블,스테이크 샐러드,해산물 레몬오일 파스타 / 시금치 고르곤졸라 피자 / 스파이시 베이컨 크림 리조또 등,
3dac8fdd-4101ec2d,아티초크0125,쭈꾸미 오일 파스타,매콤한 새우 오일 파스타 / 페퍼로니 피자 / 시저 샐러드 등,바빌리안테이블,바질 치킨 오일 파스타,스테이크 라자냐 / 한우채끝 스테이크 / 토마토 해산물 스튜 등,
3dac8fdd-d1ce579b,아티초크0125,쭈꾸미 오일 파스타,매콤한 새우 오일 파스타 / 페퍼로니 피자 / 시저 샐러드 등,디토,깔라마리,문어구이 / 관자 샐러드 / 우니 파스타 등,
3dac8fdd-80aee88a,아티초크0125,쭈꾸미 오일 파스타,매콤한 새우 오일 파스타 / 페퍼로니 피자 / 시저 샐러드 등,메종브리크,오리가슴살,라구 볼로네제 파스타 / 스파이시 비스크 파스타 / 문어 & 로메스코 등,
3dac8fdd-cec873f5,아티초크0125,쭈꾸미 오일 파스타,매콤한 새우 오일 파스타 / 페퍼로니 피자 / 시저 샐러드 등,오아시스 청담점,타이 누들 샐러드 해물,애플햄치즈프렌치토스트 / 치킨 아보카도 샐러드 / 런치 파스타 / 에그 베네딕트 훈제연어 / 바나나 호두 팬케익 / 버섯&리코타 브루스게타 등,
3dac8fdd-77c8a0b6,아티초크0125,쭈꾸미 오일 파스타,매콤한 새우 오일 파스타 / 페퍼로니 피자 / 시저 샐러드 등,치즈룸 안다즈,트러플 파케리 파스타,전복 솥밥 리조또 / 썬드라이 플렛브레드 / 치즈케이크 조각 등,
e648f91e-9070cf40,온정텐동,온정텐동,야사이텐동 / 에비텐동 / 니쿠니쿠텐동 등,스시겐,정식코스,모둠초밥 / 꽃초밥 / 연어꽃초밥 등,
e648f91e-c6c936c7,온정텐동,온정텐동,야사이텐동 / 에비텐동 / 니쿠니쿠텐동 등,스즈란테이,일본가정식,튀김덮밥 / 돈가스덮밥 / 마구로덮밥 등,
e648f91e-a450f3cd,온정텐동,온정텐동,야사이텐동 / 에비텐동 / 니쿠니쿠텐동 등,스시텐,텐초밥,특초밥 / 나가사끼해물짬뽕 / 새우튀김 등,
e648f91e-a50422ae,온정텐동,온정텐동,야사이텐동 / 에비텐동 / 니쿠니쿠텐동 등,스시도쿠 왕십리본점,정품스시,본품스시 / 특품스시 / 작품스시 등,
e648f91e-9ac3c452,온정텐동,온정텐동,야사이텐동 / 에비텐동 / 니쿠니쿠텐동 등,현우동,멘타이코앙카케 다마고토지 우동,템뿌라붓카케 우동 / 카케 우동 / 키츠네 우동 등,
e648f91e-7c3071b2,온정텐동,온정텐동,야사이텐동 / 에비텐동 / 니쿠니쿠텐동 등,텐동식당,스페셜텐동,참깨 연두부 샐러드 / 양파카레 / 에비텐동 등,
80aee88a-5b2bbbea,메종브리크,오리가슴살,라구 볼로네제 파스타 / 스파이시 비스크 파스타 / 문어 & 로메스코 등,옥수해물찜칼국수,해물찜,아구찜 / 들깨수제비 / 바지락칼국수 등,
80aee88a-4101ec2d,메종브리크,오리가슴살,라구 볼로네제 파스타 / 스파이시 비스크 파스타 / 문어 & 로메스코 등,바빌리안테이블,바질 치킨 오일 파스타,스테이크 라자냐 / 한우채끝 스테이크 / 토마토 해산물 스튜 등,
80aee88a-d2eadee1,메종브리크,오리가슴살,라구 볼로네제 파스타 / 스파이시 비스크 파스타 / 문어 & 로메스코 등,오뜨로,부채살 스테이크,이탈리안 봉골레 파스타 / 열대과일 리코타 샐러드 / 훈제연어 샐러드 등,
80aee88a-bc75531a,메종브리크,오리가슴살,라구 볼로네제 파스타 / 스파이시 비스크 파스타 / 문어 & 로메스코 등,정담은보쌈,보쌈,보쌈 / 회보쌈 / 새싹쟁반국수 / 파전 외,
80aee88a-b768d2b7,메종브리크,오리가슴살,라구 볼로네제 파스타 / 스파이시 비스크 파스타 / 문어 & 로메스코 등,라칸티나,토마토소스 파스타,버터와 로마노 치즈 파스타 / 버섯소스 파스타 / 알프레도 소스 파스타 등,
80aee88a-e7e9a9b0,메종브리크,오리가슴살,라구 볼로네제 파스타 / 스파이시 비스크 파스타 / 문어 & 로메스코 등,가야밀냉면해물칼국수,밀면,감자전 / 해물손칼국수 / 해물파전 등,
d252ebd3-52e09a51,하모,전주비빔밥,헛제사밥 / 육전 / 갈비구이 등,값진식육,값진식육 상모듬,안심 / 갈비살 / 등심 등,
d252ebd3-b51f667e,하모,전주비빔밥,헛제사밥 / 육전 / 갈비구이 등,전주회관,전주곱돌비빔밥,육회 / 갈비탕 / 꽃등심 등,
d252ebd3-1de10d5f,하모,전주비빔밥,헛제사밥 / 육전 / 갈비구이 등,곰바위,특양구이,막창구이 / 대창구이 / 한우양념갈비 등,
d252ebd3-f2c39e05,하모,전주비빔밥,헛제사밥 / 육전 / 갈비구이 등,전주전집,모듬전,소고기육전 / 통통새우전 / 홍어무침 등,
d252ebd3-b000471d,하모,전주비빔밥,헛제사밥 / 육전 / 갈비구이 등,신도림전주관,육회비빔밥,콩나물국밥 / 해물파전 / 전주비빔밥 / 새싹비빔밥 등,
d252ebd3-f7830a0c,하모,전주비빔밥,헛제사밥 / 육전 / 갈비구이 등,가산물갈비&백년불고기,산더미불고기,즉석소불고기 / 오삼불고기 / 오징어불고기 / 오징어튀김 등,
3ceea7ad-1223c91e,동빙고 본점,팥빙수,단팥죽 / 미숫가루팥빙수 / 딸기빙수 / 녹차빙수 / 커피빙수 등,오버스토리,시그니처 바닐라라떼,복숭아케이크 / 베리초코케이크 / 무화가 딸기크림 케이크 / 아메리카노 등,
3ceea7ad-3dc951b9,동빙고 본점,팥빙수,단팥죽 / 미숫가루팥빙수 / 딸기빙수 / 녹차빙수 / 커피빙수 등,신당동천팥죽,팥죽,팥 칼국수 / 콩국수 등,
3ceea7ad-80f0fad8,동빙고 본점,팥빙수,단팥죽 / 미숫가루팥빙수 / 딸기빙수 / 녹차빙수 / 커피빙수 등,크레이트커피,아메리카노,에스프레소 / 카푸치노 / 카카오크림라떼 등,
3ceea7ad-511693b6,동빙고 본점,팥빙수,단팥죽 / 미숫가루팥빙수 / 딸기빙수 / 녹차빙수 / 커피빙수 등,옛찻집,옛날팥빙수,고유민속차 / 가래떡구이 / 콩가루아이스크림 외,
3ceea7ad-b15649ef,동빙고 본점,팥빙수,단팥죽 / 미숫가루팥빙수 / 딸기빙수 / 녹차빙수 / 커피빙수 등,돈까스잔치 동빙고점,옛날돈까스,잔치국수 / 돈잔국수 / 돈비국수 / 돈까스모밀 등,
3ceea7ad-882a2c40,동빙고 본점,팥빙수,단팥죽 / 미숫가루팥빙수 / 딸기빙수 / 녹차빙수 / 커피빙수 등,꽁티드툴레아,툴레아 라떼,초코무스 / 통베이컨 브리오슈 와플 / 툴레아 요거트 등,
e2bc4123-0b798161,레이더,바닐라크림커피 / 애플시나몬밀크,아메리카노 / 라떼 / 복숭아바질에이드 / 딸기와일드 / 수플레 치즈 케이크 등,컴투레스트,아인쑥페너,쑥 라떼 / 바닐라라떼 / 플랫화이트 / 카페라떼 / 아메리카노 등,
e2bc4123-b3897193,레이더,바닐라크림커피 / 애플시나몬밀크,아메리카노 / 라떼 / 복숭아바질에이드 / 딸기와일드 / 수플레 치즈 케이크 등,피어커피,브루잉커피,아메리카노 / 바닐라 라떼 / 카페라떼 등,
e2bc4123-80088f8b,레이더,바닐라크림커피 / 애플시나몬밀크,아메리카노 / 라떼 / 복숭아바질에이드 / 딸기와일드 / 수플레 치즈 케이크 등,카페우리,"히비스커스레몬티, 곡물라떼","헤이즐넛라떼, 체코 꿀 조각케이크",
e2bc4123-4047a2a3,레이더,바닐라크림커피 / 애플시나몬밀크,아메리카노 / 라떼 / 복숭아바질에이드 / 딸기와일드 / 수플레 치즈 케이크 등,썸띵어바웃커피,생크림 케이크,아메리카노 / 치즈케이크 / 스콘 등,
e2bc4123-1223c91e,레이더,바닐라크림커피 / 애플시나몬밀크,아메리카노 / 라떼 / 복숭아바질에이드 / 딸기와일드 / 수플레 치즈 케이크 등,오버스토리,시그니처 바닐라라떼,복숭아케이크 / 베리초코케이크 / 무화가 딸기크림 케이크 / 아메리카노 등,
e2bc4123-a56230e0,레이더,바닐라크림커피 / 애플시나몬밀크,아메리카노 / 라떼 / 복숭아바질에이드 / 딸기와일드 / 수플레 치즈 케이크 등,어페어커피,우유두부,아메리카노 / 라떼 / 시나몬라떼 등,
804a20cf-82873903,사담,브런치 플레이트,브런치 플레이트 / 베리콩포트 팬케익 / 샌드위치플레이트 등,메이비카페,데일리 브런치,알리오올리오 / 앤쵸비 바질 파스타 / 연어 그라브락스 에그베네딕트 등,
804a20cf-389772a5,사담,브런치 플레이트,브런치 플레이트 / 베리콩포트 팬케익 / 샌드위치플레이트 등,플레이버타운,맛동산 시그니처 세트,시추안 냉제육 샐러드 / 숯불 오정어 샐러드 / 족발튀김 등,
804a20cf-52d3c638,사담,브런치 플레이트,브런치 플레이트 / 베리콩포트 팬케익 / 샌드위치플레이트 등,엘더버거,엘더클래식,더블엘더클래식 / 더블엘더클래식세트 / 베이컨치즈버거 등,
804a20cf-69ea3ff3,사담,브런치 플레이트,브런치 플레이트 / 베리콩포트 팬케익 / 샌드위치플레이트 등,카페413프로젝트,로제타 현미 뇨끼,베니스 샐러드 / 아보카도 오렌지 볼 / 연어 에그 베네딕트 / 비프 칠리 리가토니 / 감바스 오믈렛 등,
804a20cf-6aa1df41,사담,브런치 플레이트,브런치 플레이트 / 베리콩포트 팬케익 / 샌드위치플레이트 등,카페브릭,아인슈페너,그릴클럽샌드위치 / 빈라떼 / 아메리카노 / 햄치즈 치아바타 샌드위치 등,
804a20cf-4b623a2b,사담,브런치 플레이트,브런치 플레이트 / 베리콩포트 팬케익 / 샌드위치플레이트 등,더플레이스다이닝,비스테카 립아이,까르보나라 / 프레쉬 마르게리타 피자 / 루꼴라 샐러드 등,
1524154e-86a2e4e9,한국회관,갈비탕,평양냉면 / 생갈비 / 안창살 등,닭으로가 압구정본점,"닭갈비, 고추장닭갈비","불고기양념닭갈비, 쟁반막국수, 물막국수, 삼계탕 등",
1524154e-7df4b847,한국회관,갈비탕,평양냉면 / 생갈비 / 안창살 등,가양칼국수버섯매운탕,가양칼국수버섯매운탕,샤브소고기,
1524154e-c08db6d7,한국회관,갈비탕,평양냉면 / 생갈비 / 안창살 등,봉피양 방이점,평양냉면,돼지목심본갈비 / 한우양곰탕 / 벽제설렁탕 등,
1524154e-60cfa2ab,한국회관,갈비탕,평양냉면 / 생갈비 / 안창살 등,백년손님,갈비탕,한우 등심 / 제주 돼지 한판 / 함흥 비빔냉면 등,
1524154e-368e7c10,한국회관,갈비탕,평양냉면 / 생갈비 / 안창살 등,배꼽집,한돈 참갈비,갈비탕 / 평양냉면 / 양곰탕 등,
1524154e-1f6cd964,한국회관,갈비탕,평양냉면 / 생갈비 / 안창살 등,봉래면옥,평양냉면,갈비탕 / 사골만두국 / 소갈비찜 등,
0ff6bee9-5b2bbbea,어가,해물아귀찜,아귀찜 / 불향낙지볶음 / 바지락칼국수 / 수제왕만두 등,옥수해물찜칼국수,해물찜,아구찜 / 들깨수제비 / 바지락칼국수 등,
0ff6bee9-3a5ea6b5,어가,해물아귀찜,아귀찜 / 불향낙지볶음 / 바지락칼국수 / 수제왕만두 등,늘봄해물찜&손칼국수 답십리본점,아구찜,낙지볶음 / 바지락칼국수 / 해물찜 등,
0ff6bee9-e80b430c,어가,해물아귀찜,아귀찜 / 불향낙지볶음 / 바지락칼국수 / 수제왕만두 등,청량리함흥냉면,냉면,회냉면 / 홍어회 / 만두국 등,
0ff6bee9-5c4106f5,어가,해물아귀찜,아귀찜 / 불향낙지볶음 / 바지락칼국수 / 수제왕만두 등,옛날집낙원아구찜,해물찜,아귀찜 / 아귀탕 / 해물탕 등,
0ff6bee9-264494c8,어가,해물아귀찜,아귀찜 / 불향낙지볶음 / 바지락칼국수 / 수제왕만두 등,프라자손칼국수,손칼국수,굴림만두 / 수제비 / 콩국수 등,
0ff6bee9-cfdc56ad,어가,해물아귀찜,아귀찜 / 불향낙지볶음 / 바지락칼국수 / 수제왕만두 등,신승관,삼선짬뽕,고추짜장 / 해물백짬뽕 / 유슬볶음밥 / 유산슬밥 등,
45ec61ac-2ecd504d,참숯골,토시살,제비추리 / 숙성등심 / 생등심 / 꽃등심 / 양념갈비 등,돝고기506,숙성 삼겹살,숙성 목살 / 숙성 한우 채끝등심 / 항정살 / 늑간살 / 한우 차돌박이 등,
45ec61ac-d252ebd3,참숯골,토시살,제비추리 / 숙성등심 / 생등심 / 꽃등심 / 양념갈비 등,하모,전주비빔밥,헛제사밥 / 육전 / 갈비구이 등,
45ec61ac-8822a96a,참숯골,토시살,제비추리 / 숙성등심 / 생등심 / 꽃등심 / 양념갈비 등,송림가,한우꽃등심,숯불양념갈비 / 돼지갈비 / 부귀한정식 등,
45ec61ac-747aa713,참숯골,토시살,제비추리 / 숙성등심 / 생등심 / 꽃등심 / 양념갈비 등,청담25,세트메뉴(2인 / 4인),한우구이 / 제주 갈치구이 / 옥돔구이 / 간장게장 / 양념꽃게장 등,
45ec61ac-076111c0,참숯골,토시살,제비추리 / 숙성등심 / 생등심 / 꽃등심 / 양념갈비 등,드럼통 참숯석쇠구이,갈비살,토시살 / 소막창 / 돼지왕갈비 등,
45ec61ac-ea948d51,참숯골,토시살,제비추리 / 숙성등심 / 생등심 / 꽃등심 / 양념갈비 등,투뿔등심 논현 본점,투뿔(1++) 숙성등심,투뿔(1++) 숙성안심 / 투뿔(BMS No.9) 특상 꽃등심 / 한우 토시살 / 한우 안창살 / 소금 양념 갈비 외,
1437b226-6d4c7c3d,미테이블 성수점,꽃등심 스테이크,랍스타 바질올리오 / 스테이크 로제 리조또 / 부채살 스테이크 등,촛불1978,시그니처 치즈퐁듀 코스,500℃화덕 티본스테이크 코스 / 캔들라이트 커플세트 / 러브패키지 등,
1437b226-f754b28d,미테이블 성수점,꽃등심 스테이크,랍스타 바질올리오 / 스테이크 로제 리조또 / 부채살 스테이크 등,셰프테이너,티본 스테이크,안심 스테이크 / 채끝 등심구이 / 양갈비 등,
1437b226-03ac82ab,미테이블 성수점,꽃등심 스테이크,랍스타 바질올리오 / 스테이크 로제 리조또 / 부채살 스테이크 등,르한스,연어 직화 볼 샐러드,방풍나물 리조또 / 대추 우대갈비 / 시저 샐러드 등,
1437b226-4101ec2d,미테이블 성수점,꽃등심 스테이크,랍스타 바질올리오 / 스테이크 로제 리조또 / 부채살 스테이크 등,바빌리안테이블,바질 치킨 오일 파스타,스테이크 라자냐 / 한우채끝 스테이크 / 토마토 해산물 스튜 등,
1437b226-d027d7bf,미테이블 성수점,꽃등심 스테이크,랍스타 바질올리오 / 스테이크 로제 리조또 / 부채살 스테이크 등,아메리칸테이블,스테이크 샐러드,해산물 레몬오일 파스타 / 시금치 고르곤졸라 피자 / 스파이시 베이컨 크림 리조또 등,
1437b226-59c0aeda,미테이블 성수점,꽃등심 스테이크,랍스타 바질올리오 / 스테이크 로제 리조또 / 부채살 스테이크 등,테라스룸,살치살 스테이크,스파이시 홍합 스튜 / 바지락&토마토 리조또 / 잠봉 뵈르 스파게티 / 비프 라구 카사레체 등,
41107998-c7441880,마누테라스,비프웰링턴,양 목 등심구이 / 와규 치맛살 스테이크 / 새우 라비올리 등,미 피아체,코스요리,문어 라타투이 / 시저 샐러드 / 한우 채끝등심1++ 스테이크 등,
41107998-a5c3fc7c,마누테라스,비프웰링턴,양 목 등심구이 / 와규 치맛살 스테이크 / 새우 라비올리 등,루위,북경오리,중식 소안심 스테이크 / 불도장 / 황비홍 라즈윙 / 조연중새우 등,
41107998-59c0aeda,마누테라스,비프웰링턴,양 목 등심구이 / 와규 치맛살 스테이크 / 새우 라비올리 등,테라스룸,살치살 스테이크,스파이시 홍합 스튜 / 바지락&토마토 리조또 / 잠봉 뵈르 스파게티 / 비프 라구 카사레체 등,
41107998-6e1ae470,마누테라스,비프웰링턴,양 목 등심구이 / 와규 치맛살 스테이크 / 새우 라비올리 등,미에뜨,문어,오리 스테이크 / 유자 새우 / 스테이크 채끝살 등,
41107998-15e9d4fa,마누테라스,비프웰링턴,양 목 등심구이 / 와규 치맛살 스테이크 / 새우 라비올리 등,로얄 라운지 다이닝,코스요리,한우 1++ 채끝 등심 스테이크 / 생합 츄빠와 생선구이 / 한우1++ 까르파치오 등,
41107998-4101ec2d,마누테라스,비프웰링턴,양 목 등심구이 / 와규 치맛살 스테이크 / 새우 라비올리 등,바빌리안테이블,바질 치킨 오일 파스타,스테이크 라자냐 / 한우채끝 스테이크 / 토마토 해산물 스튜 등,
c909d67e-bb706ec7,양천옥설렁탕,설렁탕,왕갈비탕 / 도가니탕 / 낙지갈비탕 등,구수옥설렁탕,설렁탕,갈비탕 / 특설렁탕 / 꼬리곰탕 등,
c909d67e-90fdf20e,양천옥설렁탕,설렁탕,왕갈비탕 / 도가니탕 / 낙지갈비탕 등,단아,단아 세트,한우 우족 연포탕 / 두부 해물 오합 / 명란 치즈 감자전 등,
c909d67e-42902221,양천옥설렁탕,설렁탕,왕갈비탕 / 도가니탕 / 낙지갈비탕 등,우리설렁탕,쌈 설렁탕,설렁탕 / 떡만두설렁탕 / 선지해장국 / 도가니탕 등,
c909d67e-bb88036b,양천옥설렁탕,설렁탕,왕갈비탕 / 도가니탕 / 낙지갈비탕 등,고래불,자연산바위굴,독도꽃새우 / 고래고기 / 바다물곰탕 등,
c909d67e-dfed3482,양천옥설렁탕,설렁탕,왕갈비탕 / 도가니탕 / 낙지갈비탕 등,풍미연,양지 사골 설렁탕,진한설렁탕 / 소머리곰탕 / 갈비탕 / 해내탕 등,
c909d67e-375dfabd,양천옥설렁탕,설렁탕,왕갈비탕 / 도가니탕 / 낙지갈비탕 등,혜장국,한우 육개장,한우 수육 / 한우 육회비빔밥 / 한우전골 등,
4101ec2d-679d514f,바빌리안테이블,바질 치킨 오일 파스타,스테이크 라자냐 / 한우채끝 스테이크 / 토마토 해산물 스튜 등,씨네 드 쉐프(CINE de CHEF),코스요리,쉐어링 플레이트 / 한우 1++ 안심 스테이크 / 랍스터 파스타 / 안심 파스타 등,
4101ec2d-edf2cb67,바빌리안테이블,바질 치킨 오일 파스타,스테이크 라자냐 / 한우채끝 스테이크 / 토마토 해산물 스튜 등,그랑씨엘,앤초비 오일 파스타,한우채끝등심스테이크 / 트러플버섯크림리조또 / 그랑씨엘샐러드 / 정통 까르보나라 등,
4101ec2d-a2291662,바빌리안테이블,바질 치킨 오일 파스타,스테이크 라자냐 / 한우채끝 스테이크 / 토마토 해산물 스튜 등,괴르츠,스테이크,파스타 / 리조또 등,
4101ec2d-d2eadee1,바빌리안테이블,바질 치킨 오일 파스타,스테이크 라자냐 / 한우채끝 스테이크 / 토마토 해산물 스튜 등,오뜨로,부채살 스테이크,이탈리안 봉골레 파스타 / 열대과일 리코타 샐러드 / 훈제연어 샐러드 등,
4101ec2d-d027d7bf,바빌리안테이블,바질 치킨 오일 파스타,스테이크 라자냐 / 한우채끝 스테이크 / 토마토 해산물 스튜 등,아메리칸테이블,스테이크 샐러드,해산물 레몬오일 파스타 / 시금치 고르곤졸라 피자 / 스파이시 베이컨 크림 리조또 등,
747aa713-a3579c8b,청담25,세트메뉴(2인 / 4인),한우구이 / 제주 갈치구이 / 옥돔구이 / 간장게장 / 양념꽃게장 등,우천식육식당 청담본점,한우 특수부위모듬,한우 등심 / 한우 안심 / 한우 육사사미 / 육회냉면 등,
747aa713-b9db530f,청담25,세트메뉴(2인 / 4인),한우구이 / 제주 갈치구이 / 옥돔구이 / 간장게장 / 양념꽃게장 등,강동반상,특강동반상,특영양갈비반상 / 갈비반상 / 게장반상 / 황태&수육반상 등,
747aa713-44686b22,청담25,세트메뉴(2인 / 4인),한우구이 / 제주 갈치구이 / 옥돔구이 / 간장게장 / 양념꽃게장 등,더클래스 청담,뷔페식,,
747aa713-8f60a565,청담25,세트메뉴(2인 / 4인),한우구이 / 제주 갈치구이 / 옥돔구이 / 간장게장 / 양념꽃게장 등,툇마루밥상,툇마루밥상,갈비찜 / 동태전 / 목살양념구이 / 황태구이 등,
747aa713-c27096ba,청담25,세트메뉴(2인 / 4인),한우구이 / 제주 갈치구이 / 옥돔구이 / 간장게장 / 양념꽃게장 등,후암편백,이베리코 편백찜,이베리코 샤부샤부 / 이베리코 철판요리 / 소고기 밀푀유나베 등,
747aa713-60cfa2ab,청담25,세트메뉴(2인 / 4인),한우구이 / 제주 갈치구이 / 옥돔구이 / 간장게장 / 양념꽃게장 등,백년손님,갈비탕,한우 등심 / 제주 돼지 한판 / 함흥 비빔냉면 등,
32e17c1b-6ea06aaa,기후,기후 오마카세,기후 오마카세,스시코우지,오마카세,,
32e17c1b-8c346018,기후,기후 오마카세,기후 오마카세,스시오오모토,오마카세,,
32e17c1b-c54c0704,기후,기후 오마카세,기후 오마카세,현해,현해코스,나베코스 / 야끼코스 / 오마카세코스 / 런치코스 등,
32e17c1b-befa3945,기후,기후 오마카세,기후 오마카세,스시초심,스시 오마카세,런치 오마카세 / 디너 오마카세 등,
32e17c1b-b352014e,기후,기후 오마카세,기후 오마카세,스시 장종현,"프라이빗스시카운터, 런치오마카세, 디너오마카세","테이크아웃 스시, 테이크아웃 사시미",
32e17c1b-7b0be85d,기후,기후 오마카세,기후 오마카세,크레이지카츠,로스카츠정식,상히레카츠정식 / 반반카츠정식 / 카츠산도 등,
9c894c9d-f3cd3970,옛날집,옛날집디럭스,해물차돌된장찌개 / 생불고기전골 / 한방돼지갈비찜 등,공기(Gongi),채끝등심구이,가지새우강정 / 낙지탕탕이숙회 / 미나리새우전 등,
9c894c9d-d576ba23,옛날집,옛날집디럭스,해물차돌된장찌개 / 생불고기전골 / 한방돼지갈비찜 등,아야진생태찌개 본점,생태찌개,콩나물코다리찜 / 해물모듬 / 통문어 등,
9c894c9d-c75f81de,옛날집,옛날집디럭스,해물차돌된장찌개 / 생불고기전골 / 한방돼지갈비찜 등,종점숯불갈비,차돌박이,돼지갈비 / 삼겹살 / 매운갈비찜 / 오삼불고기 등,
9c894c9d-93c06f9b,옛날집,옛날집디럭스,해물차돌된장찌개 / 생불고기전골 / 한방돼지갈비찜 등,자연석돌구이,대패삼겹살,차돌박이 / 오징어불고기 / 칼국수 / 김치찌개 등,
9c894c9d-9b73bb86,옛날집,옛날집디럭스,해물차돌된장찌개 / 생불고기전골 / 한방돼지갈비찜 등,뱃고동,오징어불고기,낙지전골 / 산낙지불고기 / 오징어전골 등,
9c894c9d-26f6aead,옛날집,옛날집디럭스,해물차돌된장찌개 / 생불고기전골 / 한방돼지갈비찜 등,3일한우국밥,한우국밥,한우곰탕 / 한우육회 / 한우전골 / 매운갈비찜 등,
