번호,식당,판정,자치구,주소,네이버,원장,원장상호,관리번호,위도,경도,전화,웹 근거 등급(초안),근거 출처,[확인] 등급,[확인] 인증 유효기간,[확인] 돼지고기,[확인] 술,확인일,메모
예시,(적는 법),,,,,,,,,,,,,KMF 인증 / 타기관 인증 / 무슬림 자가인증 / 무슬림 프렌들리 / 포크프리 / 할랄 아님 / 모름,2027-03-16 (인증서 사진·게시물 기준),없음 / 있음 / 모름,안 팖 / 팖 / 모름,2026-09-27,이 줄은 지우지 마세요. [확인] 칸만 사람이 채웁니다
1,양국 (Yang Good),영업,강남구,"서울 강남구 논현로95길 15, 지상1층 (역삼동)",https://map.naver.com/p/search/%EC%96%91%EA%B5%AD%20%EA%B0%95%EB%82%A8%EA%B5%AC,일반,양국,3220000-101-2013-00188,37.50207,127.0347034,,할랄 주장(웹),트립어드바이저·웹 가이드,,,,,,양고기 구이. 영문명 Yang Good
2,질할브로스 청담본점,영업,강남구,"서울 강남구 압구정로79길 36, 지상1층 오른쪽상가호 (청담동)",https://map.naver.com/p/search/%EC%A7%88%ED%95%A0%EB%B8%8C%EB%A1%9C%EC%8A%A4%20%EC%B2%AD%EB%8B%B4%EB%B3%B8%EC%A0%90%20%EA%B0%95%EB%82%A8%EA%B5%AC,일반,질할브로스 청담본점,3220000-101-2022-00187,37.5252354,127.0501053,,할랄 식당(커뮤니티),이슬람in코리아,,,,,,역삼점 등 같은 브랜드 영업 지점 더 있음
3,케르반 레스토랑 코엑스,영업,강남구,"서울 강남구 영동대로 513, 지하1층 H105호 (삼성동, 기존컨벤션센터)",https://map.naver.com/p/search/%EC%BC%80%EB%A5%B4%EB%B0%98%EB%A0%88%EC%8A%A4%ED%86%A0%EB%9E%91%20%EC%BD%94%EC%97%91%EC%8A%A4%EC%A0%90%20%EA%B0%95%EB%82%A8%EA%B5%AC,일반,케르반레스토랑 코엑스점,3220000-101-2014-01136,37.5125208,127.0588195,025564746,KMF 인증 주장 — 현재 목록엔 없음,Visit Seoul,,,,,,
4,할랄킹 건대점,영업,광진구,"서울 광진구 광나루로 410, KCC파크타운 1층 112호 (화양동)",https://map.naver.com/p/search/%ED%95%A0%EB%9E%84%ED%82%B9%20%EC%84%B8%EC%A2%85%EA%B1%B4%EB%8C%80%EC%A0%90%20%EA%B4%91%EC%A7%84%EA%B5%AC,일반,할랄킹 세종건대점,3040000-101-2026-00258,37.5465591,127.0750124,,KMF 인증 만료(2026-09-17),KMF 인증 업체 목록,,,,,,
5,할랄킹 신설동점,영업,동대문구,"서울 동대문구 한빛로 11, 1층 (신설동)",https://map.naver.com/p/search/%ED%95%A0%EB%9E%84%ED%82%B9%28HALAL%20KING%29%20%EB%8F%99%EB%8C%80%EB%AC%B8%EA%B5%AC,일반,할랄킹(HALAL KING),3050000-101-2022-00085,37.5770381,127.024615,,KMF 인증 만료(2026-09-17),KMF 인증 업체 목록,,,,,,
6,죠티 인도레스토랑 신촌,영업,마포구,"서울 마포구 신촌로20길 6 (노고산동,3층)",https://map.naver.com/p/search/%EC%A3%BC%29%EC%A3%A0%ED%8B%B0%EC%9D%B8%EB%8F%84%EB%A0%88%EC%8A%A4%ED%86%A0%EB%9E%91%20%EB%A7%88%ED%8F%AC%EA%B5%AC,일반,주)죠티인도레스토랑,3130000-101-2009-00664,37.5549511,126.9379544,,할랄 식당(커뮤니티),이슬람in코리아,,,,,,
7,고삼이 신촌,영업,서대문구,"서울 서대문구 연세로7안길 38 (창천동,,72 (지상1층))",https://map.naver.com/p/search/%EA%B3%A0%EC%82%BC%EC%9D%B4%20%EC%84%9C%EB%8C%80%EB%AC%B8%EA%B5%AC,일반,고삼이,3120000-101-1995-07791,37.5583636,126.9347282,02-324-1403,무슬림 친화(기사),Daum 2025-12 기사·이슬람in코리아,,,,,,생선구이. 할랄 인증 여부 불명
8,미스터 케밥,영업,용산구,서울 용산구 이태원로 192 (이태원동),https://map.naver.com/p/search/%EB%AF%B8%EC%8A%A4%ED%84%B0%EC%BC%80%EB%B0%A5%20%EC%9A%A9%EC%82%B0%EA%B5%AC,일반,미스터케밥,3020000-101-2001-07846,37.5343562,126.9953608,07077581997,KMF 인증 주장 — 현재 목록엔 없음,Visit Seoul,,,,,,
9,술탄 케밥 이태원,영업,용산구,"서울 용산구 보광로 126 (이태원동, 127-28 지상1층)",https://map.naver.com/p/search/%EC%88%A0%ED%83%84%EB%B2%A0%EC%9D%B4%EC%BC%80%EB%B0%A5%20%EC%9A%A9%EC%82%B0%EA%B5%AC,일반,술탄베이케밥,3020000-101-2011-00254,37.5340397,126.9942203,07075721997,할랄 재료(웹),trazy·웹,,,,,,원장 상호 「술탄베이케밥」
10,에이치아이케이 모슬림레스토랑,영업,용산구,"서울 용산구 우사단로10길 41 (한남동,(지상1층))",https://map.naver.com/p/search/%EC%97%90%EC%9D%B4%EC%B9%98%EC%95%84%EC%9D%B4%EC%BC%80%EC%9D%B4%20%EB%AA%A8%EC%8A%AC%EB%A6%BC%EB%A0%88%EC%8A%A4%ED%86%A0%EB%9E%91%20%EC%9A%A9%EC%82%B0%EA%B5%AC,일반,에이치아이케이 모슬림레스토랑,3020000-101-2000-07763,37.5330064,126.9980093,027952487,모름 — 상호에 「모슬림」,원장에서 새로 발견,,,,,,후보 목록엔 없던 곳. 사원 길
11,이드,영업,용산구,"서울 용산구 우사단로10길 15, 1층 (이태원동)",https://map.naver.com/p/search/%EC%9D%B4%EB%93%9C%28eid%29%20%EC%9A%A9%EC%82%B0%EA%B5%AC,일반,이드(eid),3020000-101-2023-00006,37.5332908,126.996398,,KMF 인증 주장 — 현재 인증 목록엔 없음,Visit Seoul·헤럴드경제(한식 최초 KMF 인증),,,,,,
12,이태원피자,영업,용산구,"서울 용산구 보광로60길 14-6, 1층 102호 (이태원동, 성도스카이빌)",https://map.naver.com/p/search/%EC%9D%B4%ED%83%9C%EC%9B%90%20%ED%94%BC%EC%9E%90%26%ED%8C%A8%EC%8A%A4%ED%8A%B8%ED%91%B8%EB%93%9C%28ITAEWON%20PIZZA%20%26%20FAST%20FOOD%29%20%EC%9A%A9%EC%82%B0%EA%B5%AC,일반,이태원 피자&패스트푸드(ITAEWON PIZZA & FAST FOOD),3020000-101-2026-00368,37.5337615,126.9948874,,할랄 식당(커뮤니티),이슬람in코리아,,,,,,
13,자이카 (Zaiqa),영업,용산구,"서울 용산구 우사단로10길 11, 지1층,1층 (이태원동)",https://map.naver.com/p/search/%EC%9E%90%EC%9D%B4%EC%B9%B4%28ZAIQA%29%20%EC%9A%A9%EC%82%B0%EA%B5%AC,일반,자이카(ZAIQA),3020000-101-2014-00053,37.5332324,126.996232,02-792-7155,할랄(웹) — 파키스탄 탄두리·커리,공식 SNS(2026-02 라마단 게시물),,,,,,원장에서 새로 발견. 이스탄불 딜라이트·봄베이 그릴이 소개되던 주소
14,집밥김선생,영업,용산구,"서울 용산구 녹사평대로32길 3, 1층 (이태원동)",https://map.naver.com/p/search/%EC%A7%91%EB%B0%A5%EA%B9%80%EC%84%A0%EC%83%9D%20%EC%9A%A9%EC%82%B0%EA%B5%AC,일반,집밥김선생,3020000-101-2021-00140,37.5336796,126.9890219,,KMF 인증 주장 — 현재 목록엔 없음,Visit Seoul,,,,,,
15,케르반 레스토랑 이태원,영업,용산구,"서울 용산구 이태원로 192, 1층 (이태원동)",https://map.naver.com/p/search/%EC%BC%80%EB%A5%B4%EB%B0%98%EB%A0%88%EC%8A%A4%ED%86%A0%EB%9E%91%20%EC%9A%A9%EC%82%B0%EA%B5%AC,일반,케르반레스토랑,3020000-101-2002-00387,37.5343562,126.9953608,0234632356,KMF 인증 주장 — 현재 목록엔 없음,Visit Seoul,,,,,,
16,케르반 카페,영업,용산구,"서울 용산구 우사단로10길 17, 1층 (이태원동)",https://map.naver.com/p/search/%EC%BC%80%EB%A5%B4%EB%B0%98%20%EC%B9%B4%ED%8E%98%20%EC%9A%A9%EC%82%B0%EA%B5%AC,일반,케르반 카페,3020000-101-2022-00454,37.53331,126.9965314,027972356,할랄 식당(커뮤니티),이슬람in코리아,,,,,,"케르반 브랜드 카페, 사원 앞"
17,하지 코리아 할랄푸드,영업,용산구,"서울 용산구 우사단로10길 39, 1층 (한남동)",https://map.naver.com/p/search/%ED%95%98%EC%A7%80%20%EC%9A%A9%EC%82%B0%EA%B5%AC,일반,하지,3020000-101-2017-00031,37.5333624,126.9976346,,할랄 식당(커뮤니티),이슬람in코리아·Visit Seoul,,,,,,원장 상호 「하지」
18,구르카,영업,중구,"서울 중구 명동10길 16-1, 5층 (명동2가)",https://map.naver.com/p/search/%EA%B5%AC%EB%A5%B4%EC%B9%B4%20%EC%A4%91%EA%B5%AC,일반,구르카,3010000-101-2002-00566,37.563064,126.9851915,027758860,할랄 식당(커뮤니티),이슬람in코리아,,,,,,네팔 음식
19,마리먹자,영업,중구,"서울 중구 퇴계로 114 (회현동3가, 2층)",https://map.naver.com/p/search/%EB%A7%88%EB%A6%AC%EB%A8%B9%EC%9E%90%20%EC%A4%91%EA%B5%AC,일반,마리먹자,3010000-101-2011-00365,37.5605357,126.9843119,,무슬림 친화(웹),웹 여행 가이드,,,,,,한식·말레이시아 퓨전
20,부산집 (한식),영업,중구,"서울 중구 명동8길 11-4 (명동2가,(지상1층))",https://map.naver.com/p/search/%EB%AA%85%EB%8F%99%EB%B6%80%EC%82%B0%EC%A7%91%20%EC%A4%91%EA%B5%AC,일반,명동부산집,3010000-101-1975-09990,37.5631363,126.9848573,02-776-6538,KMF 인증 만료(2026-04-14),KMF 인증 업체 목록·트립닷컴,,,,,,부산집 3곳이 모두 할랄 인증이라는 소개
21,부산집 bbq,영업,중구,"서울 중구 명동8길 11-8, 1층 (명동2가)",https://map.naver.com/p/search/%EB%B6%80%EC%82%B0%EC%A7%91%20bbq%20%EC%A4%91%EA%B5%AC,일반,부산집 bbq,3010000-101-2023-00147,37.5631587,126.9850953,,KMF 인증 만료(2026-04-14),KMF 인증 업체 목록,,,,,,
22,죠티 인도레스토랑 충무로,영업,중구,서울 중구 서애로 12-4 (충무로5가),https://map.naver.com/p/search/%28%EC%A3%BC%29%EC%A3%A0%ED%8B%B0%EC%9D%B8%EB%8F%84%EB%A0%88%EC%8A%A4%ED%86%A0%EB%9E%91%20%EC%A4%91%EA%B5%AC,일반,(주)죠티인도레스토랑,3010000-101-1996-05715,37.5613285,126.9979377,02-267-7886,할랄 식당(커뮤니티),이슬람in코리아,,,,,,
23,할랄부산집,영업,중구,"서울 중구 명동8길 11-6 (명동2가, 1층)",https://map.naver.com/p/search/%ED%95%A0%EB%9E%84%EB%B6%80%EC%82%B0%EC%A7%91%20%EC%A4%91%EA%B5%AC,일반,할랄부산집,3010000-101-1992-09994,37.563152,126.9849666,027763896,KMF 인증 만료(2026-04-14),KMF 인증 업체 목록·웹,,,,,,
24,살람,확인 필요,,,https://map.naver.com/p/search/%EC%82%B4%EB%9E%8C%20%EC%84%9C%EC%9A%B8,,,,,,,KMF 인증 주장 — 현재 목록엔 없음,Visit Seoul·아주경제 2025-01,,,,,,우사단로10길 39 의 「쌀람」 기록 둘 다 폐업(2014·2020). 2025년 기사·인스타그램엔 영업 중 — 다른 상호로 재등록한 듯
25,인도로가는길,확인 필요,,,https://map.naver.com/p/search/%EC%9D%B8%EB%8F%84%EB%A1%9C%EA%B0%80%EB%8A%94%EA%B8%B8%20%EC%84%9C%EC%9A%B8,,,,,,,할랄 식당(커뮤니티),이슬람in코리아,,,,,,웹 주소 인사동5길 20 2층 — 원장엔 같은 자리에 「인디아 쉐프」(블로그상 신규 개업). 가게가 바뀐 듯
26,파샤,폐업 기록만,,,,,,,,,,,,,,,,,"이태원로 188-1, 2017-08 폐업 — 재등록 가능성 있어 단정 안 함"
27,할랄 키친,폐업 기록만,,,,,,,,,,,,,,,,,2021-02·2017-08 폐업 — 재등록 가능성 있어 단정 안 함
28,할랄가이즈 이태원,폐업 기록만,,,,,,,,,,,,,,,,,2026-06-22 폐업. 홍대·강남점도 2025-10 폐업 — 재등록 가능성 있어 단정 안 함
29,헬로 베이루트,폐업 기록만,,,,,,,,,,,,,,,,,2021-09 폐업 — 재등록 가능성 있어 단정 안 함
30,마칸,원장에 없음,,,,,,,,,,,,,,,,,Visit Seoul에 폐업 표시
31,봄베이 그릴,원장에 없음,,,,,,,,,,,,,,,,,웹 주소 우사단로10길 11 — 원장엔 그 주소에 자이카만 영업
32,이스탄불 딜라이트,원장에 없음,,,,,,,,,,,,,,,,,웹 주소 우사단로10길 11 — 원장엔 그 주소에 자이카만 영업
33,케르반 익스프레스 GFC,원장에 없음,,,,,,,,,,,,,,,,,강남파이낸스센터(테헤란로 152) 영업 92곳 중 케르반 없음 — 닫았을 수 있음
34,하이비스커스 아시안 레스토랑 서울점,원장에 없음,,,,,,,,,,,,,,,,,인사동길 49 5층에 없음 — 서울점은 닫았을 수 있음(판교점은 있음)
35,고삼이 합정직영점,제외,,,,,,,,,,,,,,,,,할랄 소개는 신촌점
36,남문,제외,,,,,,,,,,,,,,,,,KMF 유효 인증 유일 — 그러나 남이섬(가평) 식당으로 보임. 서울 아님
37,이슬람 식당,제외,,,,,,,,,,,,,,,,,특정 불가 — 출처 문장이 모호
