매장명,주소,평일_영업시간,금_영업시간,토_영업시간,일_영업시간,휴일_영업시간,정기휴무일,명절휴무,태그
올리브영 명동 타운,서울특별시 중구 명동길 53 1~2층,10:00 ~ 22:30,10:00 ~ 22:30,10:00 ~ 22:30,10:00 ~ 22:30,10:00 ~ 22:30,,,"쿠폰/증정, 스마트 반품"
명동점,서울특별시 중구 명동8길 14,10:00 ~ 22:30,10:00 ~ 22:30,10:00 ~ 22:30,10:00 ~ 22:30,10:00 ~ 22:30,,,스마트 반품
명동타임워크점,"서울특별시 중구 남대문로 78 타임워크명동 108호, 109호",09:30 ~ 22:30,09:30 ~ 22:30,09:30 ~ 22:30,09:30 ~ 22:30,09:30 ~ 22:30,,,스마트 반품
올리브영 센트럴 명동 타운,서울특별시 중구 명동8길 27 엠플라자 B1층~3층,10:00 ~ 22:30,10:00 ~ 22:30,10:00 ~ 22:30,10:00 ~ 22:30,10:00 ~ 22:30,,,쿠폰/증정
명동역점,서울특별시 중구 퇴계로 115 밀리오레 1층,10:00 ~ 22:30,10:00 ~ 22:30,10:00 ~ 22:30,10:00 ~ 22:30,10:00 ~ 22:30,,,스마트 반품
명동2가점,서울특별시 중구 남대문로 68-1,10:00 ~ 22:30,10:00 ~ 22:30,10:00 ~ 22:30,10:00 ~ 22:30,10:00 ~ 22:30,,,"픽업, 스마트 반품"
명동거리점,서울특별시 중구 명동8나길 9,10:00 ~ 22:30,10:00 ~ 22:30,10:00 ~ 22:30,10:00 ~ 22:30,10:00 ~ 22:30,,,"픽업, 스마트 반품"
명동대로점,서울특별시 중구 퇴계로 120 1층,10:00 ~ 22:30,10:00 ~ 22:30,10:00 ~ 22:30,10:00 ~ 22:30,10:00 ~ 22:30,,,"픽업, 스마트 반품"
종각점,서울특별시 종로구 종로 61 1층,09:00 ~ 22:30,09:00 ~ 22:30,09:00 ~ 22:30,09:00 ~ 22:30,09:00 ~ 22:30,,당일 휴무,"픽업, 스마트 반품"
무교동점,서울특별시 중구 무교로 24 1층,08:00 ~ 22:30,08:00 ~ 22:30,11:00 ~ 21:00,11:00 ~ 21:00,11:00 ~ 21:00,,당일 휴무,"픽업, 스마트 반품"
종로점,서울특별시 종로구 종로 78 미려빌딩 1층 일부,09:00 ~ 22:30,09:00 ~ 22:30,09:00 ~ 22:30,09:00 ~ 22:30,09:00 ~ 22:30,,,"픽업, 스마트 반품"
종로YBM점,서울특별시 종로구 종로 104,08:00 ~ 22:30,08:00 ~ 22:30,08:00 ~ 22:30,08:00 ~ 22:30,08:00 ~ 22:30,,,"픽업, 스마트 반품"
시청역점,서울특별시 중구 세종대로16길 1 1층,09:00 ~ 22:30,09:00 ~ 22:30,09:00 ~ 22:30,09:00 ~ 22:30,09:00 ~ 22:30,,당일 휴무,"픽업, 스마트 반품"
스타필드애비뉴그랑서울점,서울특별시 종로구 종로 33 스타필드애비뉴그랑서울 올리브영 타워1 상업시설 B1층 B135호,08:00 ~ 21:00,08:00 ~ 21:00,10:00 ~ 21:00,10:00 ~ 21:00,10:00 ~ 21:00,,,"픽업, 스마트 반품"
덕수궁점,서울특별시 중구 세종대로 91,08:00 ~ 22:30,08:00 ~ 22:30,10:00 ~ 22:00,10:00 ~ 22:00,10:00 ~ 22:00,,,"픽업, 스마트 반품"
종로1가점,서울특별시 종로구 종로 19 르미에르종로타운 1층,08:00 ~ 22:30,08:00 ~ 22:30,09:00 ~ 22:30,10:00 ~ 22:30,10:00 ~ 22:30,,,"픽업, 스마트 반품"
올리브베러 광화문점,서울특별시 종로구 종로3길 17 D타워,09:00 ~ 22:00,09:00 ~ 22:00,10:00 ~ 22:00,10:00 ~ 22:00,10:00 ~ 22:00,,,"픽업, 스마트 반품"
충무로역점,서울특별시 중구 퇴계로 222 구인빌딩 1층,08:30 ~ 22:00,08:30 ~ 22:00,08:30 ~ 22:00,11:00 ~ 22:00,11:00 ~ 22:00,,,"픽업, 스마트 반품"
세종로점,서울특별시 종로구 세종대로 161 1층,08:00 ~ 22:30,08:00 ~ 22:30,08:00 ~ 22:30,08:00 ~ 22:30,08:00 ~ 22:30,,,"픽업, 스마트 반품"
인사동점,"서울특별시 종로구 인사동길 49 안녕인사동 올리브영 지상1층 12번, 지상M층 3번, 4번",10:30 ~ 21:30,10:30 ~ 21:30,10:30 ~ 21:30,10:30 ~ 21:30,10:30 ~ 21:30,,,"픽업, 스마트 반품"
씨제이남산더센터점,서울특별시 중구 소월로2길 12 CJ빌딩,08:00 ~ 18:00,08:00 ~ 18:00,08:00 ~ 18:00,08:00 ~ 18:00,08:00 ~ 18:00,,전일~익일 휴무,스마트 반품
서울역점,서울특별시 중구 한강대로 405,08:00 ~ 22:00,08:00 ~ 22:00,09:00 ~ 22:00,09:00 ~ 22:00,09:00 ~ 22:00,,,"픽업, 스마트 반품"
안국역점,서울특별시 종로구 북촌로 1,10:00 ~ 22:00,10:00 ~ 22:00,10:00 ~ 22:00,10:00 ~ 22:00,10:00 ~ 22:00,,,"픽업, 스마트 반품, 스킨스캔"
정동점,서울특별시 중구 새문안로 26,08:00 ~ 22:00,08:00 ~ 22:00,11:00 ~ 22:00,11:00 ~ 22:00,11:00 ~ 22:00,,당일 휴무,"픽업, 스마트 반품"
광장마켓점,서울특별시 종로구 창경궁로 88 2층 올리브영,10:00 ~ 22:00,10:00 ~ 22:00,10:00 ~ 22:00,10:00 ~ 22:00,10:00 ~ 22:00,,,"픽업, 스마트 반품, 스킨스캔"
제일제당센터점,서울특별시 중구 동호로 330 지하1층,08:00 ~ 21:00,08:00 ~ 21:00,11:00 ~ 21:00,11:00 ~ 21:00,11:00 ~ 21:00,,,"픽업, 스마트 반품"
롯데아울렛서울역점,서울특별시 용산구 한강대로 405 롯데아울렛 서울역점 2층 일부,10:30 ~ 22:00,10:30 ~ 22:00,10:30 ~ 22:00,10:30 ~ 22:00,10:30 ~ 22:00,,당일 휴무,"쿠폰/증정, 픽업, 스마트 반품, 신규오픈"
플러스점,서울특별시 용산구 한강대로 372 KDB생명타워 B114~B115,08:00 ~ 20:00,08:00 ~ 20:00,-,-,-,,전일~익일 휴무,"픽업, 스마트 반품"
트윈시티점,"서울특별시 용산구 한강대로 366 B1 109,110호",10:00 ~ 22:00,10:00 ~ 22:00,11:00 ~ 20:00,11:00 ~ 20:00,11:00 ~ 20:00,,,"픽업, 스마트 반품"
경복궁역점,"서울특별시 종로구 자하문로 9 1,2층",09:00 ~ 22:30,09:00 ~ 22:30,10:00 ~ 22:30,10:00 ~ 22:30,10:00 ~ 22:30,,,"픽업, 스마트 반품"
던던동대문점,서울특별시 중구 을지로 264 지하2층,10:30 ~ 21:00,10:30 ~ 21:00,10:30 ~ 21:00,10:30 ~ 21:00,10:30 ~ 21:00,,당일 휴무,"픽업, 스마트 반품"
동대문역사문화공원사거리점,서울특별시 중구 을지로 255,10:00 ~ 23:30,10:00 ~ 23:30,10:00 ~ 23:30,10:00 ~ 23:30,10:00 ~ 23:30,,,"픽업, 스마트 반품"
홍대대학로점,서울특별시 종로구 대학로 57 홍익대대학로캠퍼스 내 1층,10:00 ~ 22:00,10:00 ~ 22:00,10:00 ~ 22:00,10:00 ~ 22:00,10:00 ~ 22:00,,당일 휴무,"픽업, 스마트 반품"
동대문역사문화공원역점,서울특별시 중구 장충단로 251 1층,10:00 ~ 23:30,10:00 ~ 23:30,10:00 ~ 23:30,10:00 ~ 23:30,10:00 ~ 23:30,,,"픽업, 스마트 반품"
현대시티아울렛동대문점,서울특별시 중구 장충단로13길 20 2층,10:30 ~ 21:00,10:30 ~ 21:00,10:30 ~ 21:00,10:30 ~ 21:00,10:30 ~ 21:00,,당일 휴무,"픽업, 스마트 반품, 스킨스캔"
독립문점,"서울특별시 종로구 송월길 99 경희궁 자이 2132, 2133, 2134호",10:00 ~ 22:30,10:00 ~ 22:30,10:00 ~ 22:30,10:00 ~ 22:30,10:00 ~ 22:30,,당일 휴무,"픽업, 스마트 반품"
두타점,서울특별시 중구 장충단로 275 두산타워빌딩 지하 2층,10:30 ~ 00:00,10:30 ~ 00:00,10:30 ~ 00:00,10:30 ~ 00:00,10:30 ~ 00:00,,전일~당일 휴무,"픽업, 스마트 반품, 스킨스캔"
만리동점,서울특별시 중구 만리재로 175 서울역센트럴자이 상가 1층,10:00 ~ 22:30,10:00 ~ 22:30,10:00 ~ 22:30,10:00 ~ 22:30,10:00 ~ 22:30,,당일 휴무,"픽업, 스마트 반품"
대학로점,서울특별시 종로구 창경궁로 237 1~3층,10:00 ~ 22:30,10:00 ~ 22:30,10:00 ~ 22:30,10:00 ~ 22:30,10:00 ~ 22:30,,당일 휴무,"픽업, 스마트 반품"
혜화역점,서울특별시 종로구 대학로 122 흥사단회관 1층,10:00 ~ 22:30,10:00 ~ 22:30,10:00 ~ 22:30,10:00 ~ 22:30,10:00 ~ 22:30,,당일 휴무,"픽업, 스마트 반품"
약수역점,서울특별시 중구 동호로 192,09:30 ~ 22:30,09:30 ~ 22:30,10:00 ~ 22:30,10:00 ~ 22:30,10:00 ~ 22:30,,당일 휴무,"픽업, 스마트 반품"
숙대입구역점,서울특별시 용산구 한강대로 285 (갈월동),10:00 ~ 22:30,10:00 ~ 22:30,10:00 ~ 22:30,10:00 ~ 22:30,10:00 ~ 22:30,,당일 휴무,"픽업, 스마트 반품"
숙대점,서울특별시 용산구 청파로45길 19 복조빌딩 1층(올리브영 숙대점),09:30 ~ 22:30,09:30 ~ 22:30,09:30 ~ 22:30,10:00 ~ 22:30,10:00 ~ 22:30,,당일 휴무,"픽업, 스마트 반품"
대학로중앙점,서울특별시 종로구 대학로 144 1층,10:00 ~ 23:00,10:00 ~ 23:00,10:00 ~ 23:00,10:00 ~ 23:00,10:00 ~ 23:00,,,"픽업, 스마트 반품"
아현역점,서울특별시 서대문구 신촌로35길 10 103호,10:00 ~ 22:30,10:00 ~ 22:30,10:00 ~ 22:30,10:00 ~ 22:30,10:00 ~ 22:30,,당일 휴무,"픽업, 스마트 반품"
신당역점,서울특별시 중구 다산로 258,09:00 ~ 22:30,09:00 ~ 22:30,10:00 ~ 22:30,10:00 ~ 22:30,10:00 ~ 22:30,,당일 휴무,"픽업, 스마트 반품"
애오개역점,서울특별시 마포구 마포대로 201 마포트라펠리스 2차 1층,09:00 ~ 22:30,09:00 ~ 22:30,09:00 ~ 22:30,10:00 ~ 22:00,10:00 ~ 22:00,,당일 휴무,"픽업, 스마트 반품"
동묘앞역점,서울특별시 종로구 종로 346,09:00 ~ 22:30,09:00 ~ 22:30,09:00 ~ 22:30,09:00 ~ 22:30,09:00 ~ 22:30,,,"픽업, 스마트 반품"
신금호역점,서울특별시 성동구 무수막길 95,10:00 ~ 22:30,10:00 ~ 22:30,10:00 ~ 22:30,10:00 ~ 22:30,10:00 ~ 22:30,,,"픽업, 스마트 반품"
용산리첸시아점,"서울특별시 용산구 백범로 341 외 1필지(원효로1가, 리첸시아 용산) 리첸시아 에이동 103호, 104호, 105호, 112호",10:00 ~ 22:30,10:00 ~ 22:30,10:00 ~ 22:30,10:00 ~ 22:30,10:00 ~ 22:30,,당일 휴무,"픽업, 스마트 반품"
이태원입구점,서울특별시 용산구 이태원로 145,11:00 ~ 22:00,11:00 ~ 22:00,11:00 ~ 22:00,11:00 ~ 22:00,11:00 ~ 22:00,,당일 휴무,"픽업, 스마트 반품"
이태원중앙점,서울특별시 용산구 이태원로 179 해밀톤쇼핑센터 1층,11:00 ~ 22:30,11:00 ~ 22:30,11:00 ~ 22:30,11:00 ~ 22:30,11:00 ~ 22:30,,,"픽업, 스마트 반품"
한성대입구역점,서울특별시 성북구 삼선교로 12 1층,10:00 ~ 22:00,10:00 ~ 22:00,10:00 ~ 22:00,10:00 ~ 22:00,10:00 ~ 22:00,,,"픽업, 스마트 반품"
황학사거리점,서울특별시 성동구 왕십리로 410 센트라스 1층 158호,10:00 ~ 23:00,10:00 ~ 23:00,10:00 ~ 23:00,10:00 ~ 23:00,10:00 ~ 23:00,,당일 휴무,"픽업, 스마트 반품"
공덕파크팰리스점,서울특별시 마포구 마포대로 143 마포공덕파크팰리스 108호,09:00 ~ 22:30,09:00 ~ 22:30,10:00 ~ 22:30,10:00 ~ 22:30,10:00 ~ 22:30,,당일 휴무,"픽업, 스마트 반품"
이대중앙점,서울특별시 서대문구 이화여대길 12,10:00 ~ 22:30,10:00 ~ 22:30,10:00 ~ 22:30,10:00 ~ 22:30,10:00 ~ 22:30,,,"픽업, 스마트 반품, 스킨스캔"
공덕역점,서울특별시 마포구 백범로 199 메트로디오빌 1층,10:00 ~ 22:30,10:00 ~ 22:30,10:00 ~ 22:30,10:00 ~ 22:30,10:00 ~ 22:30,,당일 휴무,"픽업, 스마트 반품"
신설동역점,서울특별시 동대문구 왕산로 4 1층,09:00 ~ 22:30,09:00 ~ 22:30,10:00 ~ 22:30,10:00 ~ 22:30,10:00 ~ 22:30,,당일 휴무,"픽업, 스마트 반품"
금호점,서울특별시 성동구 독서당로 302 1층,10:00 ~ 22:30,10:00 ~ 22:30,10:00 ~ 22:30,10:00 ~ 22:30,10:00 ~ 22:30,,당일 휴무,"픽업, 스마트 반품"
상왕십리역점,서울특별시 성동구 왕십리로 382,10:00 ~ 22:30,10:00 ~ 22:30,10:00 ~ 22:30,10:00 ~ 22:30,10:00 ~ 22:30,,당일 휴무,"픽업, 스마트 반품"
순천향입구점,서울특별시 용산구 대사관로 71,09:00 ~ 22:30,09:00 ~ 22:30,09:00 ~ 22:30,09:00 ~ 22:30,09:00 ~ 22:30,,당일 휴무,"픽업, 스마트 반품"
한남오거리점,서울특별시 용산구 독서당로 65-1,09:00 ~ 22:30,09:00 ~ 22:30,10:00 ~ 22:30,10:00 ~ 22:30,10:00 ~ 22:30,,당일 휴무,"픽업, 스마트 반품"
마포공덕점,서울특별시 마포구 마포대로 78 자람빌딩 1층,10:00 ~ 23:00,10:00 ~ 23:00,10:00 ~ 23:00,10:00 ~ 23:00,10:00 ~ 23:00,,,"픽업, 스마트 반품"
신촌대로점,서울특별시 서대문구 신촌로 121 1층,10:00 ~ 22:30,10:00 ~ 22:30,10:00 ~ 22:30,10:00 ~ 22:30,10:00 ~ 22:30,,당일 휴무,"픽업, 스마트 반품"
신촌명물거리점,서울특별시 서대문구 명물길 54,10:00 ~ 23:00,10:00 ~ 23:00,10:00 ~ 23:00,10:00 ~ 23:00,10:00 ~ 23:00,,,"픽업, 스마트 반품"
돈암점,서울특별시 성북구 동소문로22길 39,10:00 ~ 23:00,10:00 ~ 23:00,10:00 ~ 23:00,10:00 ~ 23:00,10:00 ~ 23:00,,,"픽업, 스마트 반품"
마포역점,서울특별시 마포구 마포대로 53 마포트라팰리스상가 115호,09:00 ~ 23:30,09:00 ~ 23:30,10:00 ~ 23:00,10:00 ~ 23:00,10:00 ~ 23:00,,,"픽업, 스마트 반품"
대흥역점,서울특별시 마포구 백범로 91,10:00 ~ 22:00,10:00 ~ 22:00,10:00 ~ 22:00,10:00 ~ 22:00,10:00 ~ 22:00,,당일 휴무,"픽업, 스마트 반품"
용산아이파크몰점,서울특별시 용산구 한강대로23길 55 HDC 아이파크몰 패션파크 4F,10:30 ~ 22:00,10:30 ~ 22:00,10:30 ~ 22:00,10:30 ~ 22:00,10:30 ~ 22:00,,,"픽업, 스마트 반품, 스킨스캔"
신촌연세점,서울특별시 서대문구 연세로 37 1층,10:00 ~ 23:00,10:00 ~ 23:00,10:00 ~ 23:00,10:00 ~ 23:00,10:00 ~ 23:00,,당일 휴무,"픽업, 스마트 반품"
성신여대입구역점,서울특별시 성북구 아리랑로 9,10:00 ~ 22:00,10:00 ~ 22:00,10:00 ~ 22:00,10:00 ~ 22:00,10:00 ~ 22:00,,당일 휴무,"픽업, 스마트 반품"
신용산역점,"서울특별시 용산구 한강대로 95 (한강로2가, 래미안용산) 101호,102호",09:00 ~ 22:30,09:00 ~ 22:30,10:00 ~ 22:30,11:00 ~ 22:30,11:00 ~ 22:30,,,"픽업, 스마트 반품"
용산아이파크몰더센터점,서울특별시 용산구 한강대로23길 55 용산아이파크몰 지하1층,10:00 ~ 22:00,10:00 ~ 22:00,10:00 ~ 22:00,10:00 ~ 22:00,10:00 ~ 22:00,,,"픽업, 스마트 반품"
마포도화점,서울특별시 마포구 삼개로 20,10:00 ~ 22:00,10:00 ~ 22:00,10:00 ~ 22:00,10:00 ~ 22:00,10:00 ~ 22:00,,당일 휴무,"픽업, 스마트 반품"
신촌중앙점,서울특별시 서대문구 신촌로 93 광신빌딩 1층,10:00 ~ 23:00,10:00 ~ 23:00,10:00 ~ 23:00,10:00 ~ 23:00,10:00 ~ 23:00,,,"픽업, 스마트 반품"
돈암중앙점,서울특별시 성북구 동소문로 118 1층,09:00 ~ 23:00,09:00 ~ 23:00,09:00 ~ 23:00,10:00 ~ 23:00,10:00 ~ 23:00,,,"픽업, 스마트 반품"
홍제역점,서울특별시 서대문구 통일로 446,10:00 ~ 22:30,10:00 ~ 22:30,10:00 ~ 22:30,10:00 ~ 22:30,10:00 ~ 22:30,,,"픽업, 스마트 반품"
신촌로터리점,서울특별시 마포구 서강로 133 1층,10:00 ~ 22:30,10:00 ~ 22:30,10:00 ~ 22:30,10:00 ~ 22:30,10:00 ~ 22:30,,당일 휴무,"픽업, 스마트 반품"
안암점,서울특별시 성북구 고려대로24길 44 1층,10:00 ~ 23:00,10:00 ~ 23:00,10:00 ~ 23:00,11:00 ~ 23:00,11:00 ~ 23:00,,당일 휴무,"픽업, 스마트 반품"
왕십리역사점,서울특별시 성동구 왕십리광장로 17 2층,10:00 ~ 23:00,10:00 ~ 23:00,10:00 ~ 23:00,10:00 ~ 23:00,10:00 ~ 23:00,,,"픽업, 스마트 반품"
연희점,서울특별시 서대문구 연희로 97 올리브영,10:00 ~ 22:30,10:00 ~ 22:30,10:00 ~ 22:30,10:00 ~ 22:30,10:00 ~ 22:30,,당일 휴무,"픽업, 스마트 반품"
동부이촌점,서울특별시 용산구 이촌로75길 16,09:30 ~ 22:30,09:30 ~ 22:30,10:00 ~ 22:30,10:00 ~ 22:30,10:00 ~ 22:30,,당일 휴무,"픽업, 스마트 반품"
창천점,서울특별시 서대문구 신촌로 17,10:00 ~ 23:00,10:00 ~ 23:00,10:00 ~ 23:00,10:00 ~ 23:00,10:00 ~ 23:00,,당일 휴무,"픽업, 스마트 반품"
광흥창역점,서울특별시 마포구 서강로 75-16 PEER 1층,10:00 ~ 22:30,10:00 ~ 22:30,10:00 ~ 22:30,10:00 ~ 22:30,10:00 ~ 22:30,,당일 휴무,"픽업, 스마트 반품"
홍대공항철도역점,서울특별시 마포구 양화로 183,10:00 ~ 23:00,10:00 ~ 23:00,10:00 ~ 23:00,10:00 ~ 23:00,10:00 ~ 23:00,,,"픽업, 스마트 반품"
정릉점,서울특별시 성북구 보국문로 33,10:00 ~ 22:00,10:00 ~ 22:00,11:00 ~ 22:00,11:00 ~ 22:00,10:00 ~ 22:00,,당일 휴무,"픽업, 스마트 반품"
올리브영 홍대 타운,서울특별시 마포구 홍익로6길 57 올리브영 홍대 타운,10:00 ~ 22:30,10:00 ~ 22:30,10:00 ~ 22:30,10:00 ~ 22:30,10:00 ~ 22:30,,,"쿠폰/증정, 픽업, 스마트 반품"
동교동점,서울특별시 마포구 동교로 207,10:00 ~ 22:30,10:00 ~ 22:30,09:00 ~ 22:30,09:00 ~ 22:30,09:00 ~ 22:30,,,"픽업, 스마트 반품"
길음역점,서울특별시 성북구 정릉로 376 BR빌딩 지하 2층,10:00 ~ 22:30,10:00 ~ 22:30,10:00 ~ 22:30,10:00 ~ 22:30,10:00 ~ 22:30,,당일 휴무,"픽업, 스마트 반품"
청량리중앙점,서울특별시 동대문구 왕산로 194 1~2층,10:00 ~ 22:30,10:00 ~ 22:30,10:00 ~ 22:30,10:00 ~ 22:30,10:00 ~ 22:30,,,"픽업, 스마트 반품"
홍대정문점,서울특별시 마포구 홍익로 4 1층,09:00 ~ 22:30,09:00 ~ 22:30,10:00 ~ 22:30,10:00 ~ 22:30,10:00 ~ 22:30,,,"픽업, 스마트 반품"
홍대입구역점,서울특별시 마포구 양화로 156 엘지팰리스 1층,10:00 ~ 23:00,10:00 ~ 23:00,10:00 ~ 23:00,10:00 ~ 23:00,10:00 ~ 23:00,,,"픽업, 스마트 반품"
압구정점,서울특별시 강남구 논현로175길 6 1층,10:00 ~ 22:30,10:00 ~ 22:30,10:00 ~ 22:30,11:00 ~ 22:30,11:00 ~ 22:30,,당일 휴무,"픽업, 스마트 반품"
압구정역점,서울특별시 강남구 논현로 878 중산빌딩 1층,09:00 ~ 22:30,09:00 ~ 22:30,09:00 ~ 22:30,11:00 ~ 22:30,11:00 ~ 22:30,,,"픽업, 스마트 반품"
뚝섬역점,서울특별시 성동구 아차산로 6,09:00 ~ 22:30,09:00 ~ 22:30,10:00 ~ 22:30,10:00 ~ 22:30,10:00 ~ 22:30,,,"픽업, 스마트 반품"
길음점,서울특별시 성북구 길음로 11 롯데캐슬 상가 160~162호,10:00 ~ 22:00,10:00 ~ 22:00,10:00 ~ 22:00,10:00 ~ 22:00,10:00 ~ 22:00,,당일 휴무,"픽업, 스마트 반품"
홍대사거리점,서울특별시 마포구 양화로 140,10:00 ~ 23:00,10:00 ~ 23:00,10:00 ~ 23:00,10:00 ~ 23:00,10:00 ~ 23:00,,,스마트 반품
명지대점,서울특별시 서대문구 거북골로 34 명지대학교 인문캠퍼스 교육문화복합시설 1층MCC관,10:00 ~ 22:30,10:00 ~ 22:30,10:00 ~ 22:30,10:00 ~ 22:30,10:00 ~ 22:30,,당일 휴무,"픽업, 스마트 반품"
홍대놀이터점,서울특별시 마포구 와우산로21길 29 석전빌딩 1층~3층,10:00 ~ 23:00,10:00 ~ 23:00,10:00 ~ 23:00,10:00 ~ 23:00,10:00 ~ 23:00,,,"픽업, 스마트 반품, 스킨스캔"
트렌드팟 바이 올리브영홍대,서울특별시 마포구 와우산로21길 37,오늘 휴무,오늘 휴무,오늘 휴무,오늘 휴무,오늘 휴무,,,
상수역점,서울특별시 마포구 와우산로 49 상수아뜨리에 1층,09:00 ~ 22:30,09:00 ~ 22:30,10:00 ~ 22:30,10:00 ~ 22:30,10:00 ~ 22:30,,당일 휴무,"픽업, 스마트 반품"
서울숲역점,서울특별시 성동구 왕십리로 50 (성수동1가 656-335 1층),10:00 ~ 22:30,10:00 ~ 22:30,10:00 ~ 22:30,10:00 ~ 22:30,10:00 ~ 22:30,,당일 휴무,"픽업, 스마트 반품"
세로수길점,서울특별시 강남구 강남대로160길 45,11:00 ~ 22:00,11:00 ~ 22:00,11:00 ~ 22:00,11:00 ~ 22:00,11:00 ~ 22:00,,,"픽업, 스마트 반품, 스킨스캔"
압구정중앙점,서울특별시 강남구 논현로 842 압구정빌딩 1층,09:00 ~ 22:30,09:00 ~ 22:30,09:00 ~ 22:30,11:00 ~ 22:30,11:00 ~ 22:30,,,"픽업, 스마트 반품"
종암점,서울특별시 성북구 종암로 123 우영타워 102호,10:00 ~ 22:00,10:00 ~ 22:00,10:00 ~ 22:00,10:00 ~ 22:00,10:00 ~ 22:00,,당일 휴무,"픽업, 스마트 반품"
녹번역점,서울특별시 은평구 은평로 240 힐스테이트녹번역 상가 B3층 308 ~ 311호,10:00 ~ 22:30,10:00 ~ 22:30,10:00 ~ 22:30,10:00 ~ 22:30,10:00 ~ 22:30,,당일 휴무,"픽업, 스마트 반품"
올리브영 가로수길 타운,서울특별시 강남구 도산대로 133,09:00 ~ 23:00,09:00 ~ 23:00,10:00 ~ 23:00,10:00 ~ 23:00,10:00 ~ 23:00,,,"쿠폰/증정, 픽업, 스마트 반품, 스킨스캔"
신사점,서울특별시 강남구 도산대로 116 논현빌딩 1층,09:00 ~ 22:30,09:00 ~ 22:30,09:00 ~ 22:30,11:00 ~ 22:30,11:00 ~ 22:30,,당일 휴무,"픽업, 스마트 반품"
청량리역사점,서울특별시 동대문구 왕산로 214 청량리역 3층 맞이방 올리브영,09:00 ~ 22:00,09:00 ~ 22:00,09:00 ~ 22:00,09:00 ~ 22:00,09:00 ~ 22:00,,,스마트 반품
답십리역점,서울특별시 동대문구 고미술로 81 1층 103호,10:00 ~ 22:30,10:00 ~ 22:30,10:00 ~ 22:30,10:00 ~ 22:30,10:00 ~ 22:30,,당일 휴무,"픽업, 스마트 반품"
신사서초점,서울특별시 서초구 강남대로 589 1층 106~108호,09:00 ~ 22:30,09:00 ~ 22:30,10:00 ~ 22:30,10:00 ~ 22:30,10:00 ~ 22:30,,당일 휴무,스마트 반품
압구정로데오점,서울특별시 강남구 압구정로 342,09:30 ~ 22:30,09:30 ~ 22:30,09:30 ~ 22:30,09:30 ~ 22:30,09:30 ~ 22:30,,,"픽업, 스마트 반품, 스킨스캔"
합정카페거리점,서울특별시 마포구 독막로 13,10:00 ~ 22:30,10:00 ~ 22:30,10:00 ~ 22:30,11:00 ~ 22:30,11:00 ~ 22:30,,당일 휴무,"픽업, 스마트 반품"
서울시립대점,서울특별시 동대문구 전농로 222 씨티프라자 104~105호,10:00 ~ 22:00,10:00 ~ 22:00,10:00 ~ 22:00,10:00 ~ 22:00,10:00 ~ 22:00,,당일 휴무,"픽업, 스마트 반품"
합정메세나폴리스점,서울특별시 마포구 양화로 45 메세나폴리스몰 B1186~1187,09:30 ~ 22:30,09:30 ~ 22:30,10:00 ~ 22:30,10:00 ~ 22:30,10:00 ~ 22:30,,당일 휴무,"픽업, 스마트 반품, 스킨스캔"
압구정로데오역점,서울특별시 강남구 선릉로 817 캠포츠빌딩,10:00 ~ 23:00,10:00 ~ 23:00,10:00 ~ 23:00,10:00 ~ 23:00,10:00 ~ 23:00,,,"픽업, 스마트 반품"
성수역점,서울특별시 성동구 아차산로 91,08:30 ~ 22:30,08:30 ~ 22:30,10:00 ~ 22:30,10:00 ~ 22:30,10:00 ~ 22:30,,,"픽업, 스마트 반품"
올리브영N 성수,서울특별시 성동구 연무장7길 13 팩토리얼 성수,10:00 ~ 22:00,10:00 ~ 22:00,10:00 ~ 22:00,10:00 ~ 22:00,10:00 ~ 22:00,,,"픽업, 스마트 반품, 스킨스캔"
학동중앙점,서울특별시 강남구 도산대로 326,09:00 ~ 22:30,09:00 ~ 22:30,10:00 ~ 22:30,10:00 ~ 22:30,10:00 ~ 22:30,,,"픽업, 스마트 반품"
합정교보점,서울특별시 마포구 월드컵로1길 14 올리브영 합정교보점,10:30 ~ 22:00,10:30 ~ 22:00,10:30 ~ 22:00,10:30 ~ 22:00,10:30 ~ 22:00,,당일 휴무,"픽업, 스마트 반품"
NC강남점,서울특별시 서초구 잠원로 37-6 뉴코아아울렛강남점 1층,10:00 ~ 22:00,10:00 ~ 22:00,10:00 ~ 22:00,10:00 ~ 22:00,10:00 ~ 22:00,,당일 휴무,"픽업, 스마트 반품"
동덕여대점,서울특별시 성북구 화랑로11길 31,10:30 ~ 23:00,10:30 ~ 23:00,11:00 ~ 23:00,11:00 ~ 23:00,11:00 ~ 23:00,,전일~익일 휴무,
강남엔터식스점,"서울특별시 서초구 신반포로 지하 188 엔터식스 강남점 26, 27호",10:30 ~ 21:30,10:30 ~ 21:30,10:30 ~ 21:30,10:30 ~ 21:30,10:30 ~ 21:30,,,"픽업, 스마트 반품"
노량진역점,서울특별시 동작구 노량진로 159,09:00 ~ 23:00,09:00 ~ 23:00,10:00 ~ 23:00,10:00 ~ 23:00,10:00 ~ 23:00,,,"픽업, 스마트 반품"
망원역점,서울특별시 마포구 월드컵로 75,09:00 ~ 23:00,09:00 ~ 23:00,09:00 ~ 23:00,09:00 ~ 23:00,09:00 ~ 23:00,,,"픽업, 스마트 반품"
경희대점,서울특별시 동대문구 경희대로 2,10:00 ~ 22:30,10:00 ~ 22:30,10:00 ~ 22:30,10:00 ~ 22:30,10:00 ~ 22:30,,당일 휴무,"픽업, 스마트 반품"
올리브영 뷰티 맨션 성수,서울특별시 성동구 성수이로 108 B1F~4F,10:00 ~ 22:00,10:00 ~ 22:00,10:00 ~ 22:00,10:00 ~ 22:00,10:00 ~ 22:00,,,"픽업, 스마트 반품"
미아사거리점,서울특별시 강북구 도봉로10길 6 올리브영,10:00 ~ 23:00,10:00 ~ 23:00,10:00 ~ 23:00,10:00 ~ 23:00,10:00 ~ 23:00,,,"픽업, 스마트 반품"
중앙대점,서울특별시 동작구 흑석로 81,09:00 ~ 22:30,09:00 ~ 22:30,10:00 ~ 22:30,10:00 ~ 22:30,10:00 ~ 22:30,,당일 휴무,스마트 반품
서여의도점,서울특별시 영등포구 국회대로74길 19 동우국제빌딩 1층,09:00 ~ 22:00,09:00 ~ 22:00,11:00 ~ 22:00,11:00 ~ 22:00,11:00 ~ 22:00,,당일 휴무,"픽업, 스마트 반품"
미아사거리역점,서울특별시 강북구 도봉로 53 1층,10:00 ~ 22:30,10:00 ~ 22:30,10:00 ~ 22:30,10:00 ~ 22:30,10:00 ~ 22:30,,당일 휴무,"픽업, 스마트 반품"
미아뉴타운점,서울특별시 강북구 삼양로27길 19 204동 115~117호,10:00 ~ 22:30,10:00 ~ 22:30,10:00 ~ 22:30,10:00 ~ 22:30,10:00 ~ 22:30,,당일 휴무,"픽업, 스마트 반품"
성수연방점,서울특별시 성동구 성수이로14길 14,10:00 ~ 21:30,10:00 ~ 21:30,09:30 ~ 21:30,09:30 ~ 21:30,09:30 ~ 21:30,,,"픽업, 스마트 반품"
여의도역점,서울특별시 영등포구 여의나루로 61 한영회계법인빌딩 1층,08:00 ~ 22:30,08:00 ~ 22:30,10:00 ~ 22:30,11:00 ~ 22:30,11:00 ~ 22:30,,당일 휴무,"픽업, 스마트 반품"
북가좌동점,서울특별시 서대문구 거북골로 191,10:00 ~ 22:30,10:00 ~ 22:30,10:00 ~ 22:30,10:00 ~ 22:30,10:00 ~ 22:30,,당일 휴무,"픽업, 스마트 반품"
회기중앙점,서울특별시 동대문구 이문로 30 올리브영,10:00 ~ 23:00,10:00 ~ 23:00,10:00 ~ 23:00,10:00 ~ 23:00,10:00 ~ 23:00,,,"픽업, 스마트 반품"
동여의도점,서울특별시 영등포구 의사당대로1길 25,08:00 ~ 22:00,08:00 ~ 22:00,10:00 ~ 22:00,10:00 ~ 22:00,10:00 ~ 22:00,,당일 휴무,"픽업, 스마트 반품"
학동역점,서울특별시 강남구 논현로 667,09:00 ~ 22:30,09:00 ~ 22:30,09:00 ~ 22:30,11:00 ~ 22:30,11:00 ~ 22:30,,당일 휴무,"픽업, 스마트 반품"
여의도IFC점,서울특별시 영등포구 국제금융로 10,10:00 ~ 22:00,10:00 ~ 22:00,10:00 ~ 22:00,10:00 ~ 22:00,10:00 ~ 22:00,,,"픽업, 스마트 반품, 스킨스캔"
응암점,서울특별시 은평구 은평로 102 연합빌딩 1 ~ 2층,10:00 ~ 22:30,10:00 ~ 22:30,10:00 ~ 22:30,10:00 ~ 22:30,10:00 ~ 22:30,,,"픽업, 스마트 반품"
장한평역점,서울특별시 동대문구 장한로 3,09:30 ~ 22:30,10:00 ~ 23:00,10:00 ~ 23:00,10:00 ~ 23:00,10:00 ~ 23:00,,당일 휴무,"픽업, 스마트 반품"
강남구청역점,서울특별시 강남구 선릉로 703 1층,08:00 ~ 22:30,08:00 ~ 22:30,08:00 ~ 22:30,11:00 ~ 22:30,11:00 ~ 22:30,,당일 휴무,
망원동점,서울특별시 마포구 망원로 71 (망원동 423-4번지 1층),10:00 ~ 22:00,10:00 ~ 22:00,10:00 ~ 22:00,10:00 ~ 22:00,10:00 ~ 22:00,,당일 휴무,"픽업, 스마트 반품"
국회의사당역점,서울특별시 영등포구 국회대로 지하 758 9호선 지하2층,09:00 ~ 22:00,09:00 ~ 22:00,09:00 ~ 22:00,09:00 ~ 22:00,09:00 ~ 22:00,,당일 휴무,"픽업, 스마트 반품"
응암역점,서울특별시 은평구 증산로 475 (신사동),10:00 ~ 22:30,10:00 ~ 22:30,10:00 ~ 22:30,10:00 ~ 22:30,10:00 ~ 22:30,,당일 휴무,"픽업, 스마트 반품"
마포구청역점,"서울특별시 마포구 월드컵로 196 대명비첸시티 1층 제102,103,105,106호",09:00 ~ 22:00,09:00 ~ 22:00,10:00 ~ 22:00,10:00 ~ 22:00,10:00 ~ 22:00,,당일 휴무,"픽업, 스마트 반품"
강남논현점,서울특별시 강남구 강남대로118길 11,10:00 ~ 23:00,10:00 ~ 00:00,10:00 ~ 00:00,11:00 ~ 23:00,11:00 ~ 23:00,,,"픽업, 스마트 반품"
불광역점,서울특별시 은평구 통일로 741,10:00 ~ 22:30,10:00 ~ 22:30,10:00 ~ 22:30,10:00 ~ 22:30,10:00 ~ 22:30,,당일 휴무,"픽업, 스마트 반품"
휘경동점,"서울특별시 동대문구 망우로 78, 휘경빌딩 1층",09:00 ~ 22:30,09:00 ~ 22:30,10:00 ~ 22:30,10:00 ~ 22:30,10:00 ~ 22:30,,당일 휴무,"픽업, 스마트 반품"
신논현점,서울특별시 서초구 강남대로 483,09:00 ~ 22:30,09:00 ~ 22:30,10:00 ~ 22:30,10:00 ~ 22:30,10:00 ~ 22:30,,,"픽업, 스마트 반품"
서래마을점,서울특별시 서초구 서래로 39 1층,10:00 ~ 22:30,10:00 ~ 22:30,10:00 ~ 22:30,10:00 ~ 22:30,10:00 ~ 22:30,,당일 휴무,"픽업, 스마트 반품"
청담역점,서울특별시 강남구 삼성로 716,09:00 ~ 22:30,09:00 ~ 22:30,10:00 ~ 22:30,10:00 ~ 22:30,10:00 ~ 22:30,,,"픽업, 스마트 반품"
외대정문점,서울특별시 동대문구 이문로 107,09:30 ~ 22:30,09:30 ~ 22:30,09:30 ~ 22:30,11:30 ~ 22:30,11:30 ~ 22:30,,당일 휴무,
장안동사거리점,서울특별시 동대문구 답십리로 268 해림빌딩 1층,10:00 ~ 22:30,10:00 ~ 22:30,10:00 ~ 22:30,10:00 ~ 22:30,10:00 ~ 22:30,,,"픽업, 스마트 반품"
신논현역점,서울특별시 강남구 강남대로 470,09:00 ~ 22:30,09:00 ~ 22:30,10:00 ~ 22:00,10:00 ~ 22:00,10:00 ~ 22:00,,,"픽업, 스마트 반품, 스킨스캔"
건대커먼그라운드점,서울특별시 광진구 아차산로 200 커먼그라운드,11:00 ~ 22:00,11:00 ~ 22:00,11:00 ~ 22:00,11:00 ~ 22:00,11:00 ~ 22:00,,,"픽업, 스마트 반품"
상도역점,서울특별시 동작구 양녕로 257,10:00 ~ 22:30,10:00 ~ 22:30,10:00 ~ 22:30,10:00 ~ 22:30,10:00 ~ 22:30,,,"픽업, 스마트 반품"
언주역점,서울특별시 강남구 봉은사로 209,09:00 ~ 22:30,09:00 ~ 22:30,10:00 ~ 22:30,10:00 ~ 22:30,10:00 ~ 22:30,,당일 휴무,"픽업, 스마트 반품"
장승배기역점,"서울특별시 동작구 장승배기로11가길 11 (상도동, 상도파크자이)",10:00 ~ 22:30,10:00 ~ 22:30,10:00 ~ 22:30,10:00 ~ 22:30,10:00 ~ 22:30,,당일 휴무,"픽업, 스마트 반품"
디지털미디어시티역점,서울특별시 마포구 성암로 지하 184 디지털미디어시티역점 지하1층,09:00 ~ 22:00,09:00 ~ 22:00,10:00 ~ 21:00,10:00 ~ 21:00,10:00 ~ 21:00,,당일 휴무,"픽업, 스마트 반품"
수색점,서울특별시 은평구 수색로 216,10:00 ~ 22:30,10:00 ~ 22:30,10:00 ~ 22:30,10:00 ~ 22:30,10:00 ~ 22:30,,당일 휴무,"픽업, 스마트 반품"
신강남점,서울특별시 강남구 봉은사로2길 31,10:00 ~ 23:00,10:00 ~ 23:00,10:00 ~ 23:00,10:00 ~ 23:00,10:00 ~ 23:00,,,"픽업, 스마트 반품"
미아역점,서울특별시 강북구 도봉로 188,10:00 ~ 22:30,10:00 ~ 22:30,10:30 ~ 22:30,10:30 ~ 22:30,10:30 ~ 22:30,,당일 휴무,"픽업, 스마트 반품"
구산역점,서울특별시 은평구 서오릉로 137 (역촌동),10:00 ~ 22:30,10:00 ~ 22:30,10:00 ~ 22:30,10:00 ~ 22:30,10:00 ~ 22:30,,당일 휴무,"픽업, 스마트 반품"
어린이대공원역점,"서울특별시 광진구 광나루로 388 1,2층",10:00 ~ 22:30,10:00 ~ 22:30,10:00 ~ 22:30,10:00 ~ 22:30,10:00 ~ 22:30,,,"픽업, 스마트 반품"
올리브영 강남 타운,서울특별시 서초구 강남대로 429 동일빌딩 1~3층,10:00 ~ 22:30,10:00 ~ 22:30,10:00 ~ 22:30,10:00 ~ 22:30,10:00 ~ 22:30,,,"쿠폰/증정, 픽업, 스마트 반품"
건대입구점,"서울특별시 광진구 동일로22길 115 1,2층",10:00 ~ 23:30,10:00 ~ 23:30,10:00 ~ 23:30,10:00 ~ 23:30,10:00 ~ 23:30,,당일 휴무,"픽업, 스마트 반품"
숭실대입구역점,서울특별시 동작구 상도로 358,10:00 ~ 22:30,10:00 ~ 22:30,10:00 ~ 22:30,10:00 ~ 22:30,10:00 ~ 22:30,,당일 휴무,"픽업, 스마트 반품"
자양역점,서울특별시 광진구 능동로 7,10:00 ~ 22:30,10:00 ~ 22:30,10:00 ~ 22:30,10:00 ~ 22:30,10:00 ~ 22:30,,당일 휴무,"픽업, 스마트 반품"
올리브영 건대 타운,"서울특별시 광진구 아차산로 244 1,2층",10:00 ~ 23:00,10:00 ~ 23:00,10:00 ~ 23:00,10:00 ~ 23:00,10:00 ~ 23:00,,,"쿠폰/증정, 픽업, 스마트 반품"
삼성중앙역점,서울특별시 강남구 봉은사로 465 올리브영,10:00 ~ 22:30,10:00 ~ 22:30,10:00 ~ 22:30,10:00 ~ 22:30,10:00 ~ 22:30,,당일 휴무,"픽업, 스마트 반품"
신길점,서울특별시 영등포구 영등포로 358 대윤메디컬센터 1층,11:00 ~ 22:30,11:00 ~ 22:30,11:00 ~ 22:30,11:00 ~ 22:30,11:00 ~ 22:30,,당일 휴무,"픽업, 스마트 반품"
당산역점,서울특별시 영등포구 당산로 223,09:30 ~ 23:00,09:30 ~ 23:00,09:30 ~ 23:00,09:30 ~ 23:00,09:30 ~ 23:00,,,"픽업, 스마트 반품"
당산대로점,"서울특별시 영등포구 양평로 58 1층, 올리브영",10:00 ~ 23:00,10:00 ~ 23:00,10:00 ~ 23:00,10:00 ~ 23:00,10:00 ~ 23:00,,당일 휴무,"픽업, 스마트 반품"
서초대로점,서울특별시 서초구 서초대로 314 정보통신공제조합회관,08:00 ~ 22:30,08:00 ~ 22:30,09:00 ~ 22:30,10:00 ~ 22:00,10:00 ~ 22:00,,,"픽업, 스마트 반품"
역삼점,서울특별시 강남구 테헤란로 111 대건빌딩 1층,08:30 ~ 23:00,08:30 ~ 23:00,08:30 ~ 23:00,08:30 ~ 23:00,08:30 ~ 23:00,,당일 휴무,"픽업, 스마트 반품"
장위뉴타운점,서울특별시 성북구 돌곶이로40길 46 꿈의숲아이파크 717동,10:00 ~ 22:00,10:00 ~ 22:00,10:00 ~ 22:00,10:00 ~ 22:00,10:00 ~ 22:00,,당일 휴무,"픽업, 스마트 반품"
올리브영 센트럴 강남 타운,서울특별시 서초구 강남대로 403 지하1층~지상4층,10:00 ~ 22:30,10:00 ~ 22:30,10:00 ~ 22:30,10:00 ~ 22:30,10:00 ~ 22:30,,,"쿠폰/증정, 픽업, 스마트 반품, 스킨스캔"
스타시티점,서울특별시 광진구 아차산로 272 스타시티가 1층,10:30 ~ 22:30,10:30 ~ 22:30,10:30 ~ 22:30,10:30 ~ 22:30,10:30 ~ 22:30,,,"픽업, 스마트 반품"
군자역점,"서울특별시 광진구 천호대로 548 1층, 2층",10:00 ~ 23:00,10:00 ~ 23:00,10:00 ~ 23:00,10:00 ~ 23:00,10:00 ~ 23:00,,,"픽업, 스마트 반품"
내방역점,서울특별시 서초구 방배로 178 1층,10:00 ~ 22:30,10:00 ~ 22:30,11:00 ~ 22:30,11:00 ~ 22:30,11:00 ~ 22:30,,당일 휴무,"픽업, 스마트 반품"
역삼중앙점,서울특별시 강남구 테헤란로 151,08:00 ~ 22:00,08:00 ~ 22:00,10:00 ~ 21:30,10:00 ~ 21:30,10:00 ~ 21:30,,,"픽업, 스마트 반품"
연신내연서점,서울특별시 은평구 연서로 212,10:00 ~ 22:30,10:00 ~ 22:30,10:00 ~ 22:30,10:00 ~ 22:30,10:00 ~ 22:30,,,"픽업, 스마트 반품, 스킨스캔"
연신내점,서울특별시 은평구 통일로 857 1층,10:00 ~ 23:00,10:00 ~ 23:00,10:00 ~ 23:00,10:00 ~ 23:00,10:00 ~ 23:00,,당일 휴무,스마트 반품
역삼역점,서울특별시 강남구 테헤란로 138 성홍타워 1층,08:00 ~ 22:00,08:00 ~ 22:00,10:30 ~ 20:00,10:30 ~ 20:00,10:30 ~ 20:00,,당일 휴무,"픽업, 스마트 반품"
상암ENM점,서울특별시 마포구 상암산로 66 CJ E&M 센터 1층,08:00 ~ 22:00,08:00 ~ 22:00,10:00 ~ 20:00,10:00 ~ 20:00,10:00 ~ 20:00,,당일 휴무,"픽업, 스마트 반품"
상암MBC점,서울특별시 마포구 성암로 267 MBC 신사옥상업시설 1층,08:00 ~ 22:30,08:00 ~ 22:30,08:00 ~ 22:30,08:00 ~ 22:30,08:00 ~ 22:30,,당일 휴무,"픽업, 스마트 반품"
연신내로데오점,서울특별시 은평구 연서로 221,09:30 ~ 23:00,09:30 ~ 23:00,09:30 ~ 23:00,09:30 ~ 23:00,09:30 ~ 23:00,,당일 휴무,"픽업, 스마트 반품"
서초역점,서울특별시 서초구 반포대로 110,09:00 ~ 22:30,09:00 ~ 22:30,10:00 ~ 22:30,10:00 ~ 22:30,10:00 ~ 22:30,,당일 휴무,"픽업, 스마트 반품"
선유도역점,서울특별시 영등포구 양평로 115,10:00 ~ 22:30,10:00 ~ 22:30,10:00 ~ 22:30,10:00 ~ 22:30,10:00 ~ 22:30,,당일 휴무,"픽업, 스마트 반품"
올리브베러 강남역점,서울특별시 강남구 강남대로 374,09:00 ~ 22:30,09:00 ~ 22:30,10:00 ~ 22:30,10:00 ~ 22:30,10:00 ~ 22:30,,,"픽업, 스마트 반품"
방배이수점,서울특별시 서초구 동작대로 118 예다인프라자빌딩 1층,09:00 ~ 23:00,09:00 ~ 23:00,10:00 ~ 23:00,10:00 ~ 23:00,10:00 ~ 23:00,,,"픽업, 스마트 반품"
선릉중앙점,서울특별시 강남구 테헤란로 316,08:00 ~ 22:30,08:00 ~ 22:30,10:00 ~ 22:00,10:00 ~ 22:00,10:00 ~ 22:00,,당일 휴무,"픽업, 스마트 반품"
봉은사역점,서울특별시 강남구 영동대로 602,09:00 ~ 22:30,09:00 ~ 22:30,10:00 ~ 22:30,10:00 ~ 22:30,10:00 ~ 22:30,,당일 휴무,"픽업, 스마트 반품"
서초타운점,서울특별시 서초구 서초대로78길 32,08:00 ~ 22:30,08:00 ~ 22:30,10:00 ~ 22:30,10:00 ~ 22:30,10:00 ~ 22:30,,당일 휴무,
중랑점,서울특별시 중랑구 망우로32길 6,10:00 ~ 22:30,10:00 ~ 22:30,10:00 ~ 22:30,10:00 ~ 22:30,10:00 ~ 22:30,,,"픽업, 스마트 반품"
영등포역사점,서울특별시 영등포구 경인로 846 3층 맞이방 올리브영 영등포역사점,08:30 ~ 22:30,08:30 ~ 22:30,08:30 ~ 22:30,08:30 ~ 22:30,08:30 ~ 22:30,,,스마트 반품
이수역점,서울특별시 동작구 사당로 307,09:00 ~ 23:00,09:00 ~ 23:00,10:00 ~ 23:00,10:00 ~ 23:00,10:00 ~ 23:00,,,"픽업, 스마트 반품"
영등포역점,서울특별시 영등포구 영중로 6,10:00 ~ 23:00,10:00 ~ 23:00,10:00 ~ 23:00,10:00 ~ 23:00,10:00 ~ 23:00,,,"픽업, 스마트 반품"
선릉타운점,서울특별시 강남구 테헤란로 411 성담빌딩 1층,08:00 ~ 22:30,08:00 ~ 22:30,10:00 ~ 22:00,10:00 ~ 22:00,10:00 ~ 22:00,,,"픽업, 스마트 반품"
신대방삼거리역점,서울특별시 동작구 보라매로 113,10:00 ~ 22:30,10:00 ~ 22:30,10:00 ~ 22:30,10:00 ~ 22:30,10:00 ~ 22:30,,,"픽업, 스마트 반품"
중곡역점,서울특별시 광진구 능동로 400,09:00 ~ 22:00,09:00 ~ 22:00,10:00 ~ 22:00,10:00 ~ 22:00,10:00 ~ 22:00,,당일 휴무,"픽업, 스마트 반품"
선릉로점,서울특별시 강남구 테헤란로64길 20 원동방빌딩 1층,10:00 ~ 23:00,10:00 ~ 23:00,11:00 ~ 23:00,11:00 ~ 22:30,11:00 ~ 22:30,,,"픽업, 스마트 반품"
타임스퀘어아트리움점,서울특별시 영등포구 영중로 15 타임스퀘어 3층 315호,10:30 ~ 22:00,10:30 ~ 22:00,10:30 ~ 22:00,10:30 ~ 22:00,10:30 ~ 22:00,,,"픽업, 스마트 반품"
코엑스몰점,서울특별시 강남구 테헤란로87길 22,10:00 ~ 22:00,10:00 ~ 22:00,10:00 ~ 22:00,10:00 ~ 22:00,10:00 ~ 22:00,,,"픽업, 스마트 반품"
수유중앙점,서울특별시 강북구 도봉로 336 (번동),09:00 ~ 23:00,09:00 ~ 23:00,10:00 ~ 23:00,10:00 ~ 23:00,10:00 ~ 23:00,,,"픽업, 스마트 반품, 스킨스캔"
수유역점,서울특별시 강북구 도봉로 329 동오빌딩 1층,10:00 ~ 23:00,10:00 ~ 23:00,10:00 ~ 23:00,10:00 ~ 23:00,10:00 ~ 23:00,,당일 휴무,"픽업, 스마트 반품"
영등포타임스퀘어점,서울특별시 영등포구 영중로 15 타임스퀘어 지하 1층,10:30 ~ 22:00,10:30 ~ 22:00,10:30 ~ 22:00,10:30 ~ 22:00,10:30 ~ 22:00,,,"픽업, 스마트 반품, 스킨스캔"
서초우성점,서울특별시 서초구 강남대로 331 광일빌딩 1층,08:00 ~ 22:30,08:00 ~ 22:30,10:00 ~ 22:30,10:00 ~ 22:30,10:00 ~ 22:30,,,"픽업, 스마트 반품"
선릉점,서울특별시 강남구 테헤란로 424 1층 일부,08:00 ~ 22:30,08:00 ~ 22:30,11:00 ~ 22:00,11:00 ~ 22:00,11:00 ~ 22:00,,당일 휴무,"픽업, 스마트 반품"
파르나스몰점,서울특별시 강남구 테헤란로 521 지하1층 파르나스몰 R-37,10:00 ~ 22:00,10:00 ~ 22:00,10:00 ~ 22:00,10:00 ~ 22:00,10:00 ~ 22:00,,,"픽업, 스마트 반품"
석계역점,서울특별시 노원구 석계로1길 14,10:00 ~ 22:30,10:00 ~ 22:30,10:00 ~ 22:30,10:00 ~ 22:30,10:00 ~ 22:30,,당일 휴무,"픽업, 스마트 반품"
강남우성점,서울특별시 강남구 강남대로 320 황화빌딩 1층 일부,08:00 ~ 22:30,08:00 ~ 22:30,09:00 ~ 22:30,09:00 ~ 22:30,09:00 ~ 22:30,,당일 휴무,"픽업, 스마트 반품, 스킨스캔"
남성역점,서울특별시 동작구 사당로 228,10:00 ~ 22:30,10:00 ~ 22:30,10:00 ~ 22:30,10:00 ~ 22:30,10:00 ~ 22:30,,당일 휴무,"픽업, 스마트 반품"
테헤란로점,서울특별시 강남구 테헤란로 514 1층,08:00 ~ 22:30,08:00 ~ 22:30,10:00 ~ 22:30,10:00 ~ 22:30,10:00 ~ 22:30,,당일 휴무,"픽업, 스마트 반품"
올리브영 파르나스삼성 타운,"서울특별시 강남구 테헤란로 521 파르나스몰 지하1층 R6, 7호",10:00 ~ 22:00,10:00 ~ 22:00,10:00 ~ 22:00,10:00 ~ 22:00,10:00 ~ 22:00,,,"쿠폰/증정, 픽업, 스마트 반품, 스킨스캔"
보라매역점,서울특별시 동작구 여의대방로 142,10:00 ~ 22:30,10:00 ~ 22:30,10:00 ~ 22:30,10:00 ~ 22:30,10:00 ~ 22:30,,당일 휴무,"픽업, 스마트 반품"
사가정역점,서울특별시 중랑구 면목로 310 극장빌딩 1층,10:00 ~ 22:30,10:00 ~ 22:30,10:00 ~ 22:30,10:00 ~ 22:30,10:00 ~ 22:30,,,"픽업, 스마트 반품"
방배점,서울특별시 서초구 방배로 83 (방배동 909-6),10:00 ~ 22:30,10:00 ~ 22:30,10:00 ~ 22:30,10:00 ~ 22:30,10:00 ~ 22:30,,당일 휴무,"픽업, 스마트 반품"
남부터미널점,서울특별시 서초구 효령로 283 서경빌딩 1층,09:00 ~ 23:00,09:00 ~ 23:00,09:00 ~ 23:30,11:00 ~ 22:30,11:00 ~ 22:30,,,"픽업, 스마트 반품, 스킨스캔"
중화역점,서울특별시 중랑구 동일로 802 1층,10:00 ~ 22:30,10:00 ~ 22:30,10:00 ~ 22:30,10:00 ~ 22:30,10:00 ~ 22:30,,당일 휴무,"픽업, 스마트 반품"
구의역점,서울특별시 광진구 아차산로 378,10:00 ~ 22:30,10:00 ~ 22:30,10:00 ~ 22:30,10:00 ~ 22:30,10:00 ~ 22:30,,,"픽업, 스마트 반품"
광운대역점,서울특별시 노원구 석계로 102 1층 2호,10:00 ~ 22:00,10:00 ~ 22:00,11:00 ~ 22:00,11:00 ~ 22:00,11:00 ~ 22:00,,당일 휴무,"픽업, 스마트 반품"
아차산역점,서울특별시 광진구 천호대로 671,10:00 ~ 22:30,10:00 ~ 22:30,10:00 ~ 22:30,10:00 ~ 22:30,10:00 ~ 22:30,,,"픽업, 스마트 반품"
대치사거리점,서울특별시 강남구 삼성로 342,10:00 ~ 22:30,10:00 ~ 22:30,10:00 ~ 22:30,10:00 ~ 22:30,10:00 ~ 22:30,,당일 휴무,"픽업, 스마트 반품"
한티역점,서울특별시 강남구 선릉로 312 1층 한티역점,10:00 ~ 23:00,10:00 ~ 23:00,10:00 ~ 23:00,10:00 ~ 23:00,10:00 ~ 23:00,,,"픽업, 스마트 반품"
사당점,서울특별시 동작구 동작대로 29,10:00 ~ 23:00,10:00 ~ 23:00,10:00 ~ 23:00,10:00 ~ 23:00,10:00 ~ 23:00,,,"픽업, 스마트 반품"
상봉역점,서울특별시 중랑구 망우로 307 리베로빌딩 1층,10:00 ~ 22:30,10:00 ~ 22:30,10:00 ~ 22:30,10:00 ~ 22:30,10:00 ~ 22:30,,당일 휴무,"픽업, 스마트 반품"
구의이스트폴점,서울특별시 광진구 아차산로 402 판매시설 L1층,10:00 ~ 22:00,10:00 ~ 22:00,10:00 ~ 22:00,10:00 ~ 22:00,10:00 ~ 22:00,,,"픽업, 스마트 반품"
보라매병원역점,서울특별시 동작구 보라매로 5가길 16,09:00 ~ 22:30,09:00 ~ 22:30,10:00 ~ 22:30,10:00 ~ 22:30,10:00 ~ 22:30,,당일 휴무,"픽업, 스마트 반품"
서울대입구역점,서울특별시 관악구 남부순환로 1840,09:30 ~ 23:00,09:30 ~ 23:00,10:00 ~ 23:00,10:00 ~ 23:00,10:00 ~ 23:00,,당일 휴무,"픽업, 스마트 반품"
올리브영 관악 타운,서울특별시 관악구 관악로 173,09:00 ~ 23:00,09:00 ~ 23:00,10:00 ~ 23:00,10:00 ~ 23:00,10:00 ~ 23:00,,,"쿠폰/증정, 픽업, 스마트 반품"
스타필드마켓월계점,서울특별시 노원구 마들로3길 15 1층,10:00 ~ 22:00,10:00 ~ 22:00,10:00 ~ 22:00,10:00 ~ 22:00,10:00 ~ 22:00,,,"쿠폰/증정, 스마트 반품, 스킨스캔"
문래점,서울특별시 영등포구 선유로 63 1층,10:00 ~ 22:00,10:00 ~ 22:00,11:00 ~ 22:00,11:00 ~ 22:00,11:00 ~ 22:00,,당일 휴무,"픽업, 스마트 반품"
염창역점,서울특별시 강서구 공항대로 637 1층,10:00 ~ 23:00,10:00 ~ 23:00,10:00 ~ 23:00,10:00 ~ 23:00,10:00 ~ 23:00,,당일 휴무,"픽업, 스마트 반품"
봉천역점,서울특별시 관악구 남부순환로 1735,10:00 ~ 23:00,10:00 ~ 23:00,10:00 ~ 23:00,10:00 ~ 23:00,10:00 ~ 23:00,,당일 휴무,"픽업, 스마트 반품"
낙성대점,서울특별시 관악구 남부순환로 1908 대원빌딩 올리브영,10:00 ~ 23:00,10:00 ~ 23:00,10:00 ~ 23:00,10:00 ~ 23:00,10:00 ~ 23:00,,당일 휴무,"픽업, 스마트 반품"
먹골역점,서울특별시 중랑구 공릉로2길 7 1~2층,10:00 ~ 22:30,10:00 ~ 22:30,10:00 ~ 22:30,10:00 ~ 22:30,10:00 ~ 22:30,,당일 휴무,"픽업, 스마트 반품"
대치점,서울특별시 강남구 도곡로 448 동서빌딩,10:00 ~ 22:30,10:00 ~ 22:30,10:00 ~ 22:30,10:00 ~ 22:30,10:00 ~ 22:30,,당일 휴무,"픽업, 스마트 반품"
신풍역점,서울특별시 영등포구 신풍로 28 비스타동원 110~113호,10:00 ~ 22:30,10:00 ~ 22:30,10:00 ~ 22:30,10:00 ~ 22:30,10:00 ~ 22:30,,,"픽업, 스마트 반품"
양재스타클래스점,서울특별시 강남구 남부순환로 2615,09:00 ~ 22:30,09:00 ~ 22:30,10:00 ~ 22:00,10:00 ~ 22:00,10:00 ~ 22:00,,당일 휴무,"픽업, 스마트 반품"
목동파리공원점,서울특별시 양천구 목동서로 65 목동가든스위트 113호,10:00 ~ 22:30,10:00 ~ 22:30,10:00 ~ 22:30,10:00 ~ 22:30,10:00 ~ 22:30,,당일 휴무,"픽업, 스마트 반품"
양재역점,서울특별시 서초구 남부순환로 지하 2585 신분당선 양재역,09:00 ~ 22:00,09:00 ~ 22:00,09:00 ~ 22:00,09:00 ~ 22:00,09:00 ~ 22:00,,당일 휴무,"픽업, 스마트 반품"
염창역9호선점,서울특별시 강서구 공항대로 지하 631 염창역 지하1층,09:00 ~ 22:30,09:00 ~ 22:30,09:00 ~ 22:30,09:00 ~ 22:30,09:00 ~ 22:30,,,스마트 반품
사당역점,서울특별시 관악구 과천대로 941 지산빌딩,09:00 ~ 23:00,09:00 ~ 23:00,10:00 ~ 23:00,10:00 ~ 23:00,10:00 ~ 23:00,,당일 휴무,"픽업, 스마트 반품"
신림역점,서울특별시 관악구 신림로 350,10:00 ~ 23:00,10:00 ~ 23:00,10:00 ~ 23:00,10:00 ~ 23:00,10:00 ~ 23:00,,당일 휴무,"픽업, 스마트 반품"
신림점,서울특별시 관악구 신림로 353,10:00 ~ 23:00,10:00 ~ 23:00,10:00 ~ 23:00,10:00 ~ 23:00,10:00 ~ 23:00,,당일 휴무,"픽업, 스마트 반품"
낙성대인헌점,서울특별시 관악구 남부순환로248길 3 1층,10:00 ~ 23:00,10:00 ~ 23:00,10:00 ~ 23:00,10:00 ~ 23:00,10:00 ~ 23:00,,당일 휴무,"픽업, 스마트 반품"
올림픽대교북단점,서울특별시 광진구 아차산로 484,10:00 ~ 22:30,10:00 ~ 22:30,10:00 ~ 22:30,10:00 ~ 22:30,10:00 ~ 22:30,,당일 휴무,"픽업, 스마트 반품"
강변역점,서울특별시 광진구 강변역로4길 10,09:30 ~ 22:30,09:30 ~ 22:30,09:30 ~ 22:30,09:30 ~ 22:30,09:30 ~ 22:30,,당일 휴무,"픽업, 스마트 반품"
상봉듀오트리스점,"서울특별시 중랑구 상봉로 131 (상봉동, 상봉 듀오트리스)",10:00 ~ 22:00,10:00 ~ 22:00,10:00 ~ 22:00,10:00 ~ 22:00,10:00 ~ 22:00,,당일 휴무,"픽업, 스마트 반품"
구파발점,서울특별시 은평구 진관2로 15-40 3호,10:00 ~ 22:30,10:00 ~ 22:30,10:00 ~ 22:30,10:00 ~ 22:30,10:00 ~ 22:30,,당일 휴무,"픽업, 스마트 반품"
롯데몰은평점,서울특별시 은평구 통일로 1050 롯데쇼핑 롯데몰은평점 지하1층,10:30 ~ 22:00,10:30 ~ 22:00,10:30 ~ 22:00,10:30 ~ 22:00,10:30 ~ 22:00,,,"픽업, 스마트 반품, 스킨스캔"
상봉엔터식스점,서울특별시 중랑구 망우로 353,10:30 ~ 21:30,10:30 ~ 22:00,10:30 ~ 22:00,10:30 ~ 21:30,10:30 ~ 21:30,,,"픽업, 스마트 반품, 스킨스캔"
신림타임스트림점,서울특별시 관악구 신림로 330 타임스트림점 지하1층,10:30 ~ 22:00,10:30 ~ 22:00,10:30 ~ 22:00,10:30 ~ 22:00,10:30 ~ 22:00,,,"픽업, 스마트 반품"
쌍문역점,서울특별시 도봉구 도봉로 480 1층,10:00 ~ 22:30,10:00 ~ 22:30,10:00 ~ 22:30,10:00 ~ 22:30,10:00 ~ 22:30,,당일 휴무,"픽업, 스마트 반품"
노원공릉점,서울특별시 노원구 동일로 1083,10:00 ~ 22:00,10:00 ~ 22:00,10:00 ~ 22:00,10:00 ~ 22:00,10:00 ~ 22:00,,당일 휴무,"픽업, 스마트 반품"
신림중앙점,서울특별시 관악구 신림로 321,09:00 ~ 23:00,09:00 ~ 23:00,09:00 ~ 23:00,09:00 ~ 23:00,09:00 ~ 23:00,,,"픽업, 스마트 반품"
타워팰리스점,서울특별시 강남구 언주로30길 39 Lynn Square(린스퀘어) 1층,09:30 ~ 22:30,09:30 ~ 22:30,10:30 ~ 22:30,10:30 ~ 22:30,10:30 ~ 22:30,,,"픽업, 스마트 반품"
신천중앙점,"서울특별시 송파구 올림픽로 114 1층, 2층",10:00 ~ 23:00,10:00 ~ 23:00,10:00 ~ 23:00,10:00 ~ 23:00,10:00 ~ 23:00,,,"픽업, 스마트 반품"
대치역점,"서울특별시 강남구 남부순환로 2936 1,2층",10:00 ~ 22:30,10:00 ~ 22:30,10:00 ~ 22:30,10:00 ~ 22:30,10:00 ~ 22:30,,,"픽업, 스마트 반품"
신도림점,서울특별시 구로구 경인로 661,09:30 ~ 22:30,09:30 ~ 22:30,10:30 ~ 22:30,10:30 ~ 22:30,10:30 ~ 22:30,,,"픽업, 스마트 반품"
등촌점,"서울특별시 양천구 목동중앙북로7길 20, 1층",10:00 ~ 23:00,10:00 ~ 23:00,10:00 ~ 23:00,10:00 ~ 23:00,10:00 ~ 23:00,,,"픽업, 스마트 반품"
신도림테크노마트점,"서울특별시 구로구 새말로 97 신도림테크노마트 B1층 45호, 일부 46호",10:30 ~ 21:00,10:30 ~ 21:00,10:30 ~ 21:00,10:30 ~ 21:00,10:30 ~ 21:00,,전일~당일 휴무,스마트 반품
올리브영 목동 타운,서울특별시 양천구 목동서로 159-1 CBS방송국 내 1층,09:30 ~ 23:00,09:30 ~ 23:00,09:30 ~ 23:00,09:30 ~ 23:00,09:30 ~ 23:00,,,"쿠폰/증정, 픽업, 스마트 반품"
씨제이ENM커머스부문점,서울특별시 서초구 과천대로 870-13 지하1층,08:00 ~ 20:00,08:00 ~ 20:00,09:00 ~ 18:00,09:00 ~ 18:00,09:00 ~ 18:00,,,
현대백화점목동점,서울특별시 양천구 목동동로 257 현대백화점 지하 2층,10:30 ~ 21:00,10:30 ~ 21:00,10:30 ~ 21:00,10:30 ~ 21:00,10:30 ~ 21:00,,당일 휴무,"픽업, 스마트 반품, 스킨스캔"
등촌역점,서울특별시 강서구 공항대로 543,10:00 ~ 22:30,10:00 ~ 22:30,10:00 ~ 22:30,10:00 ~ 22:30,10:00 ~ 22:30,,,"픽업, 스마트 반품"
증미역점,서울특별시 강서구 양천로 583 우림블루나인 1층,10:00 ~ 22:00,10:00 ~ 22:00,11:00 ~ 22:00,11:00 ~ 22:00,11:00 ~ 22:00,,당일 휴무,"픽업, 스마트 반품"
대림성모점,서울특별시 동작구 시흥대로 654,09:00 ~ 22:30,09:00 ~ 22:30,10:00 ~ 22:30,10:00 ~ 22:30,10:00 ~ 22:30,,당일 휴무,"픽업, 스마트 반품"
공릉역점,"서울특별시 노원구 동일로192길 74 (공릉동 441-92, 93)",10:00 ~ 22:30,10:00 ~ 22:30,10:00 ~ 22:30,10:00 ~ 22:30,10:00 ~ 22:30,,,"픽업, 스마트 반품"
오목교역점,서울특별시 양천구 오목로 344 청학빌딩,10:00 ~ 22:30,10:00 ~ 22:30,10:00 ~ 22:30,10:00 ~ 22:30,10:00 ~ 22:30,,당일 휴무,"픽업, 스마트 반품"
신대방역점,서울특별시 관악구 난곡로 357 1층,10:00 ~ 22:30,10:00 ~ 22:30,10:00 ~ 22:30,10:00 ~ 22:30,10:00 ~ 22:30,,,"픽업, 스마트 반품"
신내점,서울특별시 중랑구 신내로72,10:00 ~ 22:30,10:00 ~ 22:30,10:00 ~ 22:30,10:00 ~ 22:30,10:00 ~ 22:30,,당일 휴무,"픽업, 스마트 반품"
포이사거리점,서울특별시 강남구 논현로 82,09:00 ~ 22:30,09:00 ~ 22:30,11:00 ~ 22:30,11:00 ~ 22:30,11:00 ~ 22:30,,당일 휴무,"픽업, 스마트 반품"
이마트목동점,서울특별시 양천구 오목로 299,10:00 ~ 22:00,10:00 ~ 22:00,10:00 ~ 22:00,10:00 ~ 22:00,10:00 ~ 22:00,,,스마트 반품
난곡사거리점,서울특별시 관악구 남부순환로 1474 1층,10:00 ~ 22:30,10:00 ~ 22:30,10:00 ~ 22:30,10:00 ~ 22:30,10:00 ~ 22:30,,당일 휴무,"픽업, 스마트 반품"
창동역점,서울특별시 도봉구 노해로63길 84-16,10:00 ~ 22:30,10:00 ~ 22:30,10:00 ~ 22:30,10:00 ~ 22:30,10:00 ~ 22:30,,당일 휴무,"픽업, 스마트 반품"
잠실학원사거리점,서울특별시 송파구 석촌호수로 130,10:00 ~ 22:30,10:00 ~ 22:30,10:00 ~ 22:30,10:00 ~ 22:30,10:00 ~ 22:30,,,"픽업, 스마트 반품"
녹두거리점,서울특별시 관악구 신림로 127 1층,10:00 ~ 22:30,10:00 ~ 22:30,10:00 ~ 22:30,10:00 ~ 22:30,10:00 ~ 22:30,,,"픽업, 스마트 반품"
개포동점,서울특별시 강남구 선릉로 26 지하1층,10:00 ~ 22:00,10:00 ~ 22:00,10:00 ~ 22:00,10:00 ~ 22:00,10:00 ~ 22:00,,당일 휴무,"픽업, 스마트 반품"
삼전역점,서울특별시 송파구 백제고분로 196 1층,10:00 ~ 22:30,10:00 ~ 22:30,10:00 ~ 22:30,10:00 ~ 22:30,10:00 ~ 22:30,,,"픽업, 스마트 반품"
목동사거리점,서울특별시 강서구 등촌로 25 (화곡동),10:00 ~ 22:30,10:00 ~ 22:30,10:00 ~ 22:30,10:00 ~ 22:30,10:00 ~ 22:30,,당일 휴무,"픽업, 스마트 반품"
쌍문점,서울특별시 도봉구 도당로 2 2층,10:00 ~ 22:00,10:00 ~ 22:00,10:00 ~ 22:00,10:00 ~ 22:00,10:00 ~ 22:00,,당일 휴무,"픽업, 스마트 반품"
구로구청점,서울특별시 구로구 구로중앙로 68 신안타워 1층 102-3호,10:00 ~ 22:30,10:00 ~ 22:30,10:00 ~ 22:30,10:00 ~ 22:30,10:00 ~ 22:30,,당일 휴무,"픽업, 스마트 반품"
NC신구로점,서울특별시 구로구 구로중앙로 152,10:30 ~ 21:00,10:30 ~ 21:00,10:30 ~ 21:00,10:30 ~ 21:00,10:30 ~ 21:00,,당일 휴무,스마트 반품
중계역점,서울특별시 노원구 동일로 1335 (상계동),10:00 ~ 22:30,10:00 ~ 22:30,10:00 ~ 22:30,10:00 ~ 22:30,10:00 ~ 22:30,,당일 휴무,"픽업, 스마트 반품"
창동점,"서울특별시 도봉구 마들로13길 61 시드큐브 창동 1층 106-4, 5호",10:00 ~ 22:00,10:00 ~ 22:00,10:00 ~ 22:00,10:00 ~ 22:00,10:00 ~ 22:00,,당일 휴무,"픽업, 스마트 반품"
구로디지털단지역점,서울특별시 관악구 시흥대로 576,10:00 ~ 23:00,10:00 ~ 23:00,10:00 ~ 23:00,10:00 ~ 23:00,10:00 ~ 23:00,,,"픽업, 스마트 반품"
목동역점,서울특별시 양천구 목동로 203,10:00 ~ 22:30,10:00 ~ 22:30,10:00 ~ 22:30,10:00 ~ 22:30,10:00 ~ 22:30,,당일 휴무,"픽업, 스마트 반품"
잠실역8호선점,서울특별시 송파구 올림픽로 305 잠실역8호선 지하상가 H7~10호,10:00 ~ 22:30,10:00 ~ 22:30,10:00 ~ 22:30,10:00 ~ 22:30,10:00 ~ 22:30,,,
구로디지털대로점,서울특별시 구로구 시흥대로 561 동해빌딩 1층,10:00 ~ 23:00,10:00 ~ 23:00,10:00 ~ 23:00,10:00 ~ 23:00,10:00 ~ 23:00,,,"픽업, 스마트 반품"
가양역점,서울특별시 강서구 양천로 476 금부빌딩 지상1층,10:00 ~ 22:30,10:00 ~ 22:30,10:00 ~ 22:30,10:00 ~ 22:30,10:00 ~ 22:30,,당일 휴무,스마트 반품
남구로점,서울특별시 구로구 도림로 81,10:00 ~ 22:30,10:00 ~ 22:30,10:00 ~ 22:30,10:00 ~ 22:30,10:00 ~ 22:30,,당일 휴무,"픽업, 스마트 반품"
롯데백화점잠실점,서울특별시 송파구 올림픽로 240 롯데백화점잠실점 지하1층,10:00 ~ 22:00,10:00 ~ 22:00,10:00 ~ 22:00,10:00 ~ 22:00,10:00 ~ 22:00,,,스마트 반품
롯데월드점,서울특별시 송파구 올림픽로 240 (롯데월드 어드벤쳐 지하1층 매표소 인근),10:00 ~ 21:30,10:00 ~ 21:30,10:00 ~ 22:00,10:00 ~ 22:00,10:00 ~ 22:00,,,
잠실점,서울특별시 송파구 올림픽로 269 롯데캐슬플라자 1층,09:00 ~ 22:00,09:00 ~ 22:00,10:00 ~ 22:00,10:00 ~ 22:00,10:00 ~ 22:00,,당일 휴무,
양원역점,서울특별시 중랑구 양원역로10길 17 제이메디컬 101호,10:00 ~ 22:00,10:00 ~ 22:00,10:00 ~ 22:00,10:00 ~ 22:00,10:00 ~ 22:00,,당일 휴무,"픽업, 스마트 반품"
구로호텔점,서울특별시 구로구 디지털로32길 72 1층,08:00 ~ 22:30,08:00 ~ 22:30,10:30 ~ 22:30,10:30 ~ 22:30,10:30 ~ 22:30,,당일 휴무,"픽업, 스마트 반품"
구로지밸리몰점,서울특별시 구로구 디지털로 300 지밸리플라자 1층,08:00 ~ 22:00,08:00 ~ 22:00,12:00 ~ 22:00,12:00 ~ 22:00,12:00 ~ 22:00,,당일 휴무,"픽업, 스마트 반품"
롯데월드몰점,서울특별시 송파구 올림픽로 300 롯데월드몰 5층,10:30 ~ 22:00,10:30 ~ 22:00,10:30 ~ 22:00,10:30 ~ 22:00,10:30 ~ 22:00,,,스마트 반품
롯데월드몰플러스점,서울특별시 송파구 올림픽로 300 롯데월드몰 2층,10:30 ~ 22:00,10:30 ~ 22:00,10:30 ~ 22:00,10:30 ~ 22:00,10:30 ~ 22:00,,,"스마트 반품, 스킨스캔"
강서구청점,서울특별시 강서구 화곡로 316 1층 (화곡동),10:00 ~ 23:00,10:00 ~ 23:00,11:00 ~ 22:30,11:00 ~ 22:30,11:00 ~ 22:30,,당일 휴무,
양천구청점,서울특별시 양천구 목동동로 73 1층,10:00 ~ 22:30,10:00 ~ 22:30,10:00 ~ 22:30,10:00 ~ 22:30,10:00 ~ 22:30,,당일 휴무,"픽업, 스마트 반품"
배명사거리점,서울특별시 송파구 백제고분로 276 공익빌딩 1층,10:00 ~ 22:30,10:00 ~ 22:30,10:00 ~ 22:30,10:00 ~ 22:30,10:00 ~ 22:30,,,"픽업, 스마트 반품"
노원역사거리점,"서울특별시 노원구 노해로 480 조광빌딩 1층,2층",10:00 ~ 23:00,10:00 ~ 23:00,10:00 ~ 23:00,11:00 ~ 23:00,11:00 ~ 23:00,,,"픽업, 스마트 반품, 스킨스캔"
송파구청점,서울특별시 송파구 오금로 87 잠실리시온 1층,10:00 ~ 23:00,10:00 ~ 23:00,10:00 ~ 23:00,10:00 ~ 23:00,10:00 ~ 23:00,,,"픽업, 스마트 반품"
노원점,"서울특별시 노원구 상계로 65 105호,106호",09:30 ~ 23:00,09:30 ~ 23:00,09:30 ~ 23:00,09:30 ~ 23:00,09:30 ~ 23:00,,,"픽업, 스마트 반품"
양재하나로클럽점,서울특별시 서초구 청계산로 10 1층,09:30 ~ 22:00,09:30 ~ 22:00,09:30 ~ 22:00,09:30 ~ 22:00,09:30 ~ 22:00,,당일 휴무,
구일역점,"서울특별시 구로구 구일로10길 49 (구로동, 다원그린빌) 1층 제101-2호, 제102-1호",10:00 ~ 22:30,10:00 ~ 22:30,10:00 ~ 22:30,10:00 ~ 22:30,10:00 ~ 22:30,,당일 휴무,"픽업, 스마트 반품"
천호엔터식스점,서울특별시 강동구 천호대로 지하 997 지하1층,10:00 ~ 21:30,10:00 ~ 21:30,10:00 ~ 21:30,10:00 ~ 21:30,10:00 ~ 21:30,,,픽업
일원역점,서울특별시 강남구 일원로 115 삼성생명 일원역빌딩 B동 1층,10:00 ~ 22:00,10:00 ~ 22:00,10:00 ~ 22:00,10:00 ~ 22:00,10:00 ~ 22:00,,당일 휴무,"픽업, 스마트 반품"
천호역점,서울특별시 강동구 올림픽로 659 1층,10:00 ~ 22:30,10:00 ~ 22:30,10:00 ~ 22:30,10:00 ~ 22:30,10:00 ~ 22:30,,당일 휴무,"픽업, 스마트 반품"
방학역점,서울특별시 도봉구 도봉로150길 28,10:00 ~ 22:30,10:00 ~ 22:30,10:00 ~ 22:30,10:00 ~ 22:30,10:00 ~ 22:30,,,"픽업, 스마트 반품"
은행사거리점,서울특별시 노원구 한글비석로 264 중계그랜드프라자 1층,10:00 ~ 23:00,10:00 ~ 23:00,10:00 ~ 23:00,10:00 ~ 23:00,10:00 ~ 23:00,,당일 휴무,"픽업, 스마트 반품"
석촌역점,서울특별시 송파구 백제고분로 387,10:00 ~ 23:00,10:00 ~ 23:00,10:00 ~ 23:00,10:00 ~ 23:00,10:00 ~ 23:00,,,"픽업, 스마트 반품"
신정네거리역점,서울특별시 양천구 중앙로 252,10:30 ~ 22:30,10:30 ~ 22:30,10:30 ~ 22:30,10:30 ~ 22:30,10:30 ~ 22:30,,,"픽업, 스마트 반품"
방이시장점,"서울특별시 송파구 백제고분로 460 (방이동, 쿠피아타워)",11:00 ~ 22:00,11:00 ~ 22:00,11:00 ~ 22:00,11:00 ~ 22:00,11:00 ~ 22:00,,,"픽업, 스마트 반품"
강동구청점,서울특별시 강동구 성내로 19,10:00 ~ 22:30,10:00 ~ 22:30,10:00 ~ 22:30,11:00 ~ 22:30,11:00 ~ 22:30,,당일 휴무,"픽업, 스마트 반품"
송리단길점,서울특별시 송파구 백제고분로 425 1층,10:00 ~ 22:30,10:00 ~ 22:30,10:00 ~ 22:30,10:00 ~ 22:30,10:00 ~ 22:30,,,"픽업, 스마트 반품"
암사역점,서울특별시 강동구 올림픽로 774 1층,10:00 ~ 22:30,10:00 ~ 22:30,11:00 ~ 22:30,11:00 ~ 22:30,11:00 ~ 22:30,,,"픽업, 스마트 반품"
천호중앙점,서울특별시 강동구 천호대로 1027 일동빌딩 1층,10:00 ~ 23:00,10:00 ~ 23:00,10:00 ~ 23:00,10:00 ~ 23:00,10:00 ~ 23:00,,당일 휴무,"픽업, 스마트 반품"
까치산역점,"서울특별시 강서구 강서로13길 3, 지하 1층",10:00 ~ 23:00,10:00 ~ 23:00,10:00 ~ 23:00,10:00 ~ 23:00,10:00 ~ 23:00,,당일 휴무,
양천향교역점,서울특별시 강서구 양천로 344,10:00 ~ 22:30,10:00 ~ 22:30,10:30 ~ 22:30,10:30 ~ 22:30,10:30 ~ 22:30,,당일 휴무,"픽업, 스마트 반품"
현대아울렛가산점,서울특별시 금천구 디지털로10길 9 지하 1층,10:30 ~ 21:00,10:30 ~ 21:00,10:30 ~ 21:00,10:30 ~ 21:00,10:30 ~ 21:00,,당일 휴무,"픽업, 스마트 반품"
가산디지털단지역점,서울특별시 금천구 벚꽃로 286,08:00 ~ 22:30,08:00 ~ 22:30,10:00 ~ 22:30,10:00 ~ 22:30,10:00 ~ 22:30,,,"픽업, 스마트 반품"
화곡역사거리점,서울특별시 강서구 강서로 163,10:00 ~ 23:00,10:00 ~ 23:00,10:00 ~ 23:00,10:00 ~ 23:00,10:00 ~ 23:00,,,"픽업, 스마트 반품"
발산점,서울특별시 강서구 강서로 360,10:00 ~ 22:30,10:00 ~ 22:30,11:00 ~ 22:30,11:00 ~ 22:30,11:00 ~ 22:30,,당일 휴무,"픽업, 스마트 반품"
발산역점,"서울특별시 강서구 강서로 385 우성에스비타워 107호,108호,109호",09:00 ~ 22:30,09:00 ~ 22:30,10:30 ~ 23:00,10:30 ~ 23:00,10:30 ~ 23:00,,,"픽업, 스마트 반품"
가산점,서울특별시 금천구 가산디지털1로 168 우림라온스밸리 A동 124~126호,08:00 ~ 22:00,08:00 ~ 22:00,11:00 ~ 20:00,11:00 ~ 20:00,11:00 ~ 20:00,,당일 휴무,"픽업, 스마트 반품"
마들역점,서울특별시 노원구 동일로 1532 거북빌딩 1층,10:00 ~ 22:00,10:00 ~ 22:00,10:00 ~ 22:00,10:00 ~ 22:00,10:00 ~ 22:00,,당일 휴무,"픽업, 스마트 반품"
화곡역점,서울특별시 강서구 화곡로 149 심당빌딩 1층,10:30 ~ 23:00,10:30 ~ 23:00,10:30 ~ 23:00,10:30 ~ 23:00,10:30 ~ 23:00,,당일 휴무,"픽업, 스마트 반품"
상계보람점,서울특별시 노원구 한글비석로 471,10:00 ~ 22:30,10:00 ~ 22:30,10:00 ~ 22:30,10:00 ~ 22:30,10:00 ~ 22:30,,당일 휴무,"픽업, 스마트 반품"
우장산역점,서울특별시 강서구 강서로 242 강서힐스테이트 118~122호,10:00 ~ 23:00,10:00 ~ 23:00,10:00 ~ 23:00,10:00 ~ 23:00,10:00 ~ 23:00,,당일 휴무,"픽업, 스마트 반품"
헬리오시티점,서울특별시 송파구 송파대로 345 1041~1043,10:00 ~ 22:30,10:00 ~ 22:30,10:00 ~ 22:30,10:00 ~ 22:30,10:00 ~ 22:30,,,"픽업, 스마트 반품"
수서역점,서울특별시 강남구 밤고개로1길 10,08:00 ~ 22:30,08:00 ~ 22:30,09:00 ~ 22:00,10:00 ~ 22:00,10:00 ~ 22:00,,당일 휴무,"픽업, 스마트 반품"
고척아이파크몰점,서울특별시 구로구 경인로43길 49,10:00 ~ 22:00,10:00 ~ 22:00,10:00 ~ 22:00,10:00 ~ 22:00,10:00 ~ 22:00,,,"픽업, 스마트 반품"
개봉역북부점,서울특별시 구로구 경인로40길 41 181-5번지 외 2필지,10:00 ~ 22:30,10:00 ~ 22:30,10:00 ~ 22:30,10:00 ~ 22:30,10:00 ~ 22:30,,,"픽업, 스마트 반품"
길동사거리점,서울특별시 강동구 천호대로 1120 1층,10:30 ~ 23:00,10:30 ~ 23:00,11:00 ~ 23:00,11:00 ~ 23:00,11:00 ~ 23:00,,당일~익일 휴무,"픽업, 스마트 반품"
방이역점,서울특별시 송파구 마천로 41,10:00 ~ 22:30,10:00 ~ 22:30,10:00 ~ 22:30,11:00 ~ 22:30,11:00 ~ 22:30,,,"픽업, 스마트 반품"
둔촌점,서울특별시 강동구 양재대로 1317 경일빌딩 1층,10:00 ~ 22:30,10:00 ~ 22:30,10:00 ~ 22:30,10:00 ~ 22:30,10:00 ~ 22:30,,당일 휴무,"픽업, 스마트 반품"
길동역점,서울특별시 강동구 양재대로 1481 1층,10:00 ~ 22:00,10:00 ~ 22:00,10:00 ~ 22:00,10:00 ~ 22:00,10:00 ~ 22:00,,당일 휴무,
서서울호수공원점,서울특별시 양천구 남부순환로 424 올리브영 서서울호수공원점,10:00 ~ 22:30,10:00 ~ 22:30,10:00 ~ 22:30,10:00 ~ 22:30,10:00 ~ 22:30,,당일 휴무,"픽업, 스마트 반품"
수락산역점,서울특별시 노원구 동일로 1660,10:00 ~ 22:30,10:00 ~ 22:30,10:00 ~ 22:30,10:00 ~ 22:30,10:00 ~ 22:30,,당일 휴무,"픽업, 스마트 반품"
둔촌파크포레온점,서울특별시 강동구 양재대로 1360 포레온스테이션5 B2F 212호,10:00 ~ 22:30,10:00 ~ 22:30,10:00 ~ 22:30,10:00 ~ 22:30,10:00 ~ 22:30,,,"픽업, 스마트 반품, 스킨스캔"
명일역점,서울특별시 강동구 양재대로 1637 1층 2호~4호,10:00 ~ 22:30,10:00 ~ 22:30,10:00 ~ 22:30,10:00 ~ 22:30,10:00 ~ 22:30,,당일 휴무,"픽업, 스마트 반품"
마곡나루역점,서울특별시 강서구 마곡중앙5로 18 1층,09:00 ~ 22:30,09:00 ~ 22:30,10:30 ~ 22:30,10:30 ~ 22:30,10:30 ~ 22:30,,,"픽업, 스마트 반품"
가락시장역점,서울특별시 송파구 중대로 105 가락 ID타워 1층,09:30 ~ 22:30,09:30 ~ 22:30,11:00 ~ 22:30,11:00 ~ 22:30,11:00 ~ 22:30,,,"픽업, 스마트 반품"
은행나무사거리점,서울특별시 금천구 금하로 705,10:00 ~ 22:00,10:00 ~ 22:00,10:00 ~ 22:00,10:00 ~ 22:00,10:00 ~ 22:00,,당일 휴무,"픽업, 스마트 반품"
원그로브점,서울특별시 강서구 공항대로 165 지하1층 EB129호,10:00 ~ 22:00,10:00 ~ 22:00,10:00 ~ 22:00,10:00 ~ 22:00,10:00 ~ 22:00,,,"픽업, 스마트 반품, 스킨스캔"
시흥사거리점,서울특별시 금천구 시흥대로 228 1층,10:00 ~ 22:30,10:00 ~ 22:30,10:00 ~ 22:30,10:00 ~ 22:30,10:00 ~ 22:30,,당일 휴무,"픽업, 스마트 반품"
오류동역점,서울특별시 구로구 경인로 204,10:00 ~ 22:30,10:00 ~ 22:30,10:00 ~ 22:30,10:00 ~ 22:30,10:00 ~ 22:30,,,"픽업, 스마트 반품"
신방화역점,"서울특별시 강서구 방화대로 294 마곡더블유타워 121호,122호",10:00 ~ 22:30,10:00 ~ 22:30,11:00 ~ 22:30,11:00 ~ 22:30,11:00 ~ 22:30,,당일 휴무,"픽업, 스마트 반품"
문정역점,"서울특별시 송파구 송파대로 167 B동 지하1층 G127,128호",09:00 ~ 22:00,09:00 ~ 22:00,11:00 ~ 21:00,11:00 ~ 21:00,11:00 ~ 21:00,,전일~익일 휴무,"픽업, 스마트 반품"
세곡동점,서울특별시 강남구 헌릉로569길 21-36,10:00 ~ 22:30,10:00 ~ 22:30,10:00 ~ 22:30,11:00 ~ 22:00,11:00 ~ 22:00,,당일 휴무,"픽업, 스마트 반품"
고덕점,서울특별시 강동구 동남로75길 13-15 성은빌딩 1층,10:00 ~ 22:30,10:00 ~ 22:30,11:00 ~ 22:30,11:00 ~ 22:30,11:00 ~ 22:30,,당일 휴무,"픽업, 스마트 반품"
송파하비오점,서울특별시 송파구 송파대로 111 올리브영 송파하비오점,10:00 ~ 22:30,10:00 ~ 22:30,10:00 ~ 22:30,10:00 ~ 22:30,10:00 ~ 22:30,,,"픽업, 스마트 반품"
이케아강동점,서울특별시 강동구 고덕비즈밸리로 51 1층,10:00 ~ 22:00,10:00 ~ 22:00,10:00 ~ 22:00,10:00 ~ 22:00,10:00 ~ 22:00,,당일 휴무,"픽업, 스마트 반품, 스킨스캔"
개롱역점,서울특별시 송파구 오금로 404,10:00 ~ 22:30,10:00 ~ 22:30,10:00 ~ 22:30,10:00 ~ 22:30,10:00 ~ 22:30,,,"픽업, 스마트 반품"
방화역점,서울특별시 강서구 금낭화로 292,10:00 ~ 22:30,10:00 ~ 22:30,10:00 ~ 22:30,10:00 ~ 22:30,10:00 ~ 22:30,,당일 휴무,"픽업, 스마트 반품"
송정역점,서울특별시 강서구 공항대로 28 1층,10:00 ~ 23:00,10:00 ~ 23:00,10:00 ~ 23:00,10:00 ~ 23:00,10:00 ~ 23:00,,당일 휴무,"픽업, 스마트 반품"
천왕역점,서울특별시 구로구 오류로 20 (오류동 173-47 ),10:00 ~ 22:30,10:00 ~ 22:30,11:00 ~ 22:30,11:00 ~ 22:30,11:00 ~ 22:30,,당일 휴무,"픽업, 스마트 반품"
현대시티몰가든파이브점,서울특별시 송파구 충민로 66 현대시티몰가든파이브점 몰관 1층,10:30 ~ 20:30,10:30 ~ 21:00,10:30 ~ 21:00,10:30 ~ 21:00,10:30 ~ 21:00,,당일 휴무,"픽업, 스마트 반품"
김포공항국내선청사점,서울특별시 강서구 하늘길 112 김포공항국내선청사 동편 2층,06:00 ~ 20:30,06:00 ~ 20:30,06:00 ~ 20:30,06:00 ~ 20:30,06:00 ~ 20:30,,,스마트 반품
롯데몰김포공항점,서울특별시 강서구 하늘길 38 롯데몰 김포공항점 MF층,10:30 ~ 22:00,10:30 ~ 22:00,10:30 ~ 22:00,10:30 ~ 22:00,10:30 ~ 22:00,,,"픽업, 스마트 반품, 스킨스캔"
거여역점,서울특별시 송파구 오금로 509 1층,10:00 ~ 22:30,10:00 ~ 22:30,10:00 ~ 22:30,10:00 ~ 22:30,10:00 ~ 22:30,,,"픽업, 스마트 반품"
상일동역점,"서울특별시 강동구 고덕로 399 고덕동 210-1 고덕센트럴푸르지오 메가스퀘어 102,103, 104호",10:00 ~ 22:30,10:00 ~ 22:30,10:00 ~ 22:30,10:00 ~ 22:30,10:00 ~ 22:30,,,"픽업, 스마트 반품"
위례아이파크점,서울특별시 송파구 위례광장로 136,10:00 ~ 22:30,10:00 ~ 22:30,10:00 ~ 22:30,10:00 ~ 22:30,10:00 ~ 22:30,,당일 휴무,"픽업, 스마트 반품"
