매장명,평일_영업시간,주소,금_영업시간,토_영업시간,일_영업시간,휴일_영업시간,정기휴무일,명절휴무,태그
동묘점,10:00 ~ 22:00,"종로구 종로 347 (숭인동, 롯데캐슬 천지인)",10:00 ~ 22:00,10:00 ~ 22:00,10:00 ~ 22:00,10:00 ~ 22:00,,,
혜화점,10:00 ~ 22:00,종로구 창경궁로 239 (명륜2가),10:00 ~ 22:00,10:00 ~ 22:00,10:00 ~ 22:00,10:00 ~ 22:00,,,
대학로점,10:00 ~ 22:00,종로구 대학로 138-2 (혜화동),10:00 ~ 22:00,10:00 ~ 22:00,10:00 ~ 22:00,10:00 ~ 22:00,,,
동대문점,10:00 ~ 22:00,종로구 율곡로 309 (창신동),10:00 ~ 22:00,10:00 ~ 22:00,10:00 ~ 22:00,10:00 ~ 22:00,,,
종로본점,10:00 ~ 22:00,종로구 삼일대로 395 (종로2가),10:00 ~ 22:00,10:00 ~ 22:00,10:00 ~ 22:00,10:00 ~ 22:00,,,
경복궁역점,10:00 ~ 22:00,종로구 자하문로2길 4 (적선동),10:00 ~ 22:00,10:00 ~ 22:00,10:00 ~ 22:00,10:00 ~ 22:00,,,
안국역2호점,10:00 ~ 22:00,종로구 율곡로 45 (안국동),10:00 ~ 22:00,10:00 ~ 22:00,10:00 ~ 22:00,10:00 ~ 22:00,,,
GS슈퍼종로평창점,10:00 ~ 22:30,"종로구 평창문화로 75 (평창동) 158-1,지하1층",10:00 ~ 22:30,10:00 ~ 22:30,10:00 ~ 22:30,10:00 ~ 22:30,,,
명동본점,10:00 ~ 22:00,중구 명동길 43 (명동1가),10:00 ~ 22:00,10:00 ~ 22:00,10:00 ~ 22:00,10:00 ~ 22:00,,,
명동역점,10:00 ~ 22:00,중구 퇴계로 134-1(남산동3가),10:00 ~ 22:00,10:00 ~ 22:00,10:00 ~ 22:00,10:00 ~ 22:00,,,
서울역점,10:00 ~ 22:00,중구 한강대로 405(봉래동2가),10:00 ~ 22:00,10:00 ~ 22:00,10:00 ~ 22:00,10:00 ~ 22:00,,,
서울시청광장점,10:00 ~ 22:00,중구 세종대로 93 (태평로2가),10:00 ~ 22:00,10:00 ~ 22:00,10:00 ~ 22:00,10:00 ~ 22:00,,,
롯데던던동대문점,10:30 ~ 21:00,중구 을지로 264 (을지로6가),10:30 ~ 21:00,10:30 ~ 21:00,10:30 ~ 21:00,10:30 ~ 21:00,,,
롯데마트서울역점,10:00 ~ 00:00,중구 청파로 426 (봉래동2가),10:00 ~ 00:00,10:00 ~ 00:00,10:00 ~ 00:00,10:00 ~ 00:00,,,
현대시티아울렛동대문점,10:30 ~ 21:00,중구 장충단로13길 20 (을지로6가),10:30 ~ 21:00,10:30 ~ 21:00,10:30 ~ 21:00,10:30 ~ 21:00,,,
남영역점,10:00 ~ 22:00,용산구 한강대로77길 12 (갈월동),10:00 ~ 22:00,10:00 ~ 22:00,10:00 ~ 22:00,10:00 ~ 22:00,,,
이태원점,10:00 ~ 22:00,용산구 이태원로15길 1 (이태원동),10:00 ~ 22:00,10:00 ~ 22:00,10:00 ~ 22:00,10:00 ~ 22:00,,,
효창공원역점,10:00 ~ 22:00,용산구 효창원로 119(용문동),10:00 ~ 22:00,10:00 ~ 22:00,10:00 ~ 22:00,10:00 ~ 22:00,,,
용산아이파크몰점,10:00 ~ 22:00,용산구 한강대로21나길 17 (한강로3가),10:00 ~ 22:00,10:00 ~ 22:00,10:00 ~ 22:00,10:00 ~ 22:00,,,
답십리점,10:00 ~ 22:00,성동구 천호대로 308 (용답동),10:00 ~ 22:00,10:00 ~ 22:00,10:00 ~ 22:00,10:00 ~ 22:00,,,
뚝섬역점,10:00 ~ 22:00,성동구 아차산로 6 (성수동1가),10:00 ~ 22:00,10:00 ~ 22:00,10:00 ~ 22:00,10:00 ~ 22:00,,,
옥수역점,10:00 ~ 22:00,성동구 동호로 21 (옥수동),10:00 ~ 22:00,10:00 ~ 22:00,10:00 ~ 22:00,10:00 ~ 22:00,,,
상왕십리역점,10:00 ~ 22:00,성동구 왕십리로 373 (하왕십리동),10:00 ~ 22:00,10:00 ~ 22:00,10:00 ~ 22:00,10:00 ~ 22:00,,,
금호금남시장점,10:00 ~ 22:00,성동구 독서당로 292 (금호동4가),10:00 ~ 22:00,10:00 ~ 22:00,10:00 ~ 22:00,10:00 ~ 22:00,,,
한샘마트성수점,06:00 ~ 23:00,성동구 성수이로 118 (성수동2가),06:00 ~ 23:00,06:00 ~ 23:00,06:00 ~ 23:00,06:00 ~ 23:00,,,
롯데마트행당역점,10:00 ~ 22:00,성동구 행당로 84 (행당동),10:00 ~ 22:00,10:00 ~ 22:00,10:00 ~ 22:00,10:00 ~ 22:00,,,
비트플렉스왕십리역점,10:00 ~ 22:00,성동구 왕십리광장로 17 (행당동),10:00 ~ 22:00,10:00 ~ 22:00,10:00 ~ 22:00,10:00 ~ 22:00,,,
성수2가점,10:00 ~ 22:00,성동구 성덕정길 106(성수동2가),10:00 ~ 22:00,10:00 ~ 22:00,10:00 ~ 22:00,10:00 ~ 22:00,,,
건대입구점,10:00 ~ 22:00,광진구 아차산로 225,10:00 ~ 22:00,10:00 ~ 22:00,10:00 ~ 22:00,10:00 ~ 22:00,,,
구의역점,10:00 ~ 22:00,광진구 아차산로 378(자양동),10:00 ~ 22:00,10:00 ~ 22:00,10:00 ~ 22:00,10:00 ~ 22:00,,,
중곡역점,10:00 ~ 22:00,광진구 면목로 147(중곡동),10:00 ~ 22:00,10:00 ~ 22:00,10:00 ~ 22:00,10:00 ~ 22:00,,,
군자역점,10:00 ~ 22:00,광진구 천호대로 556(능동),10:00 ~ 22:00,10:00 ~ 22:00,10:00 ~ 22:00,10:00 ~ 22:00,,,
스타시티건대점,10:00 ~ 22:00,광진구 능동로 92 (자양동),10:00 ~ 22:00,10:00 ~ 22:00,10:00 ~ 22:00,10:00 ~ 22:00,,,
엔터식스강변점,10:00 ~ 21:30,광진구 광나루로56길 85 1층(구의동),10:00 ~ 21:30,10:00 ~ 21:30,10:00 ~ 21:30,10:00 ~ 21:30,,,
이스트폴구의점,10:00 ~ 22:00,광진구 아차산로 402 (자양동),10:00 ~ 22:00,10:00 ~ 22:00,10:00 ~ 22:00,10:00 ~ 22:00,,,
아차산역2호점,10:00 ~ 22:00,광진구 천호대로 661 (구의동),10:00 ~ 22:00,10:00 ~ 22:00,10:00 ~ 22:00,10:00 ~ 22:00,,,
화양동점,10:00 ~ 22:00,광진구 광나루로 370 (화양동),10:00 ~ 22:00,10:00 ~ 22:00,10:00 ~ 22:00,10:00 ~ 22:00,,,
GS슈퍼광진화양점,10:00 ~ 00:00,광진구 능동로13길 39 (화양동),10:00 ~ 00:00,10:00 ~ 00:00,10:00 ~ 00:00,10:00 ~ 00:00,,,
청량리역점,09:00 ~ 22:00,동대문구 왕산로 195,09:00 ~ 22:00,09:00 ~ 22:00,09:00 ~ 22:00,09:00 ~ 22:00,,,
외대역점,10:00 ~ 22:00,동대문구 휘경로 15(이문동),10:00 ~ 22:00,10:00 ~ 22:00,10:00 ~ 22:00,10:00 ~ 22:00,,,
동부시장점,10:00 ~ 22:00,중랑구 망우로 212 (망우동),10:00 ~ 22:00,10:00 ~ 22:00,10:00 ~ 22:00,10:00 ~ 22:00,,,
망우2호점,10:00 ~ 22:00,중랑구 망우로 416 (망우동),10:00 ~ 22:00,10:00 ~ 22:00,10:00 ~ 22:00,10:00 ~ 22:00,,,
먹골역점,10:00 ~ 22:00,중랑구 동일로 889 (묵동),10:00 ~ 22:00,10:00 ~ 22:00,10:00 ~ 22:00,10:00 ~ 22:00,,,
바다마트신내점,09:30 ~ 22:00,중랑구 신내로14길 21 (신내동),09:30 ~ 22:00,09:30 ~ 22:00,09:30 ~ 22:00,09:30 ~ 22:00,,,
사가정2호점,10:00 ~ 22:00,중랑구 면목로 290 (면목동),10:00 ~ 22:00,10:00 ~ 22:00,10:00 ~ 22:00,10:00 ~ 22:00,,,
상봉역점,10:00 ~ 22:00,중랑구 망우로 287 (상봉동),10:00 ~ 22:00,10:00 ~ 22:00,10:00 ~ 22:00,10:00 ~ 22:00,,,
이마트묵동점,10:00 ~ 22:00,중랑구 동일로 932 (묵동),10:00 ~ 22:00,10:00 ~ 22:00,10:00 ~ 22:00,10:00 ~ 22:00,,,
하나로마트동서울농협신내점,09:00 ~ 21:00,중랑구 신내로 74 (신내동),09:00 ~ 21:00,09:00 ~ 21:00,09:00 ~ 21:00,09:00 ~ 21:00,,,
홈플러스상봉점,10:00 ~ 22:00,중랑구 망우로 353 (상봉동),10:00 ~ 22:00,10:00 ~ 22:00,10:00 ~ 22:00,10:00 ~ 22:00,,,
홈플러스신내점,10:00 ~ 22:00,중랑구 신내로 201 (신내동),10:00 ~ 22:00,10:00 ~ 22:00,10:00 ~ 22:00,10:00 ~ 22:00,,,
e에브리데이면목동점,10:00 ~ 23:00,중랑구 면목로39길 11 (면목동),10:00 ~ 23:00,10:00 ~ 23:00,10:00 ~ 23:00,10:00 ~ 23:00,,,
성신여대역점,10:00 ~ 22:00,성북구 동소문로20나길 2(동선동1가),10:00 ~ 22:00,10:00 ~ 22:00,10:00 ~ 22:00,10:00 ~ 22:00,,,
돌곶이역점,10:00 ~ 22:00,성북구 화랑로 265,10:00 ~ 22:00,10:00 ~ 22:00,10:00 ~ 22:00,10:00 ~ 22:00,,,
한성대입구역2호점,10:00 ~ 22:00,성북구 동소문로 10(동소문동2가),10:00 ~ 22:00,10:00 ~ 22:00,10:00 ~ 22:00,10:00 ~ 22:00,,,
수유본점,10:00 ~ 22:00,강북구 도봉로 342,10:00 ~ 22:00,10:00 ~ 22:00,10:00 ~ 22:00,10:00 ~ 22:00,,,
미아역점,10:00 ~ 22:00,강북구 도봉로 147(미아동),10:00 ~ 22:00,10:00 ~ 22:00,10:00 ~ 22:00,10:00 ~ 22:00,,,
수유시장2호점,10:00 ~ 22:00,강북구 도봉로67길 18(수유동),10:00 ~ 22:00,10:00 ~ 22:00,10:00 ~ 22:00,10:00 ~ 22:00,,,
강북구청사거리점,10:00 ~ 22:00,강북구 한천로 1038(수유동),10:00 ~ 22:00,10:00 ~ 22:00,10:00 ~ 22:00,10:00 ~ 22:00,,,
대지시장점,10:00 ~ 22:00,강북구 솔샘로 239(미아동),10:00 ~ 22:00,10:00 ~ 22:00,10:00 ~ 22:00,10:00 ~ 22:00,,,
번동점,09:00 ~ 22:00,강북구 오현로 190(번동),09:00 ~ 22:00,09:00 ~ 22:00,09:00 ~ 22:00,09:00 ~ 22:00,,,
미아사거리점,10:00 ~ 22:00,강북구 월계로 3(미아동),10:00 ~ 22:00,10:00 ~ 22:00,10:00 ~ 22:00,10:00 ~ 22:00,,,
롯데마트삼양점,10:00 ~ 23:00,강북구 삼양로 247(미아동),10:00 ~ 23:00,10:00 ~ 23:00,10:00 ~ 23:00,10:00 ~ 23:00,,,
삼양시장점,10:00 ~ 22:00,강북구 삼양로 234(미아동),10:00 ~ 22:00,10:00 ~ 22:00,10:00 ~ 22:00,10:00 ~ 22:00,,,
수유시장점,10:00 ~ 22:00,강북구 도봉로 260(미아동),10:00 ~ 22:00,10:00 ~ 22:00,10:00 ~ 22:00,10:00 ~ 22:00,,,
석계역점,10:00 ~ 22:00,노원구 석계로 9,10:00 ~ 22:00,10:00 ~ 22:00,10:00 ~ 22:00,10:00 ~ 22:00,,,
롯데몰은평점,10:00 ~ 22:00,은평구 통일로 1050(진관동),10:00 ~ 22:00,10:00 ~ 22:00,10:00 ~ 22:00,10:00 ~ 22:00,,,
구산역점,10:00 ~ 22:00,은평구 연서로 143(갈현동),10:00 ~ 22:00,10:00 ~ 22:00,10:00 ~ 22:00,10:00 ~ 22:00,,,
롯데슈퍼범서점,09:00 ~ 23:00,은평구 통일로 842 범서쇼핑센터(불광동),09:00 ~ 23:00,09:00 ~ 23:00,09:00 ~ 23:00,09:00 ~ 23:00,,,
연신내점,10:00 ~ 22:00,은평구 연서로 253-3(불광동),10:00 ~ 22:00,10:00 ~ 22:00,10:00 ~ 22:00,10:00 ~ 22:00,,,
불광역점,10:00 ~ 22:00,은평구 통일로 67길 3 상일빌딩(대조동),10:00 ~ 22:00,10:00 ~ 22:00,10:00 ~ 22:00,10:00 ~ 22:00,,,
응암역점,10:00 ~ 22:00,은평구 은평로 68(신사동),10:00 ~ 22:00,10:00 ~ 22:00,10:00 ~ 22:00,10:00 ~ 22:00,,,
응암2호점,10:00 ~ 22:00,은평구 응암로 335(응암동),10:00 ~ 22:00,10:00 ~ 22:00,10:00 ~ 22:00,10:00 ~ 22:00,,,
이마트수색점,10:00 ~ 22:00,은평구 수색로 217 이마트 수색점 4층(수색동),10:00 ~ 22:00,10:00 ~ 22:00,10:00 ~ 22:00,10:00 ~ 22:00,,,
가좌역점,10:00 ~ 22:00,서대문구 수색로 26(남가좌동),10:00 ~ 22:00,10:00 ~ 22:00,10:00 ~ 22:00,10:00 ~ 22:00,,,
이대역점,10:00 ~ 22:00,서대문구 신촌로 183(대현동),10:00 ~ 22:00,10:00 ~ 22:00,10:00 ~ 22:00,10:00 ~ 22:00,,,
신촌본점,10:00 ~ 22:00,마포구 신촌로 90,10:00 ~ 22:00,10:00 ~ 22:00,10:00 ~ 22:00,10:00 ~ 22:00,,,
홈플러스월드컵점,10:00 ~ 22:00,마포구 월드컵로 240 홈플러스,10:00 ~ 22:00,10:00 ~ 22:00,10:00 ~ 22:00,10:00 ~ 22:00,,,
홍대입구점,10:00 ~ 22:00,마포구 호익로 25(서교동),10:00 ~ 22:00,10:00 ~ 22:00,10:00 ~ 22:00,10:00 ~ 22:00,,,
홍대2호점,10:00 ~ 22:00,마포구 양화로 182 (서교동),10:00 ~ 22:00,10:00 ~ 22:00,10:00 ~ 22:00,10:00 ~ 22:00,,,
목동역점,10:00 ~ 22:00,"양천구 오목로 238 (신정동, 론드사옥)",10:00 ~ 22:00,10:00 ~ 22:00,10:00 ~ 22:00,10:00 ~ 22:00,,,
오목교점,10:00 ~ 22:00,양천구 오목로 344 (목동),10:00 ~ 22:00,10:00 ~ 22:00,10:00 ~ 22:00,10:00 ~ 22:00,,,
신곡시장점,10:00 ~ 22:00,양천구 신월로 160 (신월동),10:00 ~ 22:00,10:00 ~ 22:00,10:00 ~ 22:00,10:00 ~ 22:00,,,
신정네거리점,10:00 ~ 22:00,양천구 신월로 291 (신정동),10:00 ~ 22:00,10:00 ~ 22:00,10:00 ~ 22:00,10:00 ~ 22:00,,,
이마트목동점,10:00 ~ 22:00,"양천구 오목로 299 (목동, 목동트라팰리스)",10:00 ~ 22:00,10:00 ~ 22:00,10:00 ~ 22:00,10:00 ~ 22:00,,,
이마트신월점,10:00 ~ 22:00,양천구 화곡로 59(신월동),10:00 ~ 22:00,10:00 ~ 22:00,10:00 ~ 22:00,10:00 ~ 22:00,,,
목동깨비시장점,10:00 ~ 22:00,양천구 목동중앙북로4길 6 (목동),10:00 ~ 22:00,10:00 ~ 22:00,10:00 ~ 22:00,10:00 ~ 22:00,,,
신월우성상가점,10:00 ~ 22:00,양천구 지양로 78 (신월동) 1층,10:00 ~ 22:00,10:00 ~ 22:00,10:00 ~ 22:00,10:00 ~ 22:00,,,
서부식자재마트점,06:00 ~ 23:00,양천구 목동남로 72 (신정동),06:00 ~ 23:00,06:00 ~ 23:00,06:00 ~ 23:00,06:00 ~ 23:00,,,
가양역2호점,10:00 ~ 22:00,강서구 화곡로 418(등촌동),10:00 ~ 22:00,10:00 ~ 22:00,10:00 ~ 22:00,10:00 ~ 22:00,,,
굿모닝마트화곡점,10:00 ~ 22:00,강서구 등촌로5길 80(화곡동),10:00 ~ 22:00,10:00 ~ 22:00,10:00 ~ 22:00,10:00 ~ 22:00,,,
까치산2호점,10:00 ~ 22:00,강서구 강서로 34(화곡동),10:00 ~ 22:00,10:00 ~ 22:00,10:00 ~ 22:00,10:00 ~ 22:00,,,
발산역점,10:00 ~ 22:00,강서구 공항대로 280(내발산동),10:00 ~ 22:00,10:00 ~ 22:00,10:00 ~ 22:00,10:00 ~ 22:00,,,
방화사거리점,10:00 ~ 22:00,강서구 금낭화로 75 지하1층,10:00 ~ 22:00,10:00 ~ 22:00,10:00 ~ 22:00,10:00 ~ 22:00,,,
송정역점,10:00 ~ 22:00,강서구 공항대로 28,10:00 ~ 22:00,10:00 ~ 22:00,10:00 ~ 22:00,10:00 ~ 22:00,,,
신방화역점,10:00 ~ 22:00,강서구 방화대로 지하 301(방화동),10:00 ~ 22:00,10:00 ~ 22:00,10:00 ~ 22:00,10:00 ~ 22:00,,,
우장산역점,10:00 ~ 22:00,강서구 강서로 267(내발산동),10:00 ~ 22:00,10:00 ~ 22:00,10:00 ~ 22:00,10:00 ~ 22:00,,,
마곡나루역점,10:00 ~ 22:00,강서구 마곡중앙로 143(마곡동),10:00 ~ 22:00,10:00 ~ 22:00,10:00 ~ 22:00,10:00 ~ 22:00,,,
롯데마트김포공항점,09:30 ~ 00:00,서울특별시 강서구 하늘길(방화동) 77,09:30 ~ 00:00,09:30 ~ 00:00,09:30 ~ 00:00,09:30 ~ 00:00,,,
염창역점,09:30 ~ 00:00,서울특별시 강서구 공항대로 627(염창동),09:30 ~ 00:00,09:30 ~ 00:00,09:30 ~ 00:00,09:30 ~ 00:00,,,
화곡역점,10:00 ~ 22:00,강서구 화곡로 161(화곡동),10:00 ~ 22:00,10:00 ~ 22:00,10:00 ~ 22:00,10:00 ~ 22:00,,,
발산역점,10:00 ~ 22:00,강서구 공항대로 280,10:00 ~ 22:00,10:00 ~ 22:00,10:00 ~ 22:00,10:00 ~ 22:00,,,
홈플러스강서점,10:00 ~ 22:00,강서구 화곡로 398 홈플러스,10:00 ~ 22:00,10:00 ~ 22:00,10:00 ~ 22:00,10:00 ~ 22:00,,,
개봉역점,10:00 ~ 22:00,구로구 경인로40길 41 (개봉동),10:00 ~ 22:00,10:00 ~ 22:00,10:00 ~ 22:00,10:00 ~ 22:00,,,
개봉역남부점,10:00 ~ 22:00,구로구 남부순환로97길 3 (개봉동),10:00 ~ 22:00,10:00 ~ 22:00,10:00 ~ 22:00,10:00 ~ 22:00,,,
고척동점,10:00 ~ 22:00,구로구 중앙로 64 (고척동),10:00 ~ 22:00,10:00 ~ 22:00,10:00 ~ 22:00,10:00 ~ 22:00,,,
구로구청점,10:00 ~ 22:00,구로구 가마산로 263 (구로동),10:00 ~ 22:00,10:00 ~ 22:00,10:00 ~ 22:00,10:00 ~ 22:00,,,
구로디지털단지역점,10:00 ~ 22:00,구로구 시흥대로 575 (구로동),10:00 ~ 22:00,10:00 ~ 22:00,10:00 ~ 22:00,10:00 ~ 22:00,,,
구로시장점,10:00 ~ 22:00,구로구 구로동로26길 82 (구로동),10:00 ~ 22:00,10:00 ~ 22:00,10:00 ~ 22:00,10:00 ~ 22:00,,,
신도림점,10:00 ~ 22:00,구로구 새말로 110 (구로동),10:00 ~ 22:00,10:00 ~ 22:00,10:00 ~ 22:00,10:00 ~ 22:00,,,
오류동점,10:00 ~ 22:00,구로구 경인로 209 (오류동),10:00 ~ 22:00,10:00 ~ 22:00,10:00 ~ 22:00,10:00 ~ 22:00,,,
이마트신도림점,10:00 ~ 22:00,구로구 새말로 97 (구로동),10:00 ~ 22:00,10:00 ~ 22:00,10:00 ~ 22:00,10:00 ~ 22:00,,,
천왕역점,10:00 ~ 22:00,구로구 오리로 1165 (오류동),10:00 ~ 22:00,10:00 ~ 22:00,10:00 ~ 22:00,10:00 ~ 22:00,,,
NC신구로점,10:30 ~ 21:00,구로구 구로중앙로 152 (구로동),10:30 ~ 21:00,10:30 ~ 21:00,10:30 ~ 21:00,10:30 ~ 21:00,,,
독산점,10:00 ~ 22:00,금천구 시흥대로 403 (독산동),10:00 ~ 22:00,10:00 ~ 22:00,10:00 ~ 22:00,10:00 ~ 22:00,,,
시흥사거리점,10:00 ~ 22:00,금천구 시흥대로 230 (시흥동),10:00 ~ 22:00,10:00 ~ 22:00,10:00 ~ 22:00,10:00 ~ 22:00,,,
퍼블릭가산점,10:00 ~ 22:00,금천구 디지털로 178 (가산동),10:00 ~ 22:00,10:00 ~ 22:00,10:00 ~ 22:00,10:00 ~ 22:00,,,
롯데마트금천점,10:00 ~ 23:00,금천구 시흥대로 315 (독산동),10:00 ~ 23:00,10:00 ~ 23:00,10:00 ~ 23:00,10:00 ~ 23:00,,,
마리오아울렛점,10:30 ~ 21:30,금천구 벚꽃로 266 (가산동),10:30 ~ 21:30,10:30 ~ 21:30,10:30 ~ 21:30,10:30 ~ 21:30,,,
롯데마트맥스금천점,10:00 ~ 22:00,금천구 두산로 71 (독산동),10:00 ~ 22:00,10:00 ~ 22:00,10:00 ~ 22:00,10:00 ~ 22:00,,,
당산점,10:00 ~ 22:00,영등포구 양평로 49,10:00 ~ 22:00,10:00 ~ 22:00,10:00 ~ 22:00,10:00 ~ 22:00,,,
영등포구청점,10:00 ~ 22:00,영등포구 당산로 83,10:00 ~ 22:00,10:00 ~ 22:00,10:00 ~ 22:00,10:00 ~ 22:00,,,
홈플러스영등포점,10:00 ~ 22:00,영등포구 당산로 42,10:00 ~ 22:00,10:00 ~ 22:00,10:00 ~ 22:00,10:00 ~ 22:00,,,
여의도점,10:00 ~ 22:00,영등포구 여의도동 25-15,10:00 ~ 22:00,10:00 ~ 22:00,10:00 ~ 22:00,10:00 ~ 22:00,,,
영등포역점,10:00 ~ 22:00,영등포구 영중로 18,10:00 ~ 22:00,10:00 ~ 22:00,10:00 ~ 22:00,10:00 ~ 22:00,,,
대림2호점,10:00 ~ 22:00,영등포구 도림로 141,10:00 ~ 22:00,10:00 ~ 22:00,10:00 ~ 22:00,10:00 ~ 22:00,,,
롯데빅마켓영등포점,10:00 ~ 22:00,영등포구 영중로 125,10:00 ~ 22:00,10:00 ~ 22:00,10:00 ~ 22:00,10:00 ~ 22:00,,,
선유도역점,10:00 ~ 22:00,영등포구 양평로 98,10:00 ~ 22:00,10:00 ~ 22:00,10:00 ~ 22:00,10:00 ~ 22:00,,,
서울양평동점,10:00 ~ 22:00,영등포구 선유로 130,10:00 ~ 22:00,10:00 ~ 22:00,10:00 ~ 22:00,10:00 ~ 22:00,,,
남성역점,10:00 ~ 22:00,동작구 사당로17가길 16 (사당동),10:00 ~ 22:00,10:00 ~ 22:00,10:00 ~ 22:00,10:00 ~ 22:00,,,
노량진점,10:00 ~ 22:00,동작구 노량진로 166(노량진동),10:00 ~ 22:00,10:00 ~ 22:00,10:00 ~ 22:00,10:00 ~ 22:00,,,
대림사거리점,10:00 ~ 22:00,동작구 시흥대로 654 (신대방동),10:00 ~ 22:00,10:00 ~ 22:00,10:00 ~ 22:00,10:00 ~ 22:00,,,
대방남부점,10:00 ~ 22:00,동작구 노량진로 4 (대방동),10:00 ~ 22:00,10:00 ~ 22:00,10:00 ~ 22:00,10:00 ~ 22:00,,,
보라매점,10:00 ~ 22:00,동작구 보라매로5가길 16 (신대방동),10:00 ~ 22:00,10:00 ~ 22:00,10:00 ~ 22:00,10:00 ~ 22:00,,,
사당1호점,10:00 ~ 22:00,동작구 동작대로 43 (사당동),10:00 ~ 22:00,10:00 ~ 22:00,10:00 ~ 22:00,10:00 ~ 22:00,,,
사당2호점,10:00 ~ 22:00,동작구 남부순환로 2057 (사당동),10:00 ~ 22:00,10:00 ~ 22:00,10:00 ~ 22:00,10:00 ~ 22:00,,,
상도점,10:00 ~ 22:00,동작구 상도로 277 (상도동),10:00 ~ 22:00,10:00 ~ 22:00,10:00 ~ 22:00,10:00 ~ 22:00,,,
성대시장점,10:00 ~ 22:00,동작구 상도로 102 (상도동),10:00 ~ 22:00,10:00 ~ 22:00,10:00 ~ 22:00,10:00 ~ 22:00,,,
신대방점,10:00 ~ 22:00,동작구 여의대방로 122 (신대방동),10:00 ~ 22:00,10:00 ~ 22:00,10:00 ~ 22:00,10:00 ~ 22:00,,,
이수점,10:00 ~ 22:00,동작구 동작대로 123 (사당동),10:00 ~ 22:00,10:00 ~ 22:00,10:00 ~ 22:00,10:00 ~ 22:00,,,
흑석점,10:00 ~ 22:00,동작구 서달로 161-1 (흑석동),10:00 ~ 22:00,10:00 ~ 22:00,10:00 ~ 22:00,10:00 ~ 22:00,,,
관악식자재마트점,08:00 ~ 23:00,"관악구 청림3길 10 (봉천동, 서희스타힐스)",08:00 ~ 23:00,08:00 ~ 23:00,08:00 ~ 23:00,08:00 ~ 23:00,,,
GS슈퍼관악점,10:00 ~ 22:00,관악구 쑥고개로 111 (봉천동),10:00 ~ 22:00,10:00 ~ 22:00,10:00 ~ 22:00,10:00 ~ 22:00,,,
신림점,10:00 ~ 22:00,관악구 호암로 605 (신림동),10:00 ~ 22:00,10:00 ~ 22:00,10:00 ~ 22:00,10:00 ~ 22:00,,,
낙성대점,10:00 ~ 22:00,관악구 남부순환로 1960 (봉천동),10:00 ~ 22:00,10:00 ~ 22:00,10:00 ~ 22:00,10:00 ~ 22:00,,,
봉천본점,10:00 ~ 22:00,"관악구 관악로 195 (봉천동, 관악위버폴리스)",10:00 ~ 22:00,10:00 ~ 22:00,10:00 ~ 22:00,10:00 ~ 22:00,,,
난곡사거리점,10:00 ~ 22:00,관악구 남부순환로 1474 (신림동),10:00 ~ 22:00,10:00 ~ 22:00,10:00 ~ 22:00,10:00 ~ 22:00,,,
서울대입구점,10:00 ~ 22:00,관악구 남부순환로 1840 (봉천동),10:00 ~ 22:00,10:00 ~ 22:00,10:00 ~ 22:00,10:00 ~ 22:00,,,
세이브마트난곡점,09:00 ~ 22:00,관악구 난곡로 220 (신림동),09:00 ~ 22:00,09:00 ~ 22:00,09:00 ~ 22:00,09:00 ~ 22:00,,,
신림역1호점,10:00 ~ 22:00,관악구 신림로 354 (신림동),10:00 ~ 22:00,10:00 ~ 22:00,10:00 ~ 22:00,10:00 ~ 22:00,,,
봉천2호점,10:00 ~ 22:00,관악구 남부순환로 1731 (봉천동),10:00 ~ 22:00,10:00 ~ 22:00,10:00 ~ 22:00,10:00 ~ 22:00,,,
신림3호점,10:00 ~ 22:00,"관악구 신림로 318 (신림동, 청암두산위브센티움)",10:00 ~ 22:00,10:00 ~ 22:00,10:00 ~ 22:00,10:00 ~ 22:00,,,
남부터미널점,10:00 ~ 22:00,서초구 서초중앙로 36,10:00 ~ 22:00,10:00 ~ 22:00,10:00 ~ 22:00,10:00 ~ 22:00,,,
내방역점,10:00 ~ 22:00,서초구 서초대로24길 3(방배동),10:00 ~ 22:00,10:00 ~ 22:00,10:00 ~ 22:00,10:00 ~ 22:00,,,
방배역점,10:00 ~ 22:00,서초구 효령로 117(방배동),10:00 ~ 22:00,10:00 ~ 22:00,10:00 ~ 22:00,10:00 ~ 22:00,,,
양재2호점,10:00 ~ 22:00,서초구 남부순환로 2614(양재동),10:00 ~ 22:00,10:00 ~ 22:00,10:00 ~ 22:00,10:00 ~ 22:00,,,
하나로클럽양재점,00:00 ~ 00:00,서초구 청계산로 10 농협하나로,00:00 ~ 00:00,00:00 ~ 00:00,00:00 ~ 00:00,00:00 ~ 00:00,,,
강남구청역점,10:00 ~ 22:00,강남구 학동로 402(삼성동),10:00 ~ 22:00,10:00 ~ 22:00,10:00 ~ 22:00,10:00 ~ 22:00,,,
강남역점,10:00 ~ 22:00,강남구 강남대로 422,10:00 ~ 22:00,10:00 ~ 22:00,10:00 ~ 22:00,10:00 ~ 22:00,,,
강남역2호점,10:00 ~ 22:00,강남구 테헤란로 109 지하 1층,10:00 ~ 22:00,10:00 ~ 22:00,10:00 ~ 22:00,10:00 ~ 22:00,,,
매봉역점,10:00 ~ 22:00,강남구 남부순환로 2748(도곡동),10:00 ~ 22:00,10:00 ~ 22:00,10:00 ~ 22:00,10:00 ~ 22:00,,,
영동프라자점,10:00 ~ 22:00,강남구 강남대로128길 20(논현동),10:00 ~ 22:00,10:00 ~ 22:00,10:00 ~ 22:00,10:00 ~ 22:00,,,
한티역점,10:00 ~ 22:00,강남구 선릉로 318(대치동),10:00 ~ 22:00,10:00 ~ 22:00,10:00 ~ 22:00,10:00 ~ 22:00,,,
코엑스몰점,10:00 ~ 22:00,강남구 봉은사로 524 코엑스몰 B1 C1 14,10:00 ~ 22:00,10:00 ~ 22:00,10:00 ~ 22:00,10:00 ~ 22:00,,,
거여점,10:00 ~ 22:00,송파구 오금로 508(거여동),10:00 ~ 22:00,10:00 ~ 22:00,10:00 ~ 22:00,10:00 ~ 22:00,,,
롯데마트 송파점,10:00 ~ 23:00,송파구 중대로 80 롯데마트 송파점 B1,10:00 ~ 23:00,10:00 ~ 23:00,10:00 ~ 23:00,10:00 ~ 23:00,,,
롯데슈퍼가락점,10:00 ~ 23:00,송파구 오금로36길 8,10:00 ~ 23:00,10:00 ~ 23:00,10:00 ~ 23:00,10:00 ~ 23:00,,,
방이시장점,10:00 ~ 22:00,송파구 백제고분로 48길 5 왕산빌딩,10:00 ~ 22:00,10:00 ~ 22:00,10:00 ~ 22:00,10:00 ~ 22:00,,,
잠실종합운동장역점,10:00 ~ 22:00,송파구 올림픽로 74길 5 왕산빌딩,10:00 ~ 22:00,10:00 ~ 22:00,10:00 ~ 22:00,10:00 ~ 22:00,,,
석촌점,10:00 ~ 22:00,송파구 가락로 103 엄마손백화점 1층,10:00 ~ 22:00,10:00 ~ 22:00,10:00 ~ 22:00,10:00 ~ 22:00,,,
송파구청점,10:00 ~ 22:00,송파구 오금로 87 (방이동),10:00 ~ 22:00,10:00 ~ 22:00,10:00 ~ 22:00,10:00 ~ 22:00,,,
위례본점,10:00 ~ 22:00,송파구 위례광장로 136 (장지동),10:00 ~ 22:00,10:00 ~ 22:00,10:00 ~ 22:00,10:00 ~ 22:00,,,
잠실점,10:00 ~ 22:00,송파구 석촌호수로 88(잠실동),10:00 ~ 22:00,10:00 ~ 22:00,10:00 ~ 22:00,10:00 ~ 22:00,,,
송파파크하비오점,10:00 ~ 22:00,송파구 송파대로 111,10:00 ~ 22:00,10:00 ~ 22:00,10:00 ~ 22:00,10:00 ~ 22:00,,,
롯데마트월드타워점,10:00 ~ 22:00,송파구 올림픽로 300,10:00 ~ 22:00,10:00 ~ 22:00,10:00 ~ 22:00,10:00 ~ 22:00,,,
현대시티몰가든파이브점,10:00 ~ 20:30,송파구 충민로 66,10:00 ~ 20:30,10:00 ~ 20:30,10:00 ~ 20:30,10:00 ~ 20:30,,,
길동점,10:00 ~ 22:00,강동구 양재대로 1490(길동),10:00 ~ 22:00,10:00 ~ 22:00,10:00 ~ 22:00,10:00 ~ 22:00,,,
둔촌점,10:00 ~ 22:00,강동구 양재대로 1329(성내동),10:00 ~ 22:00,10:00 ~ 22:00,10:00 ~ 22:00,10:00 ~ 22:00,,,
암사역점,10:00 ~ 22:00,강동구 올림픽로 779 대동빌딩,10:00 ~ 22:00,10:00 ~ 22:00,10:00 ~ 22:00,10:00 ~ 22:00,,,
이마트 천호점,10:00 ~ 22:00,강동구 천호대로 1017,10:00 ~ 22:00,10:00 ~ 22:00,10:00 ~ 22:00,10:00 ~ 22:00,,,
천호본점,10:00 ~ 22:00,강동구 천호대로 1012 지하1층,10:00 ~ 22:00,10:00 ~ 22:00,10:00 ~ 22:00,10:00 ~ 22:00,,,
홈플러스강동점,10:00 ~ 22:00,강동구 양재대로 1571 홈플러스,10:00 ~ 22:00,10:00 ~ 22:00,10:00 ~ 22:00,10:00 ~ 22:00,,,
신촌명물거리점,10:00 ~ 22:00,서대문구 명물길 27 (창천동),10:00 ~ 22:00,10:00 ~ 22:00,10:00 ~ 22:00,10:00 ~ 22:00,,,
굿모닝마트홍제점,10:00 ~ 22:00,서대문구 통일로 397,10:00 ~ 22:00,10:00 ~ 22:00,10:00 ~ 22:00,10:00 ~ 22:00,,,
홍제역(3호선)점,10:00 ~ 22:00,서대문구 통일로 지하 440-1 (홍제동),10:00 ~ 22:00,10:00 ~ 22:00,10:00 ~ 22:00,10:00 ~ 22:00,,,
하나로마트서울중앙농협점,09:30 ~ 21:00,광진구 뚝섬로 639 1층 (자양동),09:30 ~ 21:00,09:30 ~ 21:00,09:30 ~ 21:00,09:30 ~ 21:00,,,
GS슈퍼여의도점,10:00 ~ 23:00,영등포구 국제금융로7길 15 (여의도동),10:00 ~ 23:00,10:00 ~ 23:00,10:00 ~ 23:00,10:00 ~ 23:00,,,
하나로마트이수점,09:30 ~ 21:00,동작구 동작대로39길 22 지하1층,09:30 ~ 21:00,09:30 ~ 21:00,09:30 ~ 21:00,09:30 ~ 21:00,,,
강남고속버스터미널점,10:00 ~ 22:00,서초구 신반포로 194 (반포동) 지하1층,10:00 ~ 22:00,10:00 ~ 22:00,10:00 ~ 22:00,10:00 ~ 22:00,,,
교대역점,10:00 ~ 22:00,서초구 서초대로 320 (서초동) 지하1층,10:00 ~ 22:00,10:00 ~ 22:00,10:00 ~ 22:00,10:00 ~ 22:00,,,
대치역사거리점,10:00 ~ 22:00,강남구 삼성로 155 (대치동),10:00 ~ 22:00,10:00 ~ 22:00,10:00 ~ 22:00,10:00 ~ 22:00,,,
도곡점,10:00 ~ 22:00,강남구 도곡로 188 (도곡동),10:00 ~ 22:00,10:00 ~ 22:00,10:00 ~ 22:00,10:00 ~ 22:00,,,
압구정역점,10:00 ~ 22:00,강남구 논현로 878 (신사동),10:00 ~ 22:00,10:00 ~ 22:00,10:00 ~ 22:00,10:00 ~ 22:00,,,
청담도산공원점,10:00 ~ 22:00,강남구 도산대로49길 9 (신사동),10:00 ~ 22:00,10:00 ~ 22:00,10:00 ~ 22:00,10:00 ~ 22:00,,,
이스턴스퀘어강동천호점,10:00 ~ 22:00,"강동구 올림픽로78길 60 (천호동, 강동 밀레니얼 중흥S-클래스)",10:00 ~ 22:00,10:00 ~ 22:00,10:00 ~ 22:00,10:00 ~ 22:00,,,
e에브리데이답십리점,10:00 ~ 22:00,동대문구 고미술로 49 (답십리동),10:00 ~ 22:00,10:00 ~ 22:00,10:00 ~ 22:00,10:00 ~ 22:00,,,
