TourAPI_contentid,TourAPI_addr1,TourAPI_title,큐레이션_메모,TourAPI_addr2
2904355,"서울특별시 서대문구 거북골로 100 (남가좌동, 래미안 루센티아)",올리브영 가재울뉴타운점,영업종료(폐업),상가동 1층
2923880,서울특별시 광진구 광나루로56길 85 (구의동),올리브영 강변엔터식스점,영업종료(폐업),
2912304,서울특별시 광진구 능동로 133 (화양동),올리브영 건대점,서칭 안됨,
2930826,"서울특별시 광진구 아차산로 607 (광장동, 빌딩S존)",올리브영 광나루역점,서칭 안됨,
4008168,서울특별시 강서구 공항대로 168 (마곡동),올리브영 마곡역점,서칭 안됨,
3306824,서울특별시 중구 명동8나길 18 (충무로1가),올리브영 명동중앙점,서칭 안됨,인송빌딩 1층
2923241,"서울특별시 양천구 오목로 300 (목동, 현대하이페리온2)",올리브영 목동하이페리온점,서칭 안됨,
4009091,서울특별시 서초구 방배중앙로 175 (방배동),올리브영 방배카페거리점,서칭 안됨,1층
2906647,서울특별시 강남구 선릉로 513 (역삼동),올리브영 선릉역점,서칭 안됨,
2929556,서울특별시 서대문구 신촌로 79 (창천동),올리브영 신촌역점,서칭 안됨,
4009310,서울특별시 양천구 지양로 78 (신월동),올리브영 양천신월점,서칭 안됨,
2930606,서울특별시 은평구 통일로 842 (불광동),올리브영 연신내범서점,서칭 안됨,
4009309,서울특별시 양천구 오목로 지하342 (목동),올리브영 오목교지하철역점,서칭 안됨,B1층
4009184,서울특별시 송파구 올림픽로35길 124 (신천동),올리브영 잠실장미상가점,서칭 안됨,
4009450,서울특별시 종로구 평창문화로 51 (평창동),올리브영 종로평창점,서칭 안됨,1층
2917250,서울특별시 강남구 도산대로89길 8 (청담동),올리브영 청담사거리점,서칭 안됨,엘에이치빌딩
4008161,서울특별시 강동구 양재대로 1571 (천호동),올리브영 홈플러스 강동점,서칭 안됨,1층
2922809,서울특별시 금천구 시흥대로 391 (독산동),올리브영 홈플러스 금천점,서칭 안됨,
2902111,서울특별시 강서구 화곡로 398 (등촌동),올리브영 홈플러스강서점,서칭 안됨,1층
4008847,서울특별시 도봉구 도봉로 678 (방학동),올리브영 홈플러스방학점,서칭 안됨,1층
2923091,서울특별시 금천구 시흥대로 201 (시흥동),올리브영 홈플러스시흥점,서칭 안됨,
4009609,서울특별시 중랑구 신내로 201 (신내동),올리브영 홈플러스신내점,서칭 안됨,
2924765,서울특별시 영등포구 당산로 42 (문래동3가),올리브영 홈플러스영등포점,서칭 안됨,B1층
2907867,서울특별시 성북구 화랑로 76 (하월곡동),올리브영 홈플러스월곡점,서칭 안됨,
2907197,서울특별시 마포구 월드컵로 240 (성산동),올리브영 홈플러스월드컵점,서칭 안됨,2층
4008840,서울특별시 노원구 동일로204가길 12 (중계동),올리브영 홈플러스중계점,서칭 안됨,1층
