올리브영_contentid,구분,CSV_매장명,CSV_주소,TourAPI_contentid,TourAPI_title,TourAPI_addr1,TourAPI_addr2,판단(같음/다름),비고
OY3ba0d,주소만 일치(매장명 다름),올리브영 명동 타운,서울특별시 중구 명동길 53 1~2층,3305676,올리브영 명동 타운점,서울특별시 중구 명동길 53 (명동1가),,같음,
OY38fc7,주소만 일치(매장명 다름),올리브영 현대시티아울렛동대문점,서울특별시 중구 장충단로13길 20 2층,3305901,올리브영 현대시티아울렛동대문점,서울특별시 중구 장충단로13길 20 (을지로6가),,같음,
OY25498,주소만 일치(매장명 다름),올리브영 두타점,서울특별시 중구 장충단로 275 두산타워빌딩 지하 2층,2901411,올리브영 두타점,서울특별시 중구 장충단로 275 (을지로6가),B2층,같음,
OY32672,매장명만 일치(주소 다름),올리브영 이대중앙점,서울특별시 서대문구 이화여대길 12,2925694,올리브영 이대중앙점,서울특별시 서대문구 이화여대길 12,,같음,
OYdace0,주소만 일치(매장명 다름),올리브영 용산아이파크몰점,서울특별시 용산구 한강대로23길 55 HDC 아이파크몰 패션파크 4F,3306656,올리브영 아이파크몰 용산점,서울특별시 용산구 한강대로23길 55 (한강로3가),4층,같음,
OYdace0,주소만 일치(매장명 다름),올리브영 용산아이파크몰더센터점,서울특별시 용산구 한강대로23길 55 HDC 아이파크몰 지하1층 ,4009435,올리브영 용산아이파크몰더센터점,서울특별시 용산구 한강대로23길 55 (한강로3가),B1층,같음,이 TourAPI 매장은 같은 이름의 CSV 매장과 이미 확정 매칭됨
OYb6181,주소만 일치(매장명 다름),트렌드팟 바이 올리브영홍대,서울특별시 마포구 와우산로21길 37,4008935,올리브영 트렌드팟 바이 홍대점,서울특별시 마포구 와우산로21길 37 (서교동),,같음,
OYc7a45,매장명만 일치(주소 다름),올리브영 압구정로데오점,서울특별시 강남구 압구정로 342,2930259,올리브영 압구정로데오점,서울특별시 강남구 압구정로50길 9 (신사동),1층,같음,
OYd27a4,매장명만 일치(주소 다름),올리브영 NC강남점,서울특별시 서초구 잠원로 37-6 뉴코아아울렛강남점 1층,4009107,올리브영 NC 강남점,서울특별시 서초구 잠원로 51 (잠원동),1층,같음,
OY40ca9,주소만 일치(매장명 다름),올리브영 여의도IFC점,서울특별시 영등포구 국제금융로 10,2904145,올리브영 IFC몰점,서울특별시 영등포구 국제금융로 10 (여의도동),,같음,
OYd53d0,매장명만 일치(주소 다름),올리브영 신논현점,서울특별시 서초구 강남대로 483,2918637,올리브영 신논현점,서울특별시 서초구 강남대로 507 (반포동),,같음,
OYe9551,매장명만 일치(주소 다름),올리브영 신논현역점,서울특별시 강남구 강남대로 470,3305302,올리브영 신논현역점,서울특별시 강남구 봉은사로 지하102 (역삼동),B2층,같음,
OY236a2,주소만 일치(매장명 다름),올리브영 건대커먼그라운드점,서울특별시 광진구 아차산로 200 커먼그라운드,3305561,올리브영 커먼그라운드점,서울특별시 광진구 아차산로 200 (자양동),1층,같음,
OY454ef,주소만 일치(매장명 다름),올리브영 올리브베러 강남역점,서울특별시 강남구 강남대로 374,2924470,올리브영 강남중앙점,서울특별시 강남구 강남대로 374 (역삼동),,같음,
OYe4b52,주소만 일치(매장명 다름),올리브영 스타필드마켓월계점,서울특별시 노원구 마들로3길 15 1층,4008841,올리브영 이마트월계점,서울특별시 노원구 마들로3길 15 (월계동),1층,같음,
OY41ab2,매장명만 일치(주소 다름),올리브영 신내점,서울특별시 중랑구 신내로72,4009458,올리브영 신내점,서울특별시 중랑구 신내로 72 (신내동),,같음,
OY843be,주소만 일치(매장명 다름),올리브영 롯데월드몰플러스점,서울특별시 송파구 올림픽로 300 롯데월드몰 2층,3306551,올리브영 롯데백화점 에비뉴엘 잠실점,서울특별시 송파구 올림픽로 300 (신천동),5층,다름(없는 매장임),다름(없는 매장임)
OY843be,주소만 일치(매장명 다름),올리브영 롯데월드몰플러스점,서울특별시 송파구 올림픽로 300 롯데월드몰 2층,4009177,올리브영 롯데월드몰점,서울특별시 송파구 올림픽로 300 (신천동),2층,같음,이 TourAPI 매장은 같은 이름의 CSV 매장과 이미 확정 매칭됨
OYc1b7d,매장명만 일치(주소 다름),올리브영 천호엔터식스점,서울특별시 강동구 천호대로 지하 997 지하1층,4008798,올리브영 천호엔터식스점,서울특별시 강동구 천호대로 997 (천호동),B1층,같음,
OYe516a,주소만 일치(매장명 다름),올리브영 현대시티몰가든파이브점,서울특별시 송파구 충민로 66 현대시티몰가든파이브점 몰관 1층,2924746,올리브영 현대아울렛 가든파이브점,서울특별시 송파구 충민로 66 (문정동),,같음,
