올리브영_contentid,CSV_매장명,CSV_주소,평일_영업시간,큐레이션_메모
OY527a5,올리브영 센트럴 명동 타운,서울특별시 중구 명동8길 27 엠플라자 B1층~3층,10:00 ~ 22:30,실존 매장(반영)
OY29929,올리브영 덕수궁점,서울특별시 중구 세종대로 91,08:00 ~ 22:30,실존 매장(반영)
OYacca4,올리브영 올리브베러 광화문점,서울특별시 종로구 종로3길 17 D타워,09:00 ~ 22:00,실존 매장(반영)
OYc6eb5,올리브영 인사동점,"서울특별시 종로구 인사동길 49 안녕인사동 올리브영 지상1층 12번, 지상M층 3번, 4번",10:30 ~ 21:30,실존 매장(반영)
OY11b47,올리브영 안국역점,서울특별시 종로구 북촌로 1,10:00 ~ 22:00,실존 매장(반영)
OYc911d,올리브영 광장마켓점,서울특별시 종로구 창경궁로 88 2층 올리브영,10:00 ~ 22:00,실존 매장(반영)
OY3cb4a,올리브영 롯데아울렛서울역점,서울특별시 용산구 한강대로 405 롯데아울렛 서울역점 2층 일부,10:30 ~ 22:00,실존 매장(반영)
OY96b96,올리브영 마포공덕점,서울특별시 마포구 마포대로 78 자람빌딩 1층,10:00 ~ 23:00,실존 매장(반영)
OY9d995,올리브영 세로수길점,서울특별시 강남구 강남대로160길 45,11:00 ~ 22:00,실존 매장(반영)
OY529c9,올리브영 동덕여대점,서울특별시 성북구 화랑로11길 31,10:30 ~ 23:00,실존 매장(반영)
OY0db59,올리브영 뷰티 맨션 성수,서울특별시 성동구 성수이로 108 B1F~4F,10:00 ~ 22:00,실존 매장(반영)
OY46069,올리브영 외대정문점,서울특별시 동대문구 이문로 107,09:30 ~ 22:30,실존 매장(반영)
OY8bb4d,올리브영 연신내연서점,서울특별시 은평구 연서로 212,10:00 ~ 22:30,실존 매장(반영)
OY8da40,올리브영 사당점,서울특별시 동작구 동작대로 29,10:00 ~ 23:00,실존 매장(반영)
OY6cece,올리브영 봉천역점,서울특별시 관악구 남부순환로 1735,10:00 ~ 23:00,실존 매장(반영)
OYdfdb3,올리브영 낙성대인헌점,서울특별시 관악구 남부순환로248길 3 1층,10:00 ~ 23:00,실존 매장(반영)
OYd160d,올리브영 씨제이ENM커머스부문점,서울특별시 서초구 과천대로 870-13 지하1층,08:00 ~ 20:00,실존 매장(반영)
OY93901,올리브영 현대백화점목동점,서울특별시 양천구 목동동로 257 현대백화점 지하 2층,10:30 ~ 21:00,실존 매장(반영)
OYf7cca,올리브영 잠실역8호선점,서울특별시 송파구 올림픽로 305 잠실역8호선 지하상가 H7~10호,10:00 ~ 22:30,실존 매장(반영)
OY6b305,올리브영 양재하나로클럽점,서울특별시 서초구 청계산로 10 1층,09:30 ~ 22:00,실존 매장(반영)
OY51690,올리브영 까치산역점,"서울특별시 강서구 강서로13길 3, 지하 1층",10:00 ~ 23:00,실존 매장(반영)
OY77363,올리브영 길동사거리점,서울특별시 강동구 천호대로 1120 1층,10:30 ~ 23:00,실존 매장(반영)
OY0eb6a,올리브영 길동역점,서울특별시 강동구 양재대로 1481 1층,10:00 ~ 22:00,실존 매장(반영)
OY573cb,올리브영 둔촌파크포레온점,서울특별시 강동구 양재대로 1360 포레온스테이션5 B2F 212호,10:00 ~ 22:30,실존 매장(반영)
