contentid,contenttypeid,title,addr1,addr2,sigungucode,mapx,mapy,tel,firstimage,cpyrhtDivCd,lclsSystm1,lclsSystm2,lclsSystm3,overview,homepage,business_hours,closed_days,fee,event_period
4027411,38,아트박스 AK플라자 홍대점,서울특별시 마포구 양화로 188 (동교동),1층,,126.926498328277,37.5577458058734,,https://tong.visitkorea.or.kr/cms/resource/44/4045344_image2_1.jpg,Type3,SH,SH04,SH040300,아트박스는 감각적인 디자인 문구와 다채로운 소품을 판매하는 대한민국 라이프스타일 브랜드입니다. 트렌디한 캐릭터 상품과 실용적인 생활용품을 합리적인 가격에 제공해 젊은 세대와 외국인 관광객에게 즐거운 쇼핑 경험을 선사합니다.,www.poom.co.kr/main/initMain.action,11:00~22:00,,,
2905448,38,아트박스 가로수길점,서울특별시 강남구 도산대로 139 (신사동),제이타워 B1층,,127.02371365338,37.5182465379004,,https://tong.visitkorea.or.kr/cms/resource/90/4018090_image2_1.jpg,Type3,SH,SH04,SH040300,아트박스는 감각적인 디자인 문구와 다채로운 소품을 판매하는 대한민국 라이프스타일 브랜드입니다. 트렌디한 캐릭터 상품과 실용적인 생활용품을 합리적인 가격에 제공해 젊은 세대와 외국인 관광객에게 즐거운 쇼핑 경험을 선사합니다.,,11:00-22:00,,,
4013076,38,아트박스 강남엔터식스점,서울특별시 서초구 신반포로 지하188 (반포동),B1층,,127.004949918697,37.5049267445237,,https://tong.visitkorea.or.kr/cms/resource/45/4043745_image2_1.png,Type3,SH,SH04,SH040300,아트박스는 감각적인 디자인 문구와 다채로운 소품을 판매하는 대한민국 라이프스타일 브랜드입니다. 트렌디한 캐릭터 상품과 실용적인 생활용품을 합리적인 가격에 제공해 젊은 세대와 외국인 관광객에게 즐거운 쇼핑 경험을 선사합니다.,www.poom.co.kr,10:30~22:00,,,
2916384,38,아트박스 강남점,서울특별시 강남구 테헤란로1길 42 (역삼동),,,127.027148590261,37.5011299541918,,https://tong.visitkorea.or.kr/cms/resource/77/4043177_image2_1.jpg,Type3,SH,SH04,SH040300,아트박스는 감각적인 디자인 문구와 다채로운 소품을 판매하는 대한민국 라이프스타일 브랜드입니다. 트렌디한 캐릭터 상품과 실용적인 생활용품을 합리적인 가격에 제공해 젊은 세대와 외국인 관광객에게 즐거운 쇼핑 경험을 선사합니다.,,10:00~20:00,,,
2923105,38,아트박스 건대스타시티점,서울특별시 광진구 아차산로 272 (자양동),1층,,127.072996184863,37.5385582736952,,https://tong.visitkorea.or.kr/cms/resource/24/4017624_image2_1.jpg,Type3,SH,SH04,SH040300,아트박스는 감각적인 디자인 문구와 다채로운 소품을 판매하는 대한민국 라이프스타일 브랜드입니다. 트렌디한 캐릭터 상품과 실용적인 생활용품을 합리적인 가격에 제공해 젊은 세대와 외국인 관광객에게 즐거운 쇼핑 경험을 선사합니다.,www.poom.co.kr,11:00-22:00,,,
4012486,38,아트박스 경희대점,서울특별시 동대문구 경희대로 12-1 (회기동),,,127.052713194758,37.5926905469995,,https://tong.visitkorea.or.kr/cms/resource/43/4043743_image2_1.png,Type3,SH,SH04,SH040300,아트박스는 감각적인 디자인 문구와 다채로운 소품을 판매하는 대한민국 라이프스타일 브랜드입니다. 트렌디한 캐릭터 상품과 실용적인 생활용품을 합리적인 가격에 제공해 젊은 세대와 외국인 관광객에게 즐거운 쇼핑 경험을 선사합니다.,www.poom.co.kr,10:30~22:00,,,
4011764,38,아트박스 구의점,서울특별시 광진구 광나루로 602 (구의동),,,127.094709156353,37.5417964558524,,https://tong.visitkorea.or.kr/cms/resource/43/4043843_image2_1.png,Type3,SH,SH04,SH040300,아트박스는 감각적인 디자인 문구와 다채로운 소품을 판매하는 대한민국 라이프스타일 브랜드입니다. 트렌디한 캐릭터 상품과 실용적인 생활용품을 합리적인 가격에 제공해 젊은 세대와 외국인 관광객에게 즐거운 쇼핑 경험을 선사합니다.,www.poom.co.kr,10:30~22:00,,,
4011741,38,아트박스 낙성대점,서울특별시 관악구 남부순환로 1922 (봉천동),1층,,126.962644486024,37.4770198042559,,https://tong.visitkorea.or.kr/cms/resource/46/4043846_image2_1.png,Type3,SH,SH04,SH040300,아트박스는 감각적인 디자인 문구와 다채로운 소품을 판매하는 대한민국 라이프스타일 브랜드입니다. 트렌디한 캐릭터 상품과 실용적인 생활용품을 합리적인 가격에 제공해 젊은 세대와 외국인 관광객에게 즐거운 쇼핑 경험을 선사합니다.,www.poom.co.kr,11:00~22:30,,,
4011842,38,아트박스 노원점,서울특별시 노원구 노해로 480 (상계동),,,127.061435135164,37.6541794204255,,https://tong.visitkorea.or.kr/cms/resource/44/4043744_image2_1.png,Type3,SH,SH04,SH040300,아트박스는 감각적인 디자인 문구와 다채로운 소품을 판매하는 대한민국 라이프스타일 브랜드입니다. 트렌디한 캐릭터 상품과 실용적인 생활용품을 합리적인 가격에 제공해 젊은 세대와 외국인 관광객에게 즐거운 쇼핑 경험을 선사합니다.,www.poom.co.kr,10:30~22:00,,,
2930772,38,아트박스 대치점,서울특별시 강남구 도곡로 454 (대치동),,,127.060110708756,37.4982559147602,,https://tong.visitkorea.or.kr/cms/resource/71/4043171_image2_1.jpg,Type3,SH,SH04,SH040300,아트박스는 감각적인 디자인 문구와 다채로운 소품을 판매하는 대한민국 라이프스타일 브랜드입니다. 트렌디한 캐릭터 상품과 실용적인 생활용품을 합리적인 가격에 제공해 젊은 세대와 외국인 관광객에게 즐거운 쇼핑 경험을 선사합니다.,,11:00~23:00,,,
4012766,38,아트박스 명동중앙점,서울특별시 중구 명동10길 38 (명동2가),명동타워빌딩 1-2층,,126.985542953738,37.5621761068946,,https://tong.visitkorea.or.kr/cms/resource/81/4042981_image2_1.png,Type3,SH,SH04,SH040300,아트박스는 감각적인 디자인 문구와 다채로운 소품을 판매하는 대한민국 라이프스타일 브랜드입니다. 트렌디한 캐릭터 상품과 실용적인 생활용품을 합리적인 가격에 제공해 젊은 세대와 외국인 관광객에게 즐거운 쇼핑 경험을 선사합니다.,,10:00~23:00,,,
2929687,38,아트박스 서교동점,서울특별시 마포구 홍익로 19 (서교동),,,126.9226325608,37.5540114951,,https://tong.visitkorea.or.kr/cms/resource/80/4018480_image2_1.jpg,Type3,SH,SH04,SH040300,아트박스는 감각적인 디자인 문구와 다채로운 소품을 판매하는 대한민국 라이프스타일 브랜드입니다. 트렌디한 캐릭터 상품과 실용적인 생활용품을 합리적인 가격에 제공해 젊은 세대와 외국인 관광객에게 즐거운 쇼핑 경험을 선사합니다.,,11:00~23:00,,,
2907202,38,아트박스 서울대입구점,서울특별시 관악구 관악로 171 (봉천동),,,126.952233265214,37.4805535066406,,https://tong.visitkorea.or.kr/cms/resource/41/4017941_image2_1.jpg,Type3,SH,SH04,SH040300,아트박스는 감각적인 디자인 문구와 다채로운 소품을 판매하는 대한민국 라이프스타일 브랜드입니다. 트렌디한 캐릭터 상품과 실용적인 생활용품을 합리적인 가격에 제공해 젊은 세대와 외국인 관광객에게 즐거운 쇼핑 경험을 선사합니다.,www.poom.co.kr,10:00-23:00,,,
4026767,38,아트박스 수유점,서울특별시 강북구 도봉로 325 (수유동),,,127.024348524417,37.6373240554406,,https://tong.visitkorea.or.kr/cms/resource/44/4045044_image2_1.JPG,Type3,SH,SH04,SH040300,아트박스는 감각적인 디자인 문구와 다채로운 소품을 판매하는 대한민국 라이프스타일 브랜드입니다. 트렌디한 캐릭터 상품과 실용적인 생활용품을 합리적인 가격에 제공해 젊은 세대와 외국인 관광객에게 즐거운 쇼핑 경험을 선사합니다.,www.poom.co.kr/main/initMain.action,11:00~22:30,,,
4013129,38,아트박스 안암점,서울특별시 성북구 고려대로24길 6 (안암동5가),,,127.02921268709,37.5859821646545,,https://tong.visitkorea.or.kr/cms/resource/73/4043573_image2_1.png,Type3,SH,SH04,SH040300,아트박스는 감각적인 디자인 문구와 다채로운 소품을 판매하는 대한민국 라이프스타일 브랜드입니다. 트렌디한 캐릭터 상품과 실용적인 생활용품을 합리적인 가격에 제공해 젊은 세대와 외국인 관광객에게 즐거운 쇼핑 경험을 선사합니다.,www.poom.co.kr,10:30~22:00,,,
2906085,38,아트박스 연신내점,서울특별시 은평구 연서로 215 (갈현동),,,126.919259498899,37.6178446631409,,https://tong.visitkorea.or.kr/cms/resource/52/4017452_image2_1.jpg,Type3,SH,SH04,SH040300,아트박스는 감각적인 디자인 문구와 다채로운 소품을 판매하는 대한민국 라이프스타일 브랜드입니다. 트렌디한 캐릭터 상품과 실용적인 생활용품을 합리적인 가격에 제공해 젊은 세대와 외국인 관광객에게 즐거운 쇼핑 경험을 선사합니다.,www.poom.co.kr,11:00-22:30,,,
2913321,38,아트박스 위례앨리웨이점,"서울특별시 송파구 위례광장로 230 (장지동, 위례2차아이파크)",,,127.143533445087,37.478619812243,,https://tong.visitkorea.or.kr/cms/resource/47/4018547_image2_1.jpg,Type3,SH,SH04,SH040300,아트박스는 감각적인 디자인 문구와 다채로운 소품을 판매하는 대한민국 라이프스타일 브랜드입니다. 트렌디한 캐릭터 상품과 실용적인 생활용품을 합리적인 가격에 제공해 젊은 세대와 외국인 관광객에게 즐거운 쇼핑 경험을 선사합니다.,,11:00-22:00,,,
4027111,38,아트박스 이수역점,서울특별시 동작구 사당로 295 (사당동),,,126.980280980679,37.4850769219073,,https://tong.visitkorea.or.kr/cms/resource/42/4045842_image2_1.png,Type3,SH,SH04,SH040300,아트박스는 감각적인 디자인 문구와 다채로운 소품을 판매하는 대한민국 라이프스타일 브랜드입니다. 트렌디한 캐릭터 상품과 실용적인 생활용품을 합리적인 가격에 제공해 젊은 세대와 외국인 관광객에게 즐거운 쇼핑 경험을 선사합니다.,www.poom.co.kr/main/initMain.action,10:30~22:00,,,
3306465,38,아트박스 잠실새내점,서울특별시 송파구 석촌호수로 88 (잠실동),1층,,127.086663272778,37.50850394306,,https://tong.visitkorea.or.kr/cms/resource/30/4019130_image2_1.jpg,Type3,SH,SH04,SH040300,아트박스는 감각적인 디자인 문구와 다채로운 소품을 판매하는 대한민국 라이프스타일 브랜드입니다. 트렌디한 캐릭터 상품과 실용적인 생활용품을 합리적인 가격에 제공해 젊은 세대와 외국인 관광객에게 즐거운 쇼핑 경험을 선사합니다.,,10:30~22:00,명절,,
4011882,38,아트박스 중계점,서울특별시 노원구 한글비석로 263 (중계동),1층,,127.076471187809,37.6512102732388,,https://tong.visitkorea.or.kr/cms/resource/46/4043746_image2_1.png,Type3,SH,SH04,SH040300,아트박스는 감각적인 디자인 문구와 다채로운 소품을 판매하는 대한민국 라이프스타일 브랜드입니다. 트렌디한 캐릭터 상품과 실용적인 생활용품을 합리적인 가격에 제공해 젊은 세대와 외국인 관광객에게 즐거운 쇼핑 경험을 선사합니다.,www.poom.co.kr,11:00~22:30,,,
4012492,38,아트박스 중앙대점,서울특별시 동작구 흑석로 94 (흑석동),1층,,126.959980376481,37.5072688094279,,https://tong.visitkorea.or.kr/cms/resource/47/4043747_image2_1.png,Type3,SH,SH04,SH040300,아트박스는 감각적인 디자인 문구와 다채로운 소품을 판매하는 대한민국 라이프스타일 브랜드입니다. 트렌디한 캐릭터 상품과 실용적인 생활용품을 합리적인 가격에 제공해 젊은 세대와 외국인 관광객에게 즐거운 쇼핑 경험을 선사합니다.,www.poom.co.kr,10:30~22:00,,,
2918642,38,아트박스 타임스퀘어점,서울특별시 영등포구 영중로 15 (영등포동4가),B2층,,126.903715993779,37.5172332566615,,https://tong.visitkorea.or.kr/cms/resource/94/4018094_image2_1.jpg,Type3,SH,SH04,SH040300,아트박스는 감각적인 디자인 문구와 다채로운 소품을 판매하는 대한민국 라이프스타일 브랜드입니다. 트렌디한 캐릭터 상품과 실용적인 생활용품을 합리적인 가격에 제공해 젊은 세대와 외국인 관광객에게 즐거운 쇼핑 경험을 선사합니다.,,10:30-22:00,,,
4011758,38,아트박스 타임스트림점,서울특별시 관악구 신림로 330 (신림동),B1층,,126.930234545397,37.4838513393186,,https://tong.visitkorea.or.kr/cms/resource/45/4043845_image2_1.png,Type3,SH,SH04,SH040300,아트박스는 감각적인 디자인 문구와 다채로운 소품을 판매하는 대한민국 라이프스타일 브랜드입니다. 트렌디한 캐릭터 상품과 실용적인 생활용품을 합리적인 가격에 제공해 젊은 세대와 외국인 관광객에게 즐거운 쇼핑 경험을 선사합니다.,www.poom.co.kr,10:30~21:00,,,
3307608,38,아트박스 홍대점,서울특별시 마포구 홍익로6길 15 (동교동),1층,,126.922709032013,37.5553579057749,,https://tong.visitkorea.or.kr/cms/resource/14/4018414_image2_1.jpg,Type3,SH,SH04,SH040300,아트박스는 감각적인 디자인 문구와 다채로운 소품을 판매하는 대한민국 라이프스타일 브랜드입니다. 트렌디한 캐릭터 상품과 실용적인 생활용품을 합리적인 가격에 제공해 젊은 세대와 외국인 관광객에게 즐거운 쇼핑 경험을 선사합니다.,,11:00-23:00,,,
