상호,자치구,주소,네이버플레이스ID,경도,위도,메모,좌표출처
Bium,강남구,"서울 강남구 학동로97길 41, 리유빌딩 1층 (청담동)",,127.054306,37.5224135,,localdata_food
Dr. Vegan 닥터비건,강남구,"서울 강남구 도산대로68길 25, 지하1층 (청담동)",1390960244,127.044604,37.5218979,,localdata_rest
Loving Hut Smile - 러빙헛 스마일,강남구,"서울 강남구 논현로16길 17, 지상1층 103호 (개포동)",,127.0477607,37.4768164,,localdata_rest
Mahina Vegan Table,강남구,"서울 강남구 논현로175길 75, 지상2층 (신사동)",,127.0230042,37.5236361,,localdata_food
Perlen - 현대백화점 무역센터,강남구,"서울 강남구 테헤란로 517, 현대백화점 7층 (삼성동)",,127.0597187,37.5085949,,localdata_food
Pinch Brunch Bar,강남구,"서울 강남구 압구정로4길 19, 지상1층 101호 (신사동)",,127.0205906,37.5214792,,localdata_food
Plantude - 코엑스몰,강남구,"서울 강남구 영동대로 513, 코엑스몰 지하1층 I111호 (삼성동)",,,,,
Veg Green,강남구,"서울 강남구 개포로20길 24-10, 1층 (개포동)",,127.04735,37.4769933,,localdata_food
Jigoonorae - 지구를위한노래,강동구,"서울 강동구 명일로12길 6, 1층 (둔촌동)",,127.1450491,37.5336813,,localdata_food
Plantude - Godeok,강동구,"서울 강동구 고덕비즈밸리로 51, 4층 415호 (고덕동)",,127.157531,37.5662603,,localdata_food
Maju Story 마주이야기,강북구,"서울 강북구 인수봉로55길 10, 2층 (수유동)",,127.012302,37.636879,,localdata_food
SWEETDEO - 스윗드오,관악구,"서울 관악구 낙성대로4가길 5, 2층 3호",1048931638,126.9583745,37.4763984,대방동에서 이전,operator_check
Chorokddeul Green Field - 초록뜰식당,동대문구,"서울 동대문구 망우로18길 36, 1층 (휘경동)",,127.0628276,37.5885297,,localdata_food
Ooh Breado (우부래도베지찬 - 동작구청점),동작구,서울 동작구 상도로37길 3,1775138832,126.9486279,37.503155,2층 베지찬과 같은 곳,operator_check
Around Green - 어라운드 그린,마포구,"서울 마포구 동교로 44-1, 2층 일부호 (합정동)",,126.9072874,37.5526684,,localdata_food
Bebab,마포구,"서울 마포구 홍익로 3-3, 1층 (서교동)",,126.9237353,37.5528879,,localdata_food
Ferments - 서교,마포구,"서울 마포구 동교로22길 29, 301호 (서교동)",,126.9184,37.554367,,localdata_food
JumJumJumJumJumJum - 점점점점점점,마포구,"서울 마포구 성암로15길 36, 1층 (상암동)",,126.8961745,37.5772294,,localdata_food
Plant Cafe & Kitchen - Yeonnam,마포구,"서울 마포구 월드컵북로4길 87, 1층 (동교동)",,126.9231548,37.5597028,,localdata_food
Sunny Bowl,마포구,"서울 마포구 숭문16길 18, 1층 101호 (염리동)",,126.9474743,37.5557393,,localdata_food
URT 유알티,마포구,"서울 마포구 월드컵북로7길 34, 1층 (서교동)",,126.9161504,37.5577564,,localdata_food
VEGE STUDIO - 공덕,마포구,"서울 마포구 백범로 152, 202동 1층 13호 (공덕동)",,126.9479656,37.5448712,,localdata_food
base is nice,마포구,"서울 마포구 도화2길 20, 1층 (도화동)",,126.9490855,37.5396239,,localdata_food
Cafe Yeorm,서대문구,"서울 서대문구 가재울로6길 53-3, 1층 (남가좌동)",,126.9238007,37.5764782,,localdata_rest
Vegenarang,서대문구,"서울 서대문구 신촌역로 22-5, 신촌청년푸드스토어 2층 49호 (대현동)",,126.9436955,37.5578438,,localdata_food
Veggies - 베지스,서대문구,"서울 서대문구 홍연길 87, 1층 (연희동)",,126.9312423,37.5768901,,localdata_food
Weirdough - 위어도우,서대문구,"서울 서대문구 증가로 80, 2층 201호 (연희동)",,126.9274319,37.5746106,,localdata_food
Il Sang - 일상,서초구,"서울 서초구 마방로6길 7-27, 1층 (양재동)",,127.0427144,37.4763068,,localdata_food
Nammi Plant Lab,서초구,"서울 서초구 방배천로4안길 55, 일신빌딩 2층 (방배동)",,126.9832297,37.4806291,,localdata_food
Plant å 플랫오,서초구,"서울 서초구 양재천로 103-1, 알 플러스 1층 (양재동)",,127.0401135,37.4765404,,localdata_food
Sangrokwon Chaesikdang,서초구,"서울 서초구 남부순환로356길 51, 지하1층 (양재동)",,127.0385377,37.4827024,,localdata_food
Swallow Bakery & Cafe - 스왈로베이커리카페,서초구,"서울 서초구 효령로 276, 2층 203호 (서초동)",,127.0144634,37.4843874,,localdata_food
VEGE STUDIO - 신세계 강남,서초구,"서울 서초구 신반포로 176, 신세계백화점 강남점 지하1층 (반포동)",,127.0036212,37.5043637,,localdata_food
Cosmos Grocery Cafe,성동구,"서울 성동구 성수이로7길 27, 서울숲코오롱디지탈타워 1층 106-A2호 (성수동2가)",,127.053455,37.5415779,,localdata_food
MitBord,성동구,"서울 성동구 성수일로 1, 1층",1780958638,127.0479102,37.5408062,,operator_check
Perlen - 성수,성동구,"서울 성동구 서울숲2길 6, 1층 (성수동1가)",,127.0396658,37.5476664,,localdata_food
Pureun Deli - 푸른델리,성동구,"서울 성동구 성수일로3길 4-6, 지1층 (성수동1가)",,127.0483237,37.5422866,,localdata_food
epikore - 에피코어,성동구,"서울 성동구 뚝섬로3길 22, 1층 (성수동1가)",,127.0493818,37.5422514,,localdata_food
Loving Hut - Real Love,성북구,"서울 성북구 장월로3길 1, 동아다누프라자 B106호 (상월곡동)",,127.0470094,37.607887,,localdata_food
Rooted 루티드,송파구,"서울 송파구 오금로17길 7, 1층 (방이동)",,127.1114474,37.5114953,,localdata_food
Aseungji 아승지,영등포구,서울 영등포구 신길로 176 (신길동),,126.9112489,37.5078392,,localdata_food
RUDIS VEGAN - 루디스비건,영등포구,"서울 영등포구 당산로 95, 상가동 제지하1층 제비129호 (당산동2가, 현대아파트)",,126.8948803,37.5235067,,localdata_rest
ByTOFU,용산구,"서울 용산구 소월로20길 10, 2층 (용산동2가)",,126.985205,37.5460602,,localdata_food
Ferments - 용산,용산구,"서울 용산구 한강대로7길 22, 1층 (한강로3가)",,126.9618344,37.5247508,,localdata_food
Little Gangster - 리틀갱스터,용산구,"서울 용산구 새창로12길 11-3, 성심모자원 1층 104호 (도원동)",,126.957905,37.5391856,,localdata_food
Monk's Butcher - Itaewon,용산구,"서울 용산구 이태원로 228-1, 3,4층 (한남동)",,126.9992221,37.5354428,,localdata_food
Ngoc Hoan Cafe - 응옥환 까페,용산구,"서울 용산구 효창원로 260, 1층 (서계동)",,126.9637751,37.5504447,,localdata_rest
Nono Shop & Cafe Seoul,용산구,"서울 용산구 보광로 90, 태광빌딩 2층 202호 (이태원동)",,126.99583,37.5311078,,localdata_food
Plant Cafe & Kitchen - Itaewon,용산구,"서울 용산구 보광로 117, 2층",,126.9942146,37.5331581,,localdata_food
Plantude - I'Park Mall Yongsan,용산구,"서울 용산구 한강대로23길 55, 용산아이파크몰 7층 (한강로3가)",,126.9641568,37.5295571,,localdata_food
Plantude - 국립중앙박물관,용산구,"서울 용산구 서빙고로 137, 국립중앙박물관 (용산동6가)",,126.9822351,37.5230368,,localdata_food
Saravanaa Bhavan,용산구,"서울 용산구 이태원로27가길 18, 지상2층 (이태원동)",,126.9942783,37.5351278,,localdata_food
Vegetus 베제투스,용산구,"서울 용산구 신흥로 59, 지상1층 (용산동2가)",,126.9872551,37.5437097,,localdata_food
Vivi's Veggie,용산구,"서울 용산구 회나무로13가길 42, 1층 (이태원동)",,126.9919688,37.5408657,,localdata_food
Bab Full Ggot 밥풀꽃,은평구,"서울 은평구 연서로15길 8 (구산동, 1층)",,126.9161009,37.6107036,,localdata_food
Ashville Bakery Cafe - 애쉬빌 베이커리 카페,종로구,"서울 종로구 북촌로5길 5-5, 지하1층 (재동)",,,,,
Balwoo Gongyang - 발우공양,종로구,"서울 종로구 우정국로 56, 5층 (견지동, 템플스테이 통합정보센터)",,,,,
Maji - 마지,종로구,"서울 종로구 자하문로5길 19, 1층 (체부동)",,126.9707944,37.5776006,,localdata_food
Mananim Recipe,종로구,"서울 종로구 윤보선길 65 (안국동,1층)",,126.9831022,37.5788293,,localdata_rest
Maru JaYeonSik Kimbap,종로구,"서울 종로구 인사동길 35-4, 1층 105호 (관훈동)",,126.9849275,37.5735543,,localdata_rest
Oh Se Gae Hyang - 오세계향,종로구,"서울 종로구 인사동12길 14-5 (관훈동,(지상1층))",,,,,
SanChon Korean Temple Cooking - 산촌 사찰음식전문점,종로구,서울 종로구 인사동길 30-21 (관훈동),,126.9860625,37.5737828,,localdata_food
Soiroum,종로구,서울 종로구 필운대로 41 (누하동),,126.9685988,37.5796774,,localdata_rest
Vegan Cafe Dalyang,종로구,"서울 종로구 혜화로 45, 2층 (명륜1가)",,126.9991121,37.5895301,,localdata_rest
Vegan Insa - 비건인사,종로구,"서울 종로구 삼일대로32가길 12-4, 1층 (익선동)",,126.9885829,37.5747823,,localdata_food
BLU SEOUL - 블루서울,중구,"서울 중구 충무로4길 21, 1층 (인현동1가)",,126.9940787,37.5651156,,localdata_food
Gosari Express,중구,"서울 중구 퇴계로85길 12-10, 1층 (황학동)",,127.0200106,37.5662651,,localdata_food
On The Move,중구,"서울 중구 창경궁로5길 5, 5층 (을지로4가)",,,,,
The Buttons,중구,"서울 중구 소공로 36-5, 1층 (회현동2가)",,126.983315,37.5588963,,localdata_food
Vegan Kitchen - 비건 키친,중구,"서울 중구 퇴계로20길 21 (남산동2가, 1층)",,126.9859855,37.5592554,,localdata_food
