상호,source,external_id,원장상호,전화,원장갱신일
Bium,localdata_food,3220000-101-2024-01411,비움,,2025-12-15
Dr. Vegan 닥터비건,operator_check,naver:1390960244,,,
Loving Hut Smile - 러빙헛 스마일,localdata_rest,3220000-104-2023-00205,러빙헛 스마일,,2026-08-19
Mahina Vegan Table,localdata_food,3220000-101-2020-00235,마히나 비건테이블,,2025-12-15
Perlen - 현대백화점 무역센터,localdata_food,3220000-101-2025-01092,펠른 현대백화점 무역센터점,02-3467-8739,2025-12-15
Pinch Brunch Bar,localdata_food,3220000-101-2021-00817,핀치,,2025-12-15
Plantude - 코엑스몰,localdata_food,3220000-101-2014-01078,플랜튜드,025513933,2025-12-15
Veg Green,localdata_food,3220000-101-1996-14165,베지그린(Veg Green),,2025-12-15
Jigoonorae - 지구를위한노래,localdata_food,3240000-101-2023-00304,지구를위한노래,,2026-05-08
Plantude - Godeok,localdata_food,3240000-101-2025-00118,플랜튜드 고덕점,,2025-12-15
Maju Story 마주이야기,localdata_food,3080000-101-2017-00013,마을찻집 마주이야기,,2026-01-08
SWEETDEO - 스윗드오,operator_check,naver:1048931638,,,
Chorokddeul Green Field - 초록뜰식당,localdata_food,3050000-101-2023-00337,초록뜰,,2025-12-15
Ooh Breado (우부래도베지찬 - 동작구청점),operator_check,naver:1775138832,,,
Around Green - 어라운드 그린,localdata_food,3130000-101-2022-00595,어라운드그린,,2026-05-01
Bebab,localdata_food,3130000-101-2018-01011,비밥,,2025-12-15
Ferments - 서교,localdata_food,3130000-101-2021-00614,퍼멘츠(FERMENTS),,2026-05-08
JumJumJumJumJumJum - 점점점점점점,localdata_food,3130000-101-2026-00255,점점점점점점,,2026-04-24
Plant Cafe & Kitchen - Yeonnam,localdata_food,3130000-101-2015-00975,플랜트 연남(PLANT YEONNAM),070-5044-6522,2026-05-05
Sunny Bowl,localdata_food,3130000-101-2021-00730,써니보울,,2026-05-08
URT 유알티,localdata_food,3130000-101-2024-00784,유알티(URT),,2026-05-08
VEGE STUDIO - 공덕,localdata_food,3130000-101-2024-00532,베지 스튜디오,,2026-05-08
base is nice,localdata_food,3130000-101-2019-00192,베이스 이즈 나이스(base is nice),,2025-12-15
Cafe Yeorm,localdata_rest,3120000-104-2018-00169,까페여름,070-4107-9510,2026-04-29
Vegenarang,localdata_food,3120000-101-2025-00093,베지나랑 신촌 미니점,,2026-05-05
Veggies - 베지스,localdata_food,3120000-101-2023-00105,베지스,,2026-05-01
Weirdough - 위어도우,localdata_food,3120000-101-2023-00374,Weirdough(위어도우),,2026-05-05
Il Sang - 일상,operator_check,manual:Il Sang - 일상,,,
Nammi Plant Lab,localdata_food,3210000-101-2018-00308,남미 플랜트 랩,025221276,2025-12-15
Plant å 플랫오,localdata_food,3210000-101-2021-00286,플랫오,,2025-12-15
Sangrokwon Chaesikdang,localdata_food,3210000-101-2012-00401,상록원,,2025-12-15
Swallow Bakery & Cafe - 스왈로베이커리카페,localdata_food,3210000-101-2022-00190,스왈로 베이커리 카페,02-6959-4479,2026-05-11
VEGE STUDIO - 신세계 강남,localdata_food,3210000-101-2025-00363,베지스튜디오(VEGE STUDIO),,2026-05-11
Cosmos Grocery Cafe,localdata_food,3030000-101-2022-00081,코스모스상점,,2025-12-15
MitBord,operator_check,naver:1780958638,,,
Perlen - 성수,localdata_food,3030000-101-2025-00463,펠른(perlen),,2026-06-27
Pureun Deli - 푸른델리,localdata_food,3030000-101-2022-00503,푸른델리,0319141612,2025-12-15
epikore - 에피코어,localdata_food,3030000-101-2025-00413,epikore(에피코어),0220390407,2025-12-15
Loving Hut - Real Love,localdata_food,3070000-101-2024-00126,러빙헛리얼러브,,2025-12-15
Rooted 루티드,localdata_food,3230000-101-2017-00707,루티드(Rooted),,2026-05-06
Aseungji 아승지,localdata_food,3180000-101-2002-00661,아승지,,2025-12-15
RUDIS VEGAN - 루디스비건,localdata_rest,3180000-104-2024-00221,루디스 비건,,2026-05-07
ByTOFU,localdata_food,3020000-101-2020-00330,바이두부(by TOFU),,2026-01-14
Ferments - 용산,localdata_food,3020000-101-2025-00200,퍼멘츠(FERMENTS),,2026-01-14
Little Gangster - 리틀갱스터,localdata_food,3020000-101-2021-00173,리틀갱스터,,2026-01-14
Monk's Butcher - Itaewon,localdata_food,3020000-101-2017-00481,몽크스부처,,2026-01-14
Ngoc Hoan Cafe - 응옥환 까페,localdata_rest,3020000-104-2025-00192,응옥환카페(Ngochoan cafe),,2025-12-15
Nono Shop & Cafe Seoul,localdata_food,3020000-101-2023-00062,(주)노노샵,,2026-01-14
Plant Cafe & Kitchen - Itaewon,operator_check,manual:Plant Cafe & Kitchen - Itaewon,,,
Plantude - I'Park Mall Yongsan,localdata_food,3020000-101-2023-00057,플랜튜드,,2026-01-14
Plantude - 국립중앙박물관,localdata_food,3020000-101-2026-00162,플랜튜드,,2026-04-28
Saravanaa Bhavan,localdata_food,3020000-101-2015-00163,사라바나 바반(Saravanaa Bhavan),,2026-01-14
Vegetus 베제투스,localdata_food,3020000-101-2015-00476,베제투스,,2026-01-14
Vivi's Veggie,localdata_food,3020000-101-2017-00448,비비스베지,,2026-01-14
Bab Full Ggot 밥풀꽃,localdata_food,3110000-101-2015-00380,밥풀꽃(전환마을협동조합),,2026-05-11
Ashville Bakery Cafe - 애쉬빌 베이커리 카페,localdata_food,3000000-101-2023-00202,애쉬빌(ashville),,2026-01-14
Balwoo Gongyang - 발우공양,operator_check,manual:Balwoo Gongyang - 발우공양,,,
Maji - 마지,localdata_food,3000000-101-2016-00254,(주)마지,,2026-01-14
Mananim Recipe,localdata_rest,3000000-104-2006-00035,마나님 recipe,027222337,2025-12-15
Maru JaYeonSik Kimbap,localdata_rest,3000000-104-2018-00097,마루 자연식 김밥,,2025-12-15
Oh Se Gae Hyang - 오세계향,localdata_food,3000000-101-1999-10602,오세계향,027507306,2026-01-14
SanChon Korean Temple Cooking - 산촌 사찰음식전문점,localdata_food,3000000-101-1993-00026,산촌,0207351900,2026-01-14
Soiroum,localdata_rest,3000000-104-2017-00153,소이로움,,2025-12-15
Vegan Cafe Dalyang,operator_check,manual:Vegan Cafe Dalyang,,,
Vegan Insa - 비건인사,localdata_food,3000000-101-2020-00172,비건인사,,2026-01-14
BLU SEOUL - 블루서울,localdata_food,3010000-101-2024-00374,블루서울,,2026-05-10
Gosari Express,localdata_food,3010000-101-2024-00197,고사리 익스프레스,,2026-05-11
On The Move,localdata_food,3010000-101-2018-00463,온더무브,,2026-01-14
The Buttons,localdata_food,3010000-101-2023-00121,더버튼스,,2026-05-11
Vegan Kitchen - 비건 키친,localdata_food,3010000-101-2015-00277,비건 키친(Vegan Kitchen),,2026-01-14
