번호,상호(목록),표시명,자치구,주소,네이버,월,화,수,목,금,토,일,라스트오더,정기휴무 외,확인일,메모
예시,(적는 법),,,,이 줄은 지우지 말고 두세요 — 적재기가 건너뜁니다,휴무,11:30-20:00,"11:30-15:00, 17:00-20:00","11:30-15:00, 17:00-20:00","11:30-15:00, 17:00-24:30",모름,11:30-17:00,마감 30분 전  또는  20:30,매월 둘째 주 화요일 / 명절 당일,2026-09-23,브레이크는 구간 둘로. 자정 넘기면 24:30처럼. 모르면 모름(비워두지 말 것)
1,Bium,비움,강남구,"서울 강남구 학동로97길 41, 리유빌딩 1층 (청담동)",https://map.naver.com/p/search/%EB%B9%84%EC%9B%80%20%EA%B0%95%EB%82%A8%EA%B5%AC,,,,,,,,,,,
2,Dr. Vegan 닥터비건,닥터비건,강남구,"서울 강남구 도산대로68길 25, 지하1층 (청담동)",https://map.naver.com/p/entry/place/1390960244,,,,,,,,,,,
3,Loving Hut Smile - 러빙헛 스마일,러빙헛 스마일,강남구,"서울 강남구 논현로16길 17, 지상1층 103호 (개포동)",https://map.naver.com/p/search/%EB%9F%AC%EB%B9%99%ED%97%9B%20%EC%8A%A4%EB%A7%88%EC%9D%BC%20%EA%B0%95%EB%82%A8%EA%B5%AC,,,,,,,,,,,
4,Mahina Vegan Table,마히나 비건 테이블,강남구,"서울 강남구 논현로175길 75, 지상2층 (신사동)",https://map.naver.com/p/search/%EB%A7%88%ED%9E%88%EB%82%98%20%EB%B9%84%EA%B1%B4%20%ED%85%8C%EC%9D%B4%EB%B8%94%20%EA%B0%95%EB%82%A8%EA%B5%AC,,,,,,,,,,,
5,Perlen - 현대백화점 무역센터,펠른 현대백화점 무역센터,강남구,"서울 강남구 테헤란로 517, 현대백화점 7층 (삼성동)",https://map.naver.com/p/search/%ED%8E%A0%EB%A5%B8%20%ED%98%84%EB%8C%80%EB%B0%B1%ED%99%94%EC%A0%90%20%EB%AC%B4%EC%97%AD%EC%84%BC%ED%84%B0%20%EA%B0%95%EB%82%A8%EA%B5%AC,,,,,,,,,,,
6,Pinch Brunch Bar,핀치 브런치바,강남구,"서울 강남구 압구정로4길 19, 지상1층 101호 (신사동)",https://map.naver.com/p/search/%ED%95%80%EC%B9%98%20%EB%B8%8C%EB%9F%B0%EC%B9%98%EB%B0%94%20%EA%B0%95%EB%82%A8%EA%B5%AC,,,,,,,,,,,
7,Plantude - 코엑스몰,플랜튜드 코엑스몰,강남구,"서울 강남구 영동대로 513, 코엑스몰 지하1층 I111호 (삼성동)",https://map.naver.com/p/search/%ED%94%8C%EB%9E%9C%ED%8A%9C%EB%93%9C%20%EC%BD%94%EC%97%91%EC%8A%A4%EB%AA%B0%20%EA%B0%95%EB%82%A8%EA%B5%AC,,,,,,,,,,,
8,Veg Green,베지그린,강남구,"서울 강남구 개포로20길 24-10, 1층 (개포동)",https://map.naver.com/p/search/%EB%B2%A0%EC%A7%80%EA%B7%B8%EB%A6%B0%20%EA%B0%95%EB%82%A8%EA%B5%AC,,,,,,,,,,,
9,Jigoonorae - 지구를위한노래,지구를위한노래,강동구,"서울 강동구 명일로12길 6, 1층 (둔촌동)",https://map.naver.com/p/search/%EC%A7%80%EA%B5%AC%EB%A5%BC%EC%9C%84%ED%95%9C%EB%85%B8%EB%9E%98%20%EA%B0%95%EB%8F%99%EA%B5%AC,,,,,,,,,,,
10,Plantude - Godeok,플랜튜드 고덕,강동구,"서울 강동구 고덕비즈밸리로 51, 4층 415호 (고덕동)",https://map.naver.com/p/search/%ED%94%8C%EB%9E%9C%ED%8A%9C%EB%93%9C%20%EA%B3%A0%EB%8D%95%20%EA%B0%95%EB%8F%99%EA%B5%AC,,,,,,,,,,,
11,Maju Story 마주이야기,마주이야기,강북구,"서울 강북구 인수봉로55길 10, 2층 (수유동)",https://map.naver.com/p/search/%EB%A7%88%EC%A3%BC%EC%9D%B4%EC%95%BC%EA%B8%B0%20%EA%B0%95%EB%B6%81%EA%B5%AC,,,,,,,,,,,
12,SWEETDEO - 스윗드오,스윗드오,관악구,"서울 관악구 낙성대로4가길 5, 2층 3호",https://map.naver.com/p/entry/place/1048931638,,,,,,,,,,,
13,Chorokddeul Green Field - 초록뜰식당,초록뜰식당,동대문구,"서울 동대문구 망우로18길 36, 1층 (휘경동)",https://map.naver.com/p/search/%EC%B4%88%EB%A1%9D%EB%9C%B0%EC%8B%9D%EB%8B%B9%20%EB%8F%99%EB%8C%80%EB%AC%B8%EA%B5%AC,,,,,,,,,,,
14,Ooh Breado (우부래도베지찬 - 동작구청점),우부래도,동작구,서울 동작구 상도로37길 3,https://map.naver.com/p/entry/place/1775138832,,,,,,,,,,,
15,Around Green - 어라운드 그린,어라운드 그린,마포구,"서울 마포구 동교로 44-1, 2층 일부호 (합정동)",https://map.naver.com/p/search/%EC%96%B4%EB%9D%BC%EC%9A%B4%EB%93%9C%20%EA%B7%B8%EB%A6%B0%20%EB%A7%88%ED%8F%AC%EA%B5%AC,,,,,,,,,,,
16,Bebab,비밥,마포구,"서울 마포구 홍익로 3-3, 1층 (서교동)",https://map.naver.com/p/search/%EB%B9%84%EB%B0%A5%20%EB%A7%88%ED%8F%AC%EA%B5%AC,,,,,,,,,,,
17,Ferments - 서교,퍼멘츠 서교,마포구,"서울 마포구 동교로22길 29, 301호 (서교동)",https://map.naver.com/p/search/%ED%8D%BC%EB%A9%98%EC%B8%A0%20%EC%84%9C%EA%B5%90%20%EB%A7%88%ED%8F%AC%EA%B5%AC,,,,,,,,,,,
18,JumJumJumJumJumJum - 점점점점점점,점점점점점점,마포구,"서울 마포구 성암로15길 36, 1층 (상암동)",https://map.naver.com/p/search/%EC%A0%90%EC%A0%90%EC%A0%90%EC%A0%90%EC%A0%90%EC%A0%90%20%EB%A7%88%ED%8F%AC%EA%B5%AC,,,,,,,,,,,
19,Plant Cafe & Kitchen - Yeonnam,플랜트 연남,마포구,"서울 마포구 월드컵북로4길 87, 1층 (동교동)",https://map.naver.com/p/search/%ED%94%8C%EB%9E%9C%ED%8A%B8%20%EC%97%B0%EB%82%A8%20%EB%A7%88%ED%8F%AC%EA%B5%AC,,,,,,,,,,,
20,Sunny Bowl,써니보울,마포구,"서울 마포구 숭문16길 18, 1층 101호 (염리동)",https://map.naver.com/p/search/%EC%8D%A8%EB%8B%88%EB%B3%B4%EC%9A%B8%20%EB%A7%88%ED%8F%AC%EA%B5%AC,,,,,,,,,,,
21,URT 유알티,유알티,마포구,"서울 마포구 월드컵북로7길 34, 1층 (서교동)",https://map.naver.com/p/search/%EC%9C%A0%EC%95%8C%ED%8B%B0%20%EB%A7%88%ED%8F%AC%EA%B5%AC,,,,,,,,,,,
22,VEGE STUDIO - 공덕,베지스튜디오 공덕,마포구,"서울 마포구 백범로 152, 202동 1층 13호 (공덕동)",https://map.naver.com/p/search/%EB%B2%A0%EC%A7%80%EC%8A%A4%ED%8A%9C%EB%94%94%EC%98%A4%20%EA%B3%B5%EB%8D%95%20%EB%A7%88%ED%8F%AC%EA%B5%AC,,,,,,,,,,,
23,base is nice,베이스 이즈 나이스,마포구,"서울 마포구 도화2길 20, 1층 (도화동)",https://map.naver.com/p/search/%EB%B2%A0%EC%9D%B4%EC%8A%A4%20%EC%9D%B4%EC%A6%88%20%EB%82%98%EC%9D%B4%EC%8A%A4%20%EB%A7%88%ED%8F%AC%EA%B5%AC,,,,,,,,,,,
24,Cafe Yeorm,까페여름,서대문구,"서울 서대문구 가재울로6길 53-3, 1층 (남가좌동)",https://map.naver.com/p/search/%EA%B9%8C%ED%8E%98%EC%97%AC%EB%A6%84%20%EC%84%9C%EB%8C%80%EB%AC%B8%EA%B5%AC,,,,,,,,,,,
25,Vegenarang,베지나랑,서대문구,"서울 서대문구 신촌역로 22-5, 신촌청년푸드스토어 2층 49호 (대현동)",https://map.naver.com/p/search/%EB%B2%A0%EC%A7%80%EB%82%98%EB%9E%91%20%EC%84%9C%EB%8C%80%EB%AC%B8%EA%B5%AC,,,,,,,,,,,
26,Veggies - 베지스,베지스,서대문구,"서울 서대문구 홍연길 87, 1층 (연희동)",https://map.naver.com/p/search/%EB%B2%A0%EC%A7%80%EC%8A%A4%20%EC%84%9C%EB%8C%80%EB%AC%B8%EA%B5%AC,,,,,,,,,,,
27,Weirdough - 위어도우,위어도우,서대문구,"서울 서대문구 증가로 80, 2층 201호 (연희동)",https://map.naver.com/p/search/%EC%9C%84%EC%96%B4%EB%8F%84%EC%9A%B0%20%EC%84%9C%EB%8C%80%EB%AC%B8%EA%B5%AC,,,,,,,,,,,
28,Il Sang - 일상,일상,서초구,"서울 서초구 마방로6길 7-27, 1층 (양재동)",https://map.naver.com/p/search/%EC%9D%BC%EC%83%81%20%EC%84%9C%EC%B4%88%EA%B5%AC,,,,,,,,,,,
29,Nammi Plant Lab,남미플랜트랩,서초구,"서울 서초구 방배천로4안길 55, 일신빌딩 2층 (방배동)",https://map.naver.com/p/search/%EB%82%A8%EB%AF%B8%ED%94%8C%EB%9E%9C%ED%8A%B8%EB%9E%A9%20%EC%84%9C%EC%B4%88%EA%B5%AC,,,,,,,,,,,
30,Plant å 플랫오,플랫오,서초구,"서울 서초구 양재천로 103-1, 알 플러스 1층 (양재동)",https://map.naver.com/p/search/%ED%94%8C%EB%9E%AB%EC%98%A4%20%EC%84%9C%EC%B4%88%EA%B5%AC,,,,,,,,,,,
31,Sangrokwon Chaesikdang,상록원 채식당,서초구,"서울 서초구 남부순환로356길 51, 지하1층 (양재동)",https://map.naver.com/p/search/%EC%83%81%EB%A1%9D%EC%9B%90%20%EC%B1%84%EC%8B%9D%EB%8B%B9%20%EC%84%9C%EC%B4%88%EA%B5%AC,,,,,,,,,,,
32,Swallow Bakery & Cafe - 스왈로베이커리카페,스왈로베이커리카페,서초구,"서울 서초구 효령로 276, 2층 203호 (서초동)",https://map.naver.com/p/search/%EC%8A%A4%EC%99%88%EB%A1%9C%EB%B2%A0%EC%9D%B4%EC%BB%A4%EB%A6%AC%EC%B9%B4%ED%8E%98%20%EC%84%9C%EC%B4%88%EA%B5%AC,,,,,,,,,,,
33,VEGE STUDIO - 신세계 강남,베지스튜디오 신세계 강남,서초구,"서울 서초구 신반포로 176, 신세계백화점 강남점 지하1층 (반포동)",https://map.naver.com/p/search/%EB%B2%A0%EC%A7%80%EC%8A%A4%ED%8A%9C%EB%94%94%EC%98%A4%20%EC%8B%A0%EC%84%B8%EA%B3%84%20%EA%B0%95%EB%82%A8%20%EC%84%9C%EC%B4%88%EA%B5%AC,,,,,,,,,,,
34,Cosmos Grocery Cafe,코스모스상점,성동구,"서울 성동구 성수이로7길 27, 서울숲코오롱디지탈타워 1층 106-A2호 (성수동2가)",https://map.naver.com/p/search/%EC%BD%94%EC%8A%A4%EB%AA%A8%EC%8A%A4%EC%83%81%EC%A0%90%20%EC%84%B1%EB%8F%99%EA%B5%AC,,,,,,,,,,,
35,MitBord,밋보어,성동구,"서울 성동구 성수일로 1, 1층",https://map.naver.com/p/entry/place/1780958638,,,,,,,,,,,
36,Perlen - 성수,펠른 성수,성동구,"서울 성동구 서울숲2길 6, 1층 (성수동1가)",https://map.naver.com/p/search/%ED%8E%A0%EB%A5%B8%20%EC%84%B1%EC%88%98%20%EC%84%B1%EB%8F%99%EA%B5%AC,,,,,,,,,,,
37,Pureun Deli - 푸른델리,푸른델리,성동구,"서울 성동구 성수일로3길 4-6, 지1층 (성수동1가)",https://map.naver.com/p/search/%ED%91%B8%EB%A5%B8%EB%8D%B8%EB%A6%AC%20%EC%84%B1%EB%8F%99%EA%B5%AC,,,,,,,,,,,
38,epikore - 에피코어,에피코어,성동구,"서울 성동구 뚝섬로3길 22, 1층 (성수동1가)",https://map.naver.com/p/search/%EC%97%90%ED%94%BC%EC%BD%94%EC%96%B4%20%EC%84%B1%EB%8F%99%EA%B5%AC,,,,,,,,,,,
39,Loving Hut - Real Love,러빙헛 리얼러브,성북구,"서울 성북구 장월로3길 1, 동아다누프라자 B106호 (상월곡동)",https://map.naver.com/p/search/%EB%9F%AC%EB%B9%99%ED%97%9B%20%EB%A6%AC%EC%96%BC%EB%9F%AC%EB%B8%8C%20%EC%84%B1%EB%B6%81%EA%B5%AC,,,,,,,,,,,
40,Rooted 루티드,루티드,송파구,"서울 송파구 오금로17길 7, 1층 (방이동)",https://map.naver.com/p/search/%EB%A3%A8%ED%8B%B0%EB%93%9C%20%EC%86%A1%ED%8C%8C%EA%B5%AC,,,,,,,,,,,
41,Aseungji 아승지,아승지,영등포구,서울 영등포구 신길로 176 (신길동),https://map.naver.com/p/search/%EC%95%84%EC%8A%B9%EC%A7%80%20%EC%98%81%EB%93%B1%ED%8F%AC%EA%B5%AC,,,,,,,,,,,
42,RUDIS VEGAN - 루디스비건,루디스비건,영등포구,"서울 영등포구 당산로 95, 상가동 제지하1층 제비129호 (당산동2가, 현대아파트)",https://map.naver.com/p/search/%EB%A3%A8%EB%94%94%EC%8A%A4%EB%B9%84%EA%B1%B4%20%EC%98%81%EB%93%B1%ED%8F%AC%EA%B5%AC,,,,,,,,,,,
43,ByTOFU,바이두부,용산구,"서울 용산구 소월로20길 10, 2층 (용산동2가)",https://map.naver.com/p/search/%EB%B0%94%EC%9D%B4%EB%91%90%EB%B6%80%20%EC%9A%A9%EC%82%B0%EA%B5%AC,,,,,,,,,,,
44,Ferments - 용산,퍼멘츠 용산,용산구,"서울 용산구 한강대로7길 22, 1층 (한강로3가)",https://map.naver.com/p/search/%ED%8D%BC%EB%A9%98%EC%B8%A0%20%EC%9A%A9%EC%82%B0%20%EC%9A%A9%EC%82%B0%EA%B5%AC,,,,,,,,,,,
45,Little Gangster - 리틀갱스터,리틀갱스터,용산구,"서울 용산구 새창로12길 11-3, 성심모자원 1층 104호 (도원동)",https://map.naver.com/p/search/%EB%A6%AC%ED%8B%80%EA%B0%B1%EC%8A%A4%ED%84%B0%20%EC%9A%A9%EC%82%B0%EA%B5%AC,,,,,,,,,,,
46,Monk's Butcher - Itaewon,몽크스부처,용산구,"서울 용산구 이태원로 228-1, 3,4층 (한남동)",https://map.naver.com/p/search/%EB%AA%BD%ED%81%AC%EC%8A%A4%EB%B6%80%EC%B2%98%20%EC%9A%A9%EC%82%B0%EA%B5%AC,,,,,,,,,,,
47,Ngoc Hoan Cafe - 응옥환 까페,응옥환 까페,용산구,"서울 용산구 효창원로 260, 1층 (서계동)",https://map.naver.com/p/search/%EC%9D%91%EC%98%A5%ED%99%98%20%EA%B9%8C%ED%8E%98%20%EC%9A%A9%EC%82%B0%EA%B5%AC,,,,,,,,,,,
48,Nono Shop & Cafe Seoul,노노샵,용산구,"서울 용산구 보광로 90, 태광빌딩 2층 202호 (이태원동)",https://map.naver.com/p/search/%EB%85%B8%EB%85%B8%EC%83%B5%20%EC%9A%A9%EC%82%B0%EA%B5%AC,,,,,,,,,,,
49,Plant Cafe & Kitchen - Itaewon,플랜트 이태원,용산구,"서울 용산구 보광로 117, 2층",https://map.naver.com/p/search/%ED%94%8C%EB%9E%9C%ED%8A%B8%20%EC%9D%B4%ED%83%9C%EC%9B%90%20%EC%9A%A9%EC%82%B0%EA%B5%AC,,,,,,,,,,,
50,Plantude - I'Park Mall Yongsan,플랜튜드 용산아이파크몰,용산구,"서울 용산구 한강대로23길 55, 용산아이파크몰 7층 (한강로3가)",https://map.naver.com/p/search/%ED%94%8C%EB%9E%9C%ED%8A%9C%EB%93%9C%20%EC%9A%A9%EC%82%B0%EC%95%84%EC%9D%B4%ED%8C%8C%ED%81%AC%EB%AA%B0%20%EC%9A%A9%EC%82%B0%EA%B5%AC,,,,,,,,,,,
51,Plantude - 국립중앙박물관,플랜튜드 국립중앙박물관,용산구,"서울 용산구 서빙고로 137, 국립중앙박물관 (용산동6가)",https://map.naver.com/p/search/%ED%94%8C%EB%9E%9C%ED%8A%9C%EB%93%9C%20%EA%B5%AD%EB%A6%BD%EC%A4%91%EC%95%99%EB%B0%95%EB%AC%BC%EA%B4%80%20%EC%9A%A9%EC%82%B0%EA%B5%AC,,,,,,,,,,,
52,Saravanaa Bhavan,사라바나 바반,용산구,"서울 용산구 이태원로27가길 18, 지상2층 (이태원동)",https://map.naver.com/p/search/%EC%82%AC%EB%9D%BC%EB%B0%94%EB%82%98%20%EB%B0%94%EB%B0%98%20%EC%9A%A9%EC%82%B0%EA%B5%AC,,,,,,,,,,,
53,Vegetus 베제투스,베제투스,용산구,"서울 용산구 신흥로 59, 지상1층 (용산동2가)",https://map.naver.com/p/search/%EB%B2%A0%EC%A0%9C%ED%88%AC%EC%8A%A4%20%EC%9A%A9%EC%82%B0%EA%B5%AC,,,,,,,,,,,
54,Vivi's Veggie,비비스베지,용산구,"서울 용산구 회나무로13가길 42, 1층 (이태원동)",https://map.naver.com/p/search/%EB%B9%84%EB%B9%84%EC%8A%A4%EB%B2%A0%EC%A7%80%20%EC%9A%A9%EC%82%B0%EA%B5%AC,,,,,,,,,,,
55,Bab Full Ggot 밥풀꽃,밥풀꽃,은평구,"서울 은평구 연서로15길 8 (구산동, 1층)",https://map.naver.com/p/search/%EB%B0%A5%ED%92%80%EA%BD%83%20%EC%9D%80%ED%8F%89%EA%B5%AC,,,,,,,,,,,
56,Ashville Bakery Cafe - 애쉬빌 베이커리 카페,애쉬빌 베이커리 카페,종로구,"서울 종로구 북촌로5길 5-5, 지하1층 (재동)",https://map.naver.com/p/search/%EC%95%A0%EC%89%AC%EB%B9%8C%20%EB%B2%A0%EC%9D%B4%EC%BB%A4%EB%A6%AC%20%EC%B9%B4%ED%8E%98%20%EC%A2%85%EB%A1%9C%EA%B5%AC,,,,,,,,,,,
57,Balwoo Gongyang - 발우공양,발우공양,종로구,"서울 종로구 우정국로 56, 5층 (견지동, 템플스테이 통합정보센터)",https://map.naver.com/p/search/%EB%B0%9C%EC%9A%B0%EA%B3%B5%EC%96%91%20%EC%A2%85%EB%A1%9C%EA%B5%AC,,,,,,,,,,,
58,Maji - 마지,마지,종로구,"서울 종로구 자하문로5길 19, 1층 (체부동)",https://map.naver.com/p/search/%EB%A7%88%EC%A7%80%20%EC%A2%85%EB%A1%9C%EA%B5%AC,,,,,,,,,,,
59,Mananim Recipe,마나님 레시피,종로구,"서울 종로구 윤보선길 65 (안국동,1층)",https://map.naver.com/p/search/%EB%A7%88%EB%82%98%EB%8B%98%20%EB%A0%88%EC%8B%9C%ED%94%BC%20%EC%A2%85%EB%A1%9C%EA%B5%AC,,,,,,,,,,,
60,Maru JaYeonSik Kimbap,마루 자연식 김밥,종로구,"서울 종로구 인사동길 35-4, 1층 105호 (관훈동)",https://map.naver.com/p/search/%EB%A7%88%EB%A3%A8%20%EC%9E%90%EC%97%B0%EC%8B%9D%20%EA%B9%80%EB%B0%A5%20%EC%A2%85%EB%A1%9C%EA%B5%AC,,,,,,,,,,,
61,Oh Se Gae Hyang - 오세계향,오세계향,종로구,"서울 종로구 인사동12길 14-5 (관훈동,(지상1층))",https://map.naver.com/p/search/%EC%98%A4%EC%84%B8%EA%B3%84%ED%96%A5%20%EC%A2%85%EB%A1%9C%EA%B5%AC,,,,,,,,,,,
62,SanChon Korean Temple Cooking - 산촌 사찰음식전문점,산촌,종로구,서울 종로구 인사동길 30-21 (관훈동),https://map.naver.com/p/search/%EC%82%B0%EC%B4%8C%20%EC%A2%85%EB%A1%9C%EA%B5%AC,,,,,,,,,,,
63,Soiroum,소이로움,종로구,서울 종로구 필운대로 41 (누하동),https://map.naver.com/p/search/%EC%86%8C%EC%9D%B4%EB%A1%9C%EC%9B%80%20%EC%A2%85%EB%A1%9C%EA%B5%AC,,,,,,,,,,,
64,Vegan Cafe Dalyang,비건카페 달냥,종로구,"서울 종로구 혜화로 45, 2층 (명륜1가)",https://map.naver.com/p/search/%EB%B9%84%EA%B1%B4%EC%B9%B4%ED%8E%98%20%EB%8B%AC%EB%83%A5%20%EC%A2%85%EB%A1%9C%EA%B5%AC,,,,,,,,,,,
65,Vegan Insa - 비건인사,비건인사,종로구,"서울 종로구 삼일대로32가길 12-4, 1층 (익선동)",https://map.naver.com/p/search/%EB%B9%84%EA%B1%B4%EC%9D%B8%EC%82%AC%20%EC%A2%85%EB%A1%9C%EA%B5%AC,,,,,,,,,,,
66,BLU SEOUL - 블루서울,블루서울,중구,"서울 중구 충무로4길 21, 1층 (인현동1가)",https://map.naver.com/p/search/%EB%B8%94%EB%A3%A8%EC%84%9C%EC%9A%B8%20%EC%A4%91%EA%B5%AC,,,,,,,,,,,
67,Gosari Express,고사리 익스프레스,중구,"서울 중구 퇴계로85길 12-10, 1층 (황학동)",https://map.naver.com/p/search/%EA%B3%A0%EC%82%AC%EB%A6%AC%20%EC%9D%B5%EC%8A%A4%ED%94%84%EB%A0%88%EC%8A%A4%20%EC%A4%91%EA%B5%AC,,,,,,,,,,,
68,On The Move,온더무브,중구,"서울 중구 창경궁로5길 5, 5층 (을지로4가)",https://map.naver.com/p/search/%EC%98%A8%EB%8D%94%EB%AC%B4%EB%B8%8C%20%EC%A4%91%EA%B5%AC,,,,,,,,,,,
69,The Buttons,더버튼스,중구,"서울 중구 소공로 36-5, 1층 (회현동2가)",https://map.naver.com/p/search/%EB%8D%94%EB%B2%84%ED%8A%BC%EC%8A%A4%20%EC%A4%91%EA%B5%AC,,,,,,,,,,,
70,Vegan Kitchen - 비건 키친,비건 키친,중구,"서울 중구 퇴계로20길 21 (남산동2가, 1층)",https://map.naver.com/p/search/%EB%B9%84%EA%B1%B4%20%ED%82%A4%EC%B9%9C%20%EC%A4%91%EA%B5%AC,,,,,,,,,,,
