addr1,addr2,zipcode,areacode,cat1,cat2,cat3,contentid,contenttypeid,createdtime,firstimage,firstimage2,cpyrhtDivCd,mapx,mapy,mlevel,modifiedtime,sigungucode,tel,title,lDongRegnCd,lDongSignguCd,lclsSystm1,lclsSystm2,lclsSystm3
서울특별시 마포구 양화로 188 (동교동),1층,04051,,,,,4027411,38,20260228234306,https://tong.visitkorea.or.kr/cms/resource/44/4045344_image2_1.jpg,https://tong.visitkorea.or.kr/cms/resource/44/4045344_image3_1.jpg,Type3,126.926498328277,37.5577458058734,,20260330091611,,,아트박스 AK플라자 홍대점,11,440,SH,SH04,SH040300
서울특별시 강남구 도산대로 139 (신사동),제이타워 B1층,06036,,,,,2905448,38,20221101090616,https://tong.visitkorea.or.kr/cms/resource/90/4018090_image2_1.jpg,https://tong.visitkorea.or.kr/cms/resource/90/4018090_image3_1.jpg,Type3,127.02371365338,37.5182465379004,6,20260318101005,,,아트박스 가로수길점,11,680,SH,SH04,SH040300
서울특별시 서초구 신반포로 지하188 (반포동),B1층,06545,,,,,4013076,38,20260207140217,https://tong.visitkorea.or.kr/cms/resource/45/4043745_image2_1.png,https://tong.visitkorea.or.kr/cms/resource/45/4043745_image3_1.png,Type3,127.004949918697,37.5049267445237,,20260330091611,,,아트박스 강남엔터식스점,11,650,SH,SH04,SH040300
서울특별시 강남구 테헤란로1길 42 (역삼동),,06129,,,,,2916384,38,20221101090648,https://tong.visitkorea.or.kr/cms/resource/77/4043177_image2_1.jpg,https://tong.visitkorea.or.kr/cms/resource/77/4043177_image3_1.jpg,Type3,127.027148590261,37.5011299541918,6,20260327092150,,,아트박스 강남점,11,680,SH,SH04,SH040300
서울특별시 광진구 아차산로 272 (자양동),1층,05065,,,,,2923105,38,20221101043214,https://tong.visitkorea.or.kr/cms/resource/24/4017624_image2_1.jpg,https://tong.visitkorea.or.kr/cms/resource/24/4017624_image3_1.jpg,Type3,127.072996184863,37.5385582736952,6,20260316103559,,,아트박스 건대스타시티점,11,215,SH,SH04,SH040300
서울특별시 동대문구 경희대로 12-1 (회기동),,02453,,,,,4012486,38,20260206183816,https://tong.visitkorea.or.kr/cms/resource/43/4043743_image2_1.png,https://tong.visitkorea.or.kr/cms/resource/43/4043743_image3_1.png,Type3,127.052713194758,37.5926905469995,,20260327092150,,,아트박스 경희대점,11,230,SH,SH04,SH040300
서울특별시 광진구 광나루로 602 (구의동),,05034,,,,,4011764,38,20260204205335,https://tong.visitkorea.or.kr/cms/resource/43/4043843_image2_1.png,https://tong.visitkorea.or.kr/cms/resource/43/4043843_image3_1.png,Type3,127.094709156353,37.5417964558524,,20260327092150,,,아트박스 구의점,11,215,SH,SH04,SH040300
서울특별시 관악구 남부순환로 1922 (봉천동),1층,08793,,,,,4011741,38,20260204203903,https://tong.visitkorea.or.kr/cms/resource/46/4043846_image2_1.png,https://tong.visitkorea.or.kr/cms/resource/46/4043846_image3_1.png,Type3,126.962644486024,37.4770198042559,,20260327092150,,,아트박스 낙성대점,11,620,SH,SH04,SH040300
서울특별시 노원구 노해로 480 (상계동),,01751,,,,,4011842,38,20260204214511,https://tong.visitkorea.or.kr/cms/resource/44/4043744_image2_1.png,https://tong.visitkorea.or.kr/cms/resource/44/4043744_image3_1.png,Type3,127.061435135164,37.6541794204255,,20260327092150,,,아트박스 노원점,11,350,SH,SH04,SH040300
서울특별시 강남구 도곡로 454 (대치동),,06279,,,,,2930772,38,20221101124811,https://tong.visitkorea.or.kr/cms/resource/71/4043171_image2_1.jpg,https://tong.visitkorea.or.kr/cms/resource/71/4043171_image3_1.jpg,Type3,127.060110708756,37.4982559147602,6,20260327092150,,,아트박스 대치점,11,680,SH,SH04,SH040300
서울특별시 중구 명동10길 38 (명동2가),명동타워빌딩 1-2층,04536,,,,,4012766,38,20260207014300,https://tong.visitkorea.or.kr/cms/resource/81/4042981_image2_1.png,https://tong.visitkorea.or.kr/cms/resource/81/4042981_image3_1.png,Type3,126.985542953738,37.5621761068946,,20260326092041,,,아트박스 명동중앙점,11,140,SH,SH04,SH040300
서울특별시 마포구 홍익로 19 (서교동),,04040,,,,,2929687,38,20221031184507,https://tong.visitkorea.or.kr/cms/resource/80/4018480_image2_1.jpg,https://tong.visitkorea.or.kr/cms/resource/80/4018480_image3_1.jpg,Type3,126.9226325608,37.5540114951,6,20260715194518,,,아트박스 서교동점,11,440,SH,SH04,SH040300
서울특별시 관악구 관악로 171 (봉천동),,08787,,,,,2907202,38,20221101155349,https://tong.visitkorea.or.kr/cms/resource/41/4017941_image2_1.jpg,https://tong.visitkorea.or.kr/cms/resource/41/4017941_image3_1.jpg,Type3,126.952233265214,37.4805535066406,6,20260316105417,,,아트박스 서울대입구점,11,620,SH,SH04,SH040300
서울특별시 강북구 도봉로 325 (수유동),,01073,,,,,4026767,38,20260228080045,https://tong.visitkorea.or.kr/cms/resource/44/4045044_image2_1.JPG,https://tong.visitkorea.or.kr/cms/resource/44/4045044_image3_1.JPG,Type3,127.024348524417,37.6373240554406,,20260327092150,,,아트박스 수유점,11,305,SH,SH04,SH040300
서울특별시 성북구 고려대로24길 6 (안암동5가),,02855,,,,,4013129,38,20260207144213,https://tong.visitkorea.or.kr/cms/resource/73/4043573_image2_1.png,https://tong.visitkorea.or.kr/cms/resource/73/4043573_image3_1.png,Type3,127.02921268709,37.5859821646545,,20260327092150,,,아트박스 안암점,11,290,SH,SH04,SH040300
서울특별시 은평구 연서로 215 (갈현동),,03331,,,,,2906085,38,20221101072313,https://tong.visitkorea.or.kr/cms/resource/52/4017452_image2_1.jpg,https://tong.visitkorea.or.kr/cms/resource/52/4017452_image3_1.jpg,Type3,126.919259498899,37.6178446631409,6,20260316103559,,,아트박스 연신내점,11,380,SH,SH04,SH040300
"서울특별시 송파구 위례광장로 230 (장지동, 위례2차아이파크)",,05849,,,,,2913321,38,20221101042749,https://tong.visitkorea.or.kr/cms/resource/47/4018547_image2_1.jpg,https://tong.visitkorea.or.kr/cms/resource/47/4018547_image3_1.jpg,Type3,127.143533445087,37.478619812243,6,20260318101005,,,아트박스 위례앨리웨이점,11,710,SH,SH04,SH040300
서울특별시 동작구 사당로 295 (사당동),,07008,,,,,4027111,38,20260228183114,https://tong.visitkorea.or.kr/cms/resource/42/4045842_image2_1.png,https://tong.visitkorea.or.kr/cms/resource/42/4045842_image3_1.png,Type3,126.980280980679,37.4850769219073,,20260326092041,,,아트박스 이수역점,11,590,SH,SH04,SH040300
서울특별시 송파구 석촌호수로 88 (잠실동),1층,05564,,,,,3306465,38,20240202165814,https://tong.visitkorea.or.kr/cms/resource/30/4019130_image2_1.jpg,https://tong.visitkorea.or.kr/cms/resource/30/4019130_image3_1.jpg,Type3,127.086663272778,37.50850394306,6,20260327092150,,,아트박스 잠실새내점,11,710,SH,SH04,SH040300
서울특별시 노원구 한글비석로 263 (중계동),1층,01714,,,,,4011882,38,20260204223115,https://tong.visitkorea.or.kr/cms/resource/46/4043746_image2_1.png,https://tong.visitkorea.or.kr/cms/resource/46/4043746_image3_1.png,Type3,127.076471187809,37.6512102732388,,20260327092150,,,아트박스 중계점,11,350,SH,SH04,SH040300
서울특별시 동작구 흑석로 94 (흑석동),1층,06973,,,,,4012492,38,20260206184704,https://tong.visitkorea.or.kr/cms/resource/47/4043747_image2_1.png,https://tong.visitkorea.or.kr/cms/resource/47/4043747_image3_1.png,Type3,126.959980376481,37.5072688094279,,20260327092150,,,아트박스 중앙대점,11,590,SH,SH04,SH040300
서울특별시 영등포구 영중로 15 (영등포동4가),B2층,07305,,,,,2918642,38,20221030164518,https://tong.visitkorea.or.kr/cms/resource/94/4018094_image2_1.jpg,https://tong.visitkorea.or.kr/cms/resource/94/4018094_image3_1.jpg,Type3,126.903715993779,37.5172332566615,6,20260316105417,,,아트박스 타임스퀘어점,11,560,SH,SH04,SH040300
서울특별시 관악구 신림로 330 (신림동),B1층,08777,,,,,4011758,38,20260204204939,https://tong.visitkorea.or.kr/cms/resource/45/4043845_image2_1.png,https://tong.visitkorea.or.kr/cms/resource/45/4043845_image3_1.png,Type3,126.930234545397,37.4838513393186,,20260330091611,,,아트박스 타임스트림점,11,620,SH,SH04,SH040300
서울특별시 마포구 홍익로6길 15 (동교동),1층,04050,,,,,3307608,38,20240202165610,https://tong.visitkorea.or.kr/cms/resource/14/4018414_image2_1.jpg,https://tong.visitkorea.or.kr/cms/resource/14/4018414_image3_1.jpg,Type3,126.922709032013,37.5553579057749,6,20260316105417,,,아트박스 홍대점,11,440,SH,SH04,SH040300
