상호,등급
밍글스,3스타
권숙수,2스타
라연,2스타
레스토랑 알렌,2스타
모수,2스타
미토우,2스타
스와니예,2스타
소수헌,2스타
알라 프리마,2스타
에빗,2스타
정식당,2스타
가겐 바이 최준호,1스타
강민철 레스토랑,1스타
고료리 켄,1스타
기가스,1스타
기와강,1스타
꼴라쥬,1스타
뛰뚜아멍,1스타
라망 시크레,1스타
라미띠에,1스타
레귬,1스타
레스토랑 산,1스타
레스토랑 주은,1스타
무니,1스타
무오키,1스타
비채나,1스타
빈호,1스타
세븐스 도어,1스타
소설한남,1스타
소울,1스타
솔밤,1스타
스시 마츠모토,1스타
스시 카네사카,1스타
에스콘디도,1스타
온지음,1스타
유 유안,1스타
윤서울,1스타
이스트,1스타
이타닉 가든,1스타
익스퀴진,1스타
제로 컴플렉스,1스타
하쿠시,1스타
우래옥,빕 구르망
필동면옥,빕 구르망
개성만두 궁,빕 구르망
미진,빕 구르망
소바키리 스즈,빕 구르망
안암,빕 구르망
금돼지식당,빕 구르망
유림면,빕 구르망
고사리 익스프레스,빕 구르망
황생가 칼국수,빕 구르망
서령,빕 구르망
할매집,빕 구르망
호라파,빕 구르망
용금옥,빕 구르망
안덕,빕 구르망
대성집,빕 구르망
유한,빕 구르망
자하 손만두,빕 구르망
알트에이,빕 구르망
황금콩밭,빕 구르망
오일제,빕 구르망
역전회관,빕 구르망
능동미나리,빕 구르망
베이스 이즈 나이스,빕 구르망
계월,빕 구르망
맷돌,빕 구르망
마포옥,빕 구르망
만두집,빕 구르망
꿉당,빕 구르망
면서울,빕 구르망
니시무라멘,빕 구르망
사루카메,빕 구르망
정면,빕 구르망
게방식당,빕 구르망
오레노 라멘,빕 구르망
담택,빕 구르망
진진,빕 구르망
옥동식,빕 구르망
서교난면방,빕 구르망
미필담,빕 구르망
교다이야,빕 구르망
정인면옥,빕 구르망
합정옥,빕 구르망
양양 메밀 막국수,빕 구르망
화해당,빕 구르망
스바루,빕 구르망
곰탕랩,빕 구르망
3대 삼계장인,빕 구르망
삼청동 수제비,빕 구르망
임병주 산동 칼국수,빕 구르망
옥돌현옥,빕 구르망
묵정,셀렉티드
평양면옥,셀렉티드
호빈,셀렉티드
서울 다이닝,셀렉티드
하동관,셀렉티드
명동 교자,셀렉티드
이문설농탕,셀렉티드
더 그린테이블,셀렉티드
남포면옥,셀렉티드
도림,셀렉티드
무궁화,셀렉티드
피에르 가니에르,셀렉티드
콘티넨탈,셀렉티드
나인스 게이트,셀렉티드
무구옥,셀렉티드
광화문 국밥,셀렉티드
물랑,셀렉티드
에그 앤 플라워,셀렉티드
쉐시몽,셀렉티드
숙수도가,셀렉티드
구복만두,셀렉티드
안씨 막걸리,셀렉티드
바위,셀렉티드
보르고 한남,셀렉티드
주052,셀렉티드
교양식사,셀렉티드
셰누 프라이빗 키친,셀렉티드
쥬에,셀렉티드
테이블 포 포,셀렉티드
오스테리아 오르조,셀렉티드
마나오,셀렉티드
알레즈,셀렉티드
본 앤 브레드,셀렉티드
진미식당,셀렉티드
오부이용,셀렉티드
두리,셀렉티드
야키토리 키유,셀렉티드
소바쥬,셀렉티드
이목 스모크다이닝,셀렉티드
하네,셀렉티드
삼원가든,셀렉티드
미미 면가,셀렉티드
리북방,셀렉티드
르오뇽,셀렉티드
그랑디르,셀렉티드
소넷,셀렉티드
마테르,셀렉티드
트리드,셀렉티드
명보당,셀렉티드
비스트로 드 욘트빌,셀렉티드
류니끄,셀렉티드
알고리즘,셀렉티드
칸티크,셀렉티드
키라메키,셀렉티드
오프닝,셀렉티드
오니바,셀렉티드
시오,셀렉티드
구찌 오스테리아 다 마시모 보투라,셀렉티드
야키토리 묵,셀렉티드
에빠뉘,셀렉티드
레스토랑 오와이,셀렉티드
리알토,셀렉티드
중화복춘 살롱,셀렉티드
엘픽,셀렉티드
산로,셀렉티드
원 디그리 노스,셀렉티드
진미 평양냉면,셀렉티드
온,셀렉티드
봉밀가,셀렉티드
톡톡,셀렉티드
윤 해운대 갈비,셀렉티드
비움,셀렉티드
코자차,셀렉티드
해남천일관,셀렉티드
페리지,셀렉티드
뜨라또리아 로마냐,셀렉티드
샤콘느,셀렉티드
곰바위,셀렉티드
외고집 설렁탕,셀렉티드
줄라이,셀렉티드
도우룸,셀렉티드
보름쇠,셀렉티드
일 베키오,셀렉티드
버드나무집,셀렉티드
쿠시카와,셀렉티드
후제,셀렉티드
스테이,셀렉티드
