번호,상호(목록),표시명,자치구,주소,네이버,월,화,수,목,금,토,일,라스트오더,정기휴무 외,확인일,메모,미쉐린,초안 출처
예시,(적는 법),,,,이 줄은 지우지 말고 두세요 — 적재기가 건너뜁니다,휴무,11:30-20:00,"11:30-15:00, 17:00-20:00","11:30-15:00, 17:00-20:00","11:30-15:00, 17:00-24:30",모름,11:30-17:00,마감 30분 전  또는  20:30,매월 둘째 주 화요일 / 명절 당일,2026-09-23,브레이크는 구간 둘로. 자정 넘기면 24:30처럼. 모르면 모름(비워두지 말 것),,
1,라연,라연,중구,"서울 중구 동호로 249, 신라호텔 23층",https://map.naver.com/p/search/%EB%9D%BC%EC%97%B0%20%EC%A4%91%EA%B5%AC,12:00-22:00,12:00-22:00,12:00-22:00,12:00-22:00,12:00-22:00,12:00-22:00,12:00-22:00,모름,모름,,"초안(웹 검색 요약, 확인 전) 휴무 정보 없음. 런치·디너 구간 미확인(매일 12-22로만 나옴)",https://guide.michelin.com/kr/ko/seoul-capital-area/kr-seoul/restaurant/la-yeon,https://www.siksinhot.com/P/336182
2,레스토랑 알렌,레스토랑 알렌,강남구,"서울 강남구 테헤란로 231, 센터필드 East 2층 E205호",https://map.naver.com/p/search/%EB%A0%88%EC%8A%A4%ED%86%A0%EB%9E%91%20%EC%95%8C%EB%A0%8C%20%EA%B0%95%EB%82%A8%EA%B5%AC,휴무,18:00-22:00,"12:00-15:00, 18:00-22:00","12:00-15:00, 18:00-22:00","12:00-15:00, 18:00-22:00","12:00-15:00, 18:00-22:00",휴무,모름,모름,,"초안(웹 검색 요약, 확인 전)",https://guide.michelin.com/kr/ko/seoul-capital-area/kr-seoul/restaurant/restaurant-allen,https://restaurantallen.com/info
3,모수,모수,용산구,서울 용산구 회나무로41길 4,https://map.naver.com/p/search/%EB%AA%A8%EC%88%98%20%EC%9A%A9%EC%82%B0%EA%B5%AC,휴무,18:00-22:00,"12:00-15:00, 18:00-22:00","12:00-15:00, 18:00-22:00","12:00-15:00, 18:00-22:00","12:00-15:00, 18:00-22:00",휴무,모름,모름,,"초안(웹 검색 요약, 확인 전) 검색 요약은 화~토 런치·디너, 미쉐린 페이지는 화 디너만 — 알렌과 같은 틀로 추정, 확인 필요",https://guide.michelin.com/kr/ko/seoul-capital-area/kr-seoul/restaurant/mosu,https://www.diningcode.com/profile.php?rid=3IL3WcXL8jIA
4,미토우,미토우,강남구,서울 강남구 도산대로70길 24,https://map.naver.com/p/search/%EB%AF%B8%ED%86%A0%EC%9A%B0%20%EA%B0%95%EB%82%A8%EA%B5%AC,휴무,18:00-22:00,18:00-22:00,18:00-22:00,18:00-22:00,18:00-22:00,18:00-22:00,모름,월 4회 비정기 휴무,,"초안(웹 검색 요약, 확인 전)",https://guide.michelin.com/kr/ko/seoul-capital-area/kr-seoul/restaurant/mitou,https://www.diningcode.com/profile.php?rid=YdR0d3IbniSW
5,소수헌,소수헌,중구,서울 중구 만리재로21길 8,https://map.naver.com/p/search/%EC%86%8C%EC%88%98%ED%97%8C%20%EC%A4%91%EA%B5%AC,휴무,"12:00-14:00, 18:30-21:00","12:00-14:00, 18:30-21:00","12:00-14:00, 18:30-21:00","12:00-14:00, 18:30-21:00","12:00-14:00, 18:30-21:00",휴무,모름,모름,,"초안(웹 검색 요약, 확인 전)",https://guide.michelin.com/kr/ko/seoul-capital-area/kr-seoul/restaurant/sosuheon,https://www.diningcode.com/profile.php?rid=WFk0dNaF4MDm
6,에빗,에빗,강남구,서울 강남구 도산대로45길 10-5,https://map.naver.com/p/search/%EC%97%90%EB%B9%97%20%EA%B0%95%EB%82%A8%EA%B5%AC,휴무,17:30-22:30,17:30-22:30,"12:00-14:30, 17:30-22:30","12:00-14:30, 17:30-22:30","12:00-14:30, 17:30-22:30",휴무,모름,모름,,"초안(웹 검색 요약, 확인 전)",https://guide.michelin.com/kr/ko/seoul-capital-area/kr-seoul/restaurant/evett,https://www.restaurantevett.com/
7,정식당,정식당,강남구,서울 강남구 선릉로158길 11,https://map.naver.com/p/search/%EC%A0%95%EC%8B%9D%EB%8B%B9%20%EA%B0%95%EB%82%A8%EA%B5%AC,모름,"12:00-15:00, 17:30-22:00","12:00-15:00, 17:30-22:00","12:00-15:00, 17:30-22:00","12:00-15:00, 17:30-22:00","12:00-15:00, 17:30-22:00",모름,점심 13:15 · 저녁 19:15,모름,,"초안(웹 검색 요약, 확인 전) 휴무일 미확인 — 요일은 확인 필요",https://guide.michelin.com/kr/ko/seoul-capital-area/kr-seoul/restaurant/jungsik511965,https://www.diningcode.com/profile.php?rid=TFmNhx1RJTs6
8,가겐 바이 최준호,가겐 바이 최준호,강남구,"서울 강남구 압구정로80길 19-1, 2층",https://map.naver.com/p/search/%EA%B0%80%EA%B2%90%20%EB%B0%94%EC%9D%B4%20%EC%B5%9C%EC%A4%80%ED%98%B8%20%EA%B0%95%EB%82%A8%EA%B5%AC,휴무,19:00-22:30,19:00-22:30,19:00-22:30,19:00-22:30,19:00-22:30,휴무,모름,모름,,"초안(웹 검색 요약, 확인 전)",https://guide.michelin.com/kr/ko/seoul-capital-area/kr-seoul/restaurant/gaggen,https://app.catchtable.co.kr/ct/shop/Gaggen
9,강민철 레스토랑,강민철 레스토랑,강남구,"서울 강남구 도산대로63길 18, 5층",https://map.naver.com/p/search/%EA%B0%95%EB%AF%BC%EC%B2%A0%20%EB%A0%88%EC%8A%A4%ED%86%A0%EB%9E%91%20%EA%B0%95%EB%82%A8%EA%B5%AC,휴무,"12:00-14:30, 18:00-22:00","12:00-14:30, 18:00-22:00","12:00-14:30, 18:00-22:00","12:00-14:30, 18:00-22:00","12:00-14:30, 18:00-22:00",휴무,모름,모름,,"초안(웹 검색 요약, 확인 전)",https://guide.michelin.com/kr/ko/seoul-capital-area/kr-seoul/restaurant/kang-minchul-restaurant,https://www.diningcode.com/profile.php?rid=uupFnzVZLI3i
10,고료리 켄,고료리 켄,강남구,"서울 강남구 언주로152길 15-3, 2층",https://map.naver.com/p/search/%EA%B3%A0%EB%A3%8C%EB%A6%AC%20%EC%BC%84%20%EA%B0%95%EB%82%A8%EA%B5%AC,휴무,18:00-22:00,18:00-22:00,18:00-22:00,18:00-22:00,18:00-22:00,휴무,모름,모름,,"초안(웹 검색 요약, 확인 전)",https://guide.michelin.com/kr/ko/seoul-capital-area/kr-seoul/restaurant/goryori-ken,https://www.diningcode.com/profile.php?rid=a6PSSkZnReGZ
11,기가스,기가스,중구,"서울 중구 퇴계로6가길 30, 3층",https://map.naver.com/p/search/%EA%B8%B0%EA%B0%80%EC%8A%A4%20%EC%A4%91%EA%B5%AC,휴무,휴무,18:00-22:30,"12:00-15:00, 18:00-22:30","12:00-15:00, 18:00-22:30","12:00-15:00, 18:00-22:30",모름,모름,모름,,"초안(웹 검색 요약, 확인 전) 일요일 시간 정보 없음",https://guide.michelin.com/kr/ko/seoul-capital-area/kr-seoul/restaurant/gigas,https://app.catchtable.co.kr/ct/shop/gigas
12,기와강,기와강,강남구,"서울 강남구 논현로152길 9, 4층",https://map.naver.com/p/search/%EA%B8%B0%EC%99%80%EA%B0%95%20%EA%B0%95%EB%82%A8%EA%B5%AC,모름,모름,모름,모름,모름,모름,모름,모름,모름,,초안: 검색 결과 없음,https://guide.michelin.com/kr/ko/seoul-capital-area/kr-seoul/restaurant/giwakang,
13,꼴라쥬,꼴라쥬,강남구,"서울 강남구 논현로136길 11, 아난티 앳 강남 2층",https://map.naver.com/p/search/%EA%BC%B4%EB%9D%BC%EC%A5%AC%20%EA%B0%95%EB%82%A8%EA%B5%AC,휴무,18:00-22:00,18:00-22:00,18:00-22:00,18:00-22:00,18:00-22:00,휴무,19:30,모름,,"초안(웹 검색 요약, 확인 전) 디너만",https://guide.michelin.com/kr/ko/seoul-capital-area/kr-seoul/restaurant/collage,https://ananti.kr/ko/ganm/GN0703
14,뛰뚜아멍,뛰뚜아멍,성동구,서울 성동구 광나루로11길 20,https://map.naver.com/p/search/%EB%9B%B0%EB%9A%9C%EC%95%84%EB%A9%8D%20%EC%84%B1%EB%8F%99%EA%B5%AC,휴무,휴무,19:00-21:30,19:00-21:30,19:00-21:30,19:00-21:30,휴무,모름,모름,,"초안(웹 검색 요약, 확인 전)",https://guide.michelin.com/kr/ko/seoul-capital-area/kr-seoul/restaurant/tutoiement,https://www.diningcode.com/profile.php?rid=daEeljTuksVY
15,라망 시크레,라망 시크레,중구,"서울 중구 퇴계로 67, 레스케이프 호텔 26층",https://map.naver.com/p/search/%EB%9D%BC%EB%A7%9D%20%EC%8B%9C%ED%81%AC%EB%A0%88%20%EC%A4%91%EA%B5%AC,휴무,"12:00-15:00, 18:00-22:00","12:00-15:00, 18:00-22:00","12:00-15:00, 18:00-22:00","12:00-15:00, 18:00-22:00","12:00-15:00, 18:00-22:00",휴무,모름,모름,,"초안(웹 검색 요약, 확인 전)",https://guide.michelin.com/kr/ko/seoul-capital-area/kr-seoul/restaurant/l-amant-secret,https://les.josunhotel.com/dining/lamantsecret.do
16,라미띠에,라미띠에,강남구,"서울 강남구 도산대로67길 30, 2층",https://map.naver.com/p/search/%EB%9D%BC%EB%AF%B8%EB%9D%A0%EC%97%90%20%EA%B0%95%EB%82%A8%EA%B5%AC,"12:00-15:00, 18:00-22:30","12:00-15:00, 18:00-22:30","12:00-15:00, 18:00-22:30","12:00-15:00, 18:00-22:30","12:00-15:00, 18:00-22:30","12:00-15:00, 18:00-22:30",휴무,모름,모름,,"초안(웹 검색 요약, 확인 전)",https://guide.michelin.com/kr/ko/seoul-capital-area/kr-seoul/restaurant/l-amitie,https://www.siksinhot.com/P/6024
17,레귬,레귬,강남구,"서울 강남구 강남대로 652, 신사 스퀘어 2층",https://map.naver.com/p/search/%EB%A0%88%EA%B7%AC%20%EA%B0%95%EB%82%A8%EA%B5%AC,모름,모름,모름,모름,모름,모름,모름,모름,모름,,초안: 검색 결과 없음,https://guide.michelin.com/kr/ko/seoul-capital-area/kr-seoul/restaurant/legume,
18,레스토랑 산,레스토랑 산,강남구,"서울 강남구 언주로168길 6, 지하1층",https://map.naver.com/p/search/%EB%A0%88%EC%8A%A4%ED%86%A0%EB%9E%91%20%EC%82%B0%20%EA%B0%95%EB%82%A8%EA%B5%AC,18:00-22:00,18:00-22:00,18:00-22:00,18:00-22:00,18:00-22:00,18:00-22:00,18:00-22:00,모름,모름,,"초안(웹 검색 요약, 확인 전) 휴무 정보 없음(매일로만 나옴)",https://guide.michelin.com/kr/ko/seoul-capital-area/kr-seoul/restaurant/san,https://www.siksinhot.com/P/1700486
19,레스토랑 주은,레스토랑 주은,종로구,"서울 종로구 경희궁길 36, 경희당 8층",https://map.naver.com/p/search/%EB%A0%88%EC%8A%A4%ED%86%A0%EB%9E%91%20%EC%A3%BC%EC%9D%80%20%EC%A2%85%EB%A1%9C%EA%B5%AC,휴무,모름,휴무,"12:00-15:00, 18:00-22:00","12:00-15:00, 18:00-22:00","12:00-15:00, 18:00-22:00",휴무,모름,모름,,"초안(웹 검색 요약, 확인 전) 화요일 정보 없음",https://guide.michelin.com/kr/ko/seoul-capital-area/kr-seoul/restaurant/restaurant-jueun,https://www.diningcode.com/profile.php?rid=1FiGETIdxTh1
20,무니,무니,강남구,서울 강남구 도산대로72길 16,https://map.naver.com/p/search/%EB%AC%B4%EB%8B%88%20%EA%B0%95%EB%82%A8%EA%B5%AC,모름,모름,모름,모름,모름,모름,모름,모름,모름,,초안: 검색 결과 없음,https://guide.michelin.com/kr/ko/seoul-capital-area/kr-seoul/restaurant/muni,
21,비채나,비채나,송파구,"서울 송파구 올림픽로 300, 롯데월드 타워 81층",https://map.naver.com/p/search/%EB%B9%84%EC%B1%84%EB%82%98%20%EC%86%A1%ED%8C%8C%EA%B5%AC,"11:30-14:30, 18:00-22:00","11:30-14:30, 18:00-22:00","11:30-14:30, 18:00-22:00","11:30-14:30, 18:00-22:00","11:30-14:30, 18:00-22:00","11:30-14:30, 18:00-22:00","11:30-14:30, 18:00-22:00",모름,연중무휴,,"초안(웹 검색 요약, 확인 전) 출처마다 런치 시작 11:30/12:00 다름",https://guide.michelin.com/kr/ko/seoul-capital-area/kr-seoul/restaurant/bicena,https://www.bicena.com/
22,빈호,빈호,강남구,"서울 강남구 학동로43길 38, 논현웰스톤 162호",https://map.naver.com/p/search/%EB%B9%88%ED%98%B8%20%EA%B0%95%EB%82%A8%EA%B5%AC,17:30-23:30,17:30-23:30,17:30-23:30,17:30-23:30,17:30-23:30,17:30-23:30,17:30-23:30,21:45,모름,,"초안(웹 검색 요약, 확인 전) 휴무 정보 없음(매일로만 나옴)",https://guide.michelin.com/kr/ko/seoul-capital-area/kr-seoul/restaurant/vinho,https://www.diningcode.com/profile.php?rid=zEEKMUFZHPFG
23,세븐스 도어,세븐스 도어,강남구,"서울 강남구 학동로97길 41, 4층",https://map.naver.com/p/search/%EC%84%B8%EB%B8%90%EC%8A%A4%20%EB%8F%84%EC%96%B4%20%EA%B0%95%EB%82%A8%EA%B5%AC,휴무,"12:00-15:00, 18:00-22:00","12:00-15:00, 18:00-22:00","12:00-15:00, 18:00-22:00","12:00-15:00, 18:00-22:00","12:00-15:00, 18:00-22:00",휴무,모름,모름,,"초안(웹 검색 요약, 확인 전)",https://guide.michelin.com/kr/ko/seoul-capital-area/kr-seoul/restaurant/7th-door,https://www.diningcode.com/profile.php?rid=Li7nz9NKgK2e
24,소설한남,소설한남,용산구,"서울 용산구 한남대로20길 21-18, 지하 1층",https://map.naver.com/p/search/%EC%86%8C%EC%84%A4%ED%95%9C%EB%82%A8%20%EC%9A%A9%EC%82%B0%EA%B5%AC,휴무,휴무,"12:00-15:00, 18:00-22:00","12:00-15:00, 18:00-22:00","12:00-15:00, 18:00-22:00","12:00-15:00, 18:00-22:00","12:00-15:00, 18:00-22:00",모름,모름,,"초안(웹 검색 요약, 확인 전)",https://guide.michelin.com/kr/ko/seoul-capital-area/kr-seoul/restaurant/soseoul-hannam,https://www.diningcode.com/profile.php?rid=pFX3VBTxdmfv
25,소울,소울,용산구,"서울 용산구 신흥로26길 35, 지하 1층",https://map.naver.com/p/search/%EC%86%8C%EC%9A%B8%20%EC%9A%A9%EC%82%B0%EA%B5%AC,휴무,휴무,"12:00-15:00, 17:00-22:00","12:00-15:00, 17:00-22:00","12:00-15:00, 17:00-22:00","12:00-15:00, 17:00-22:00","12:00-15:00, 17:00-22:00",모름,모름,,"초안(웹 검색 요약, 확인 전)",https://guide.michelin.com/kr/ko/seoul-capital-area/kr-seoul/restaurant/soul-dining,https://app.catchtable.co.kr/ct/shop/souldining
26,솔밤,솔밤,강남구,"서울 강남구 학동로 231, 2층",https://map.naver.com/p/search/%EC%86%94%EB%B0%A4%20%EA%B0%95%EB%82%A8%EA%B5%AC,17:30-22:30,17:30-22:30,17:30-22:30,17:30-22:30,17:30-22:30,17:30-22:30,휴무,모름,모름,,"초안(웹 검색 요약, 확인 전)",https://guide.michelin.com/kr/ko/seoul-capital-area/kr-seoul/restaurant/solbam,https://www.restaurantsolbam.com/reservation
27,스시 마츠모토,스시 마츠모토,강남구,서울 강남구 도산대로75길 24,https://map.naver.com/p/search/%EC%8A%A4%EC%8B%9C%20%EB%A7%88%EC%B8%A0%EB%AA%A8%ED%86%A0%20%EA%B0%95%EB%82%A8%EA%B5%AC,"12:00-14:00, 18:00-21:00","12:00-14:00, 18:00-21:00","12:00-14:00, 18:00-21:00","12:00-14:00, 18:00-21:00","12:00-14:00, 18:00-21:00","12:00-14:00, 18:00-21:00","12:00-14:00, 18:00-21:00",모름,모름,,"초안(웹 검색 요약, 확인 전) 휴무 정보 없음(매일로만 나옴)",https://guide.michelin.com/kr/ko/seoul-capital-area/kr-seoul/restaurant/sushi-matsumoto-1195338,https://www.diningcode.com/profile.php?rid=nG5SmjMkOnd2
28,스시 카네사카,스시 카네사카,강남구,"서울 강남구 테헤란로 521, 그랜드 인터컨티넨탈 서울 파르나스 1층",https://map.naver.com/p/search/%EC%8A%A4%EC%8B%9C%20%EC%B9%B4%EB%84%A4%EC%82%AC%EC%B9%B4%20%EA%B0%95%EB%82%A8%EA%B5%AC,"12:00-14:00, 18:00-22:00","12:00-14:00, 18:00-22:00","12:00-14:00, 18:00-22:00","12:00-14:00, 18:00-22:00","12:00-14:00, 18:00-22:00","12:00-14:00, 17:30-22:00","12:00-14:00, 18:00-22:00",점심 12:30 · 저녁 20:00,모름,,"초안(웹 검색 요약, 확인 전) 요일별 셰프 교대(화~토/일~월), 휴무 정보 없음",https://guide.michelin.com/kr/ko/seoul-capital-area/kr-seoul/restaurant/sushi-kanesaka-1244365,https://seoul.intercontinental.com/ko/dining/restaurants/sushi-kanesaka
29,에스콘디도,에스콘디도,용산구,"서울 용산구 한남대로20길 61-7, 지하 1층",https://map.naver.com/p/search/%EC%97%90%EC%8A%A4%EC%BD%98%EB%94%94%EB%8F%84%20%EC%9A%A9%EC%82%B0%EA%B5%AC,모름,모름,모름,모름,모름,모름,모름,모름,모름,,초안: 검색 결과 없음,https://guide.michelin.com/kr/ko/seoul-capital-area/kr-seoul/restaurant/escondido,
30,온지음,온지음,종로구,"서울 종로구 효자로 49, 4층",https://map.naver.com/p/search/%EC%98%A8%EC%A7%80%EC%9D%8C%20%EC%A2%85%EB%A1%9C%EA%B5%AC,휴무,"12:00-15:00, 18:00-22:00","12:00-15:00, 18:00-22:00","12:00-15:00, 18:00-22:00","12:00-15:00, 18:00-22:00",휴무,휴무,모름,모름,,"초안(웹 검색 요약, 확인 전)",https://guide.michelin.com/kr/ko/seoul-capital-area/kr-seoul/restaurant/onjium,https://www.diningcode.com/profile.php?rid=CZ38i9Xb9MqE
31,유 유안,유 유안,종로구,"서울 종로구 새문안로 97, 포시즌스 호텔 11층",https://map.naver.com/p/search/%EC%9C%A0%20%EC%9C%A0%EC%95%88%20%EC%A2%85%EB%A1%9C%EA%B5%AC,"11:30-14:30, 17:30-21:30","11:30-14:30, 17:30-21:30","11:30-14:30, 17:30-21:30","11:30-14:30, 17:30-21:30","11:30-14:30, 17:30-21:30","11:30-14:30, 17:30-21:30","11:30-14:30, 17:30-21:30",모름,모름,,"초안(웹 검색 요약, 확인 전) 휴무 정보 없음(매일로만 나옴)",https://guide.michelin.com/kr/ko/seoul-capital-area/kr-seoul/restaurant/yu-yuan,https://www.fourseasons.com/seoul/dining/restaurants/yu_yuan/
32,윤서울,윤서울,강남구,서울 강남구 선릉로 805,https://map.naver.com/p/search/%EC%9C%A4%EC%84%9C%EC%9A%B8%20%EA%B0%95%EB%82%A8%EA%B5%AC,휴무,"12:00-14:30, 18:00-22:00","12:00-14:30, 18:00-22:00","12:00-14:30, 18:00-22:00","12:00-14:30, 18:00-22:00","12:00-14:30, 18:00-22:00",휴무,모름,2026-03-01부터 휴점 중,,"초안(웹 검색 요약, 확인 전) ★휴점 — 재개 여부 확인 전까지 영업시간을 넣지 말 것",https://guide.michelin.com/kr/ko/seoul-capital-area/kr-seoul/restaurant/yun,https://www.diningcode.com/profile.php?rid=StxHT742CAYq
33,이스트,이스트,강남구,"서울 강남구 언주로170길 26-6, 3층",https://map.naver.com/p/search/%EC%9D%B4%EC%8A%A4%ED%8A%B8%20%EA%B0%95%EB%82%A8%EA%B5%AC,모름,모름,모름,모름,모름,모름,모름,모름,모름,,초안: 검색 결과 없음,https://guide.michelin.com/kr/ko/seoul-capital-area/kr-seoul/restaurant/y-east,
34,이타닉 가든,이타닉 가든,강남구,"서울 강남구 테헤란로 231, 조선팰리스 호텔 36층",https://map.naver.com/p/search/%EC%9D%B4%ED%83%80%EB%8B%89%20%EA%B0%80%EB%93%A0%20%EA%B0%95%EB%82%A8%EA%B5%AC,휴무,휴무,"12:00-15:00, 18:00-22:00","12:00-15:00, 18:00-22:00","12:00-15:00, 18:00-22:00","12:00-15:00, 18:00-22:00","12:00-15:00, 18:00-22:00",모름,모름,,"초안(웹 검색 요약, 확인 전)",https://guide.michelin.com/kr/ko/seoul-capital-area/kr-seoul/restaurant/eatanic-garden,https://jpg.josunhotel.com/dining/EatanicGarden.do
35,익스퀴진,익스퀴진,강남구,서울 강남구 삼성로140길 6,https://map.naver.com/p/search/%EC%9D%B5%EC%8A%A4%ED%80%B4%EC%A7%84%20%EA%B0%95%EB%82%A8%EA%B5%AC,"12:00-15:00, 18:00-22:00","12:00-15:00, 18:00-22:00","12:00-15:00, 18:00-22:00","12:00-15:00, 18:00-22:00","12:00-15:00, 18:00-22:00","12:00-15:00, 18:00-22:00","12:00-15:00, 18:00-22:00",모름,모름,,"초안(웹 검색 요약, 확인 전) 휴무 명시 없음(매일로만 나옴)",https://guide.michelin.com/kr/ko/seoul-capital-area/kr-seoul/restaurant/exquisine,https://www.diningcode.com/profile.php?rid=SSITvSD9C8PK
36,제로 컴플렉스,제로 컴플렉스,용산구,서울 용산구 서빙고로59길 11-8,https://map.naver.com/p/search/%EC%A0%9C%EB%A1%9C%20%EC%BB%B4%ED%94%8C%EB%A0%89%EC%8A%A4%20%EC%9A%A9%EC%82%B0%EA%B5%AC,휴무,"12:00-15:30, 18:00-22:00","12:00-15:30, 18:00-22:00","12:00-15:30, 18:00-22:00","12:00-15:30, 18:00-22:00","12:00-15:30, 18:00-22:00","12:00-15:30, 18:00-22:00",모름,모름,,"초안(웹 검색 요약, 확인 전) 저녁 마감 22:00/22:30 출처마다 다름",https://guide.michelin.com/kr/ko/seoul-capital-area/kr-seoul/restaurant/zero-complex,https://www.diningcode.com/profile.php?rid=naWHv2jB2iKQ
37,하쿠시,하쿠시,강남구,"서울 강남구 언주로157길 8-4, 2층",https://map.naver.com/p/search/%ED%95%98%EC%BF%A0%EC%8B%9C%20%EA%B0%95%EB%82%A8%EA%B5%AC,모름,모름,모름,모름,모름,모름,모름,모름,모름,,초안: 검색 결과 없음(캐치테이블 페이지는 있음),https://guide.michelin.com/kr/ko/seoul-capital-area/kr-seoul/restaurant/hakusi,https://app.catchtable.co.kr/ct/shop/hakusi.hannam
38,소바키리 스즈,소바키리 스즈,중구,서울 중구 동호로12길 98,https://map.naver.com/p/search/%EC%86%8C%EB%B0%94%ED%82%A4%EB%A6%AC%20%EC%8A%A4%EC%A6%88%20%EC%A4%91%EA%B5%AC,모름,모름,모름,모름,모름,모름,모름,모름,모름,,초안: 검색 결과 없음,https://guide.michelin.com/kr/ko/seoul-capital-area/kr-seoul/restaurant/sobakeeri-suzu,
39,안암,안암,종로구,서울 종로구 북촌로5길 10,https://map.naver.com/p/search/%EC%95%88%EC%95%94%20%EC%A2%85%EB%A1%9C%EA%B5%AC,휴무,"11:30-15:00, 17:00-재료 소진","11:30-15:00, 17:00-재료 소진","11:30-15:00, 17:00-재료 소진","11:30-15:00, 17:00-재료 소진",11:30-재료 소진,11:30-재료 소진,모름,모름,,"초안(웹 검색 요약, 확인 전) 마감 시각 없음(재료 소진) — 시각으로 고쳐 적을 것. 같은 가게인지(북촌로5길 10) 확인",https://guide.michelin.com/kr/ko/seoul-capital-area/kr-seoul/restaurant/anam,https://guide.michelin.com/us/en/seoul-capital-area/kr-seoul/restaurant/anam
40,금돼지식당,금돼지식당,중구,서울 중구 다산로 149,https://map.naver.com/p/search/%EA%B8%88%EB%8F%BC%EC%A7%80%EC%8B%9D%EB%8B%B9%20%EC%A4%91%EA%B5%AC,11:30-23:00,11:30-23:00,11:30-23:00,11:30-23:00,11:30-23:00,11:30-23:00,11:30-23:00,모름,모름,,"초안(웹 검색 요약, 확인 전) 휴무 명시 없음",https://guide.michelin.com/kr/ko/seoul-capital-area/kr-seoul/restaurant/geumdwaeji-sikdang,https://www.diningcode.com/profile.php?rid=fgn1s1W6QaPw
41,유림면,유림면,중구,서울 중구 서소문로 139-1,https://map.naver.com/p/search/%EC%9C%A0%EB%A6%BC%EB%A9%B4%20%EC%A4%91%EA%B5%AC,11:00-20:30,11:00-20:30,11:00-20:30,11:00-20:30,11:00-20:30,11:00-19:30,모름,모름,모름,,"초안(웹 검색 요약, 확인 전) 일요일 휴무/영업 출처끼리 모순",https://guide.michelin.com/kr/ko/seoul-capital-area/kr-seoul/restaurant/yurimmyeon,https://www.diningcode.com/profile.php?rid=RibyrYTmx3ib
42,황생가 칼국수,황생가 칼국수,종로구,서울 종로구 북촌로5길 78,https://map.naver.com/p/search/%ED%99%A9%EC%83%9D%EA%B0%80%20%EC%B9%BC%EA%B5%AD%EC%88%98%20%EC%A2%85%EB%A1%9C%EA%B5%AC,11:00-21:30,11:00-21:30,11:00-21:30,11:00-21:30,11:00-21:30,11:00-21:30,11:00-21:30,20:30,없음(연중무휴),,"초안(웹 검색 요약, 확인 전)",https://guide.michelin.com/kr/ko/seoul-capital-area/kr-seoul/restaurant/hwangsaengga-kalguksu,https://www.diningcode.com/profile.php?rid=uM0dbpvHgIF3
43,서령,서령,중구,서울 중구 소월로 10,https://map.naver.com/p/search/%EC%84%9C%EB%A0%B9%20%EC%A4%91%EA%B5%AC,11:00-21:00,11:00-21:00,11:00-21:00,11:00-21:00,11:00-21:00,11:00-21:00,11:00-21:00,모름,모름,,"초안(웹 검색 요약, 확인 전) 휴무 명시 없음(매일로만 나옴)",https://guide.michelin.com/kr/ko/seoul-capital-area/kr-seoul/restaurant/seoryung,https://www.diningcode.com/profile.php?rid=hAebbrQ1gHyi
44,할매집,할매집,종로구,서울 종로구 사직로12길 1-5,https://map.naver.com/p/search/%ED%95%A0%EB%A7%A4%EC%A7%91%20%EC%A2%85%EB%A1%9C%EA%B5%AC,휴무,"11:50-14:00, 17:00-21:00","11:50-14:00, 17:00-21:00","11:50-14:00, 17:00-21:00","11:50-14:00, 17:00-21:00","11:50-14:00, 17:00-21:00","11:50-14:00, 17:00-21:00",모름,모름,,"초안(웹 검색 요약, 확인 전)",https://guide.michelin.com/kr/ko/seoul-capital-area/kr-seoul/restaurant/halmaejip,https://guide.michelin.com/us/en/seoul-capital-area/kr-seoul/restaurant/halmaejip
45,호라파,호라파,종로구,"서울 종로구 자하문로 37-1, 2층",https://map.naver.com/p/search/%ED%98%B8%EB%9D%BC%ED%8C%8C%20%EC%A2%85%EB%A1%9C%EA%B5%AC,휴무,"11:30-15:00, 18:00-22:00","11:30-15:00, 18:00-22:00","11:30-15:00, 18:00-22:00","11:30-15:00, 18:00-22:00","11:30-15:00, 18:00-22:00",휴무,점심 14:00 · 저녁 21:00,모름,,"초안(웹 검색 요약, 확인 전)",https://guide.michelin.com/kr/ko/seoul-capital-area/kr-seoul/restaurant/horapa,https://www.diningcode.com/profile.php?rid=oIs7ZNgyW3ca
46,안덕,안덕,종로구,서울 종로구 자하문로17길 18,https://map.naver.com/p/search/%EC%95%88%EB%8D%95%20%EC%A2%85%EB%A1%9C%EA%B5%AC,모름,모름,모름,모름,모름,모름,모름,모름,모름,,초안: 검색 결과 없음,https://guide.michelin.com/kr/ko/seoul-capital-area/kr-seoul/restaurant/andeok,
47,대성집,대성집,종로구,서울 종로구 사직로 5,https://map.naver.com/p/search/%EB%8C%80%EC%84%B1%EC%A7%91%20%EC%A2%85%EB%A1%9C%EA%B5%AC,"10:30-15:00, 17:00-20:00","10:30-15:00, 17:00-20:00","10:30-15:00, 17:00-20:00","10:30-15:00, 17:00-20:00","10:30-15:00, 17:00-20:00","10:30-15:00, 17:00-20:00",휴무,점심 14:30 · 저녁 19:30,모름,,"초안(웹 검색 요약, 확인 전)",https://guide.michelin.com/kr/ko/seoul-capital-area/kr-seoul/restaurant/daesungjip,https://www.diningcode.com/profile.php?rid=qpxxC2UiEFYc
48,유한,유한,용산구,서울 용산구 대사관로5길 10-5,https://map.naver.com/p/search/%EC%9C%A0%ED%95%9C%20%EC%9A%A9%EC%82%B0%EA%B5%AC,휴무,18:00-24:00,18:00-24:00,18:00-24:00,18:00-24:00,14:00-21:00,14:00-21:00,모름,모름,,"초안(웹 검색 요약, 확인 전)",https://guide.michelin.com/kr/ko/seoul-capital-area/kr-seoul/restaurant/youhan,https://letseoul.com/ko/places/youhan
49,알트에이,알트에이,용산구,서울 용산구 보광로 109,https://map.naver.com/p/search/%EC%95%8C%ED%8A%B8%EC%97%90%EC%9D%B4%20%EC%9A%A9%EC%82%B0%EA%B5%AC,"11:30-15:00, 17:00-22:00","11:30-15:00, 17:00-22:00","11:30-15:00, 17:00-22:00","11:30-15:00, 17:00-22:00","11:30-15:00, 17:00-22:00","11:30-15:00, 17:00-22:00","11:30-15:00, 17:00-22:00",20:50,모름,,"초안(웹 검색 요약, 확인 전) 휴무 명시 없음(매일로만 나옴). 비건(식물성) 식당",https://guide.michelin.com/kr/ko/seoul-capital-area/kr-seoul/restaurant/alt-a,https://www.instagram.com/alt.a_official/
50,황금콩밭,황금콩밭,마포구,서울 마포구 마포대로16길 9,https://map.naver.com/p/search/%ED%99%A9%EA%B8%88%EC%BD%A9%EB%B0%AD%20%EB%A7%88%ED%8F%AC%EA%B5%AC,"11:30-15:00, 17:00-21:30","11:30-15:00, 17:00-21:30","11:30-15:00, 17:00-21:30","11:30-15:00, 17:00-21:30","11:30-15:00, 17:00-21:30","11:00-15:00, 17:00-21:00","11:00-15:00, 17:00-21:00",모름,모름,,"초안(웹 검색 요약, 확인 전) 출처마다 시간 다름. 휴무 명시 없음",https://guide.michelin.com/kr/ko/seoul-capital-area/kr-seoul/restaurant/hwanggeum-kongbat,https://www.diningcode.com/profile.php?rid=Nd36vJklE9Fo
51,오일제,오일제,용산구,서울 용산구 한강대로62다길 29,https://map.naver.com/p/search/%EC%98%A4%EC%9D%BC%EC%A0%9C%20%EC%9A%A9%EC%82%B0%EA%B5%AC,10:00-15:00,10:00-15:00,10:00-15:00,10:00-15:00,10:00-15:00,모름,모름,모름,모름,,"초안(웹 검색 요약, 확인 전) 평일 점심만, 하루 50그릇. 주말 영업 여부 모름",https://guide.michelin.com/kr/ko/seoul-capital-area/kr-seoul/restaurant/oilje,https://www.diningcode.com/profile.php?rid=moM60eY603vP
52,능동미나리,능동미나리,용산구,서울 용산구 한강대로40길 28,https://map.naver.com/p/search/%EB%8A%A5%EB%8F%99%EB%AF%B8%EB%82%98%EB%A6%AC%20%EC%9A%A9%EC%82%B0%EA%B5%AC,11:00-23:00,11:00-23:00,11:00-23:00,11:00-23:00,11:00-23:00,10:30-23:00,10:30-23:00,21:50,없음(연중무휴),,"초안(웹 검색 요약, 확인 전)",https://guide.michelin.com/kr/ko/seoul-capital-area/kr-seoul/restaurant/neungdong-minari,https://www.diningcode.com/profile.php?rid=sY45yRB1eIPB
53,맷돌,맷돌,성동구,서울 성동구 성덕정길 63,https://map.naver.com/p/search/%EB%A7%B7%EB%8F%8C%20%EC%84%B1%EB%8F%99%EA%B5%AC,모름,모름,모름,모름,모름,모름,모름,모름,모름,,초안: 검색 결과 없음,https://guide.michelin.com/kr/ko/seoul-capital-area/kr-seoul/restaurant/mattdol,
54,마포옥,마포옥,마포구,서울 마포구 토정로 312,https://map.naver.com/p/search/%EB%A7%88%ED%8F%AC%EC%98%A5%20%EB%A7%88%ED%8F%AC%EA%B5%AC,07:00-21:00,07:00-21:00,07:00-21:00,07:00-21:00,07:00-21:00,07:00-17:00,07:00-17:00,모름,설날·추석 당일,,"초안(웹 검색 요약, 확인 전)",https://guide.michelin.com/kr/ko/seoul-capital-area/kr-seoul/restaurant/mapo-ok,https://www.diningcode.com/profile.php?rid=mfnxiMVtuuWL
55,만두집,만두집,강남구,서울 강남구 압구정로 338,https://map.naver.com/p/search/%EB%A7%8C%EB%91%90%EC%A7%91%20%EA%B0%95%EB%82%A8%EA%B5%AC,모름,모름,모름,모름,모름,모름,모름,모름,모름,,초안: 검색 결과 없음,https://guide.michelin.com/kr/ko/seoul-capital-area/kr-seoul/restaurant/mandujip,
56,꿉당,꿉당,서초구,서울 서초구 강남대로 615,https://map.naver.com/p/search/%EA%BF%89%EB%8B%B9%20%EC%84%9C%EC%B4%88%EA%B5%AC,15:00-22:50,15:00-22:50,15:00-22:50,15:00-22:50,15:00-22:50,12:00-22:50,12:00-22:50,모름,모름,,"초안(웹 검색 요약, 확인 전) 일요일 휴무라는 출처도 있음 — 확인 필요",https://guide.michelin.com/kr/ko/seoul-capital-area/kr-seoul/restaurant/ggupdang,https://www.poing.co.kr/restaurant/detail/46504
57,면서울,면서울,강남구,서울 강남구 선릉로 805,https://map.naver.com/p/search/%EB%A9%B4%EC%84%9C%EC%9A%B8%20%EA%B0%95%EB%82%A8%EA%B5%AC,"11:00-15:00, 16:00-22:00","11:00-15:00, 16:00-22:00","11:00-15:00, 16:00-22:00","11:00-15:00, 16:00-22:00","11:00-15:00, 16:00-22:00","11:00-15:00, 16:00-22:00",휴무,모름,모름,,"초안(웹 검색 요약, 확인 전) 브레이크는 다른 지점 정보일 수 있음",https://guide.michelin.com/kr/ko/seoul-capital-area/kr-seoul/restaurant/myeon-seoul,https://www.diningcode.com/profile.php?rid=9Gaa5tirg2om
58,니시무라멘,니시무라멘,마포구,"서울 마포구 동교로 265, 4층",https://map.naver.com/p/search/%EB%8B%88%EC%8B%9C%EB%AC%B4%EB%9D%BC%EB%A9%98%20%EB%A7%88%ED%8F%AC%EA%B5%AC,11:00-15:00,11:00-15:00,휴무,11:00-15:00,"11:00-15:00, 17:30-20:00","11:00-15:00, 17:30-20:00","11:00-15:00, 17:30-20:00",모름,모름,,"초안(웹 검색 요약, 확인 전) 저녁은 금·토·일만으로 요약됨 — 확인 필요",https://guide.michelin.com/kr/ko/seoul-capital-area/kr-seoul/restaurant/nishimuramen,https://www.diningcode.com/profile.php?rid=W4P4NPHAs6Gp
59,사루카메,사루카메,마포구,서울 마포구 연남로 15,https://map.naver.com/p/search/%EC%82%AC%EB%A3%A8%EC%B9%B4%EB%A9%94%20%EB%A7%88%ED%8F%AC%EA%B5%AC,"11:30-15:00, 17:30-20:30","11:30-15:00, 17:30-20:30","11:30-15:00, 17:30-20:30","11:30-15:00, 17:30-20:30","11:30-15:00, 17:30-20:30","11:30-15:00, 17:30-20:30","11:30-15:00, 17:30-20:30",점심 14:30 · 저녁 20:00,인스타그램 공지(@sarukame_ramen),,"초안(웹 검색 요약, 확인 전)",https://guide.michelin.com/kr/ko/seoul-capital-area/kr-seoul/restaurant/sarukame,https://www.diningcode.com/profile.php?rid=JWjtDbGUUZVE
60,정면,정면,광진구,서울 광진구 능동로13길 88,https://map.naver.com/p/search/%EC%A0%95%EB%A9%B4%20%EA%B4%91%EC%A7%84%EA%B5%AC,"11:30-15:00, 17:00-20:00","11:30-15:00, 17:00-20:00","11:30-15:00, 17:00-20:00","11:30-15:00, 17:00-20:00","11:30-15:00, 17:00-20:00","11:30-15:00, 17:00-20:00","11:30-15:00, 17:00-20:00",모름,모름,,"초안(웹 검색 요약, 확인 전) 휴무 명시 없음(매일로만 나옴)",https://guide.michelin.com/kr/ko/seoul-capital-area/kr-seoul/restaurant/jeongmyeon,https://guide.michelin.com/kr/ko/seoul-capital-area/kr-seoul/restaurant/jeongmyeon
61,게방식당,게방식당,강남구,서울 강남구 선릉로131길 17,https://map.naver.com/p/search/%EA%B2%8C%EB%B0%A9%EC%8B%9D%EB%8B%B9%20%EA%B0%95%EB%82%A8%EA%B5%AC,"11:30-15:00, 17:30-21:00","11:30-15:00, 17:30-21:00","11:30-15:00, 17:30-21:00","11:30-15:00, 17:30-21:00","11:30-15:00, 17:30-21:00","11:30-15:00, 17:30-21:00",휴무,모름,모름,,"초안(웹 검색 요약, 확인 전)",https://guide.michelin.com/kr/ko/seoul-capital-area/kr-seoul/restaurant/gebang-sikdang,https://www.diningcode.com/profile.php?rid=lInczLi8F3fh
62,오레노 라멘,오레노 라멘,마포구,서울 마포구 독막로8길 16,https://map.naver.com/p/search/%EC%98%A4%EB%A0%88%EB%85%B8%20%EB%9D%BC%EB%A9%98%20%EB%A7%88%ED%8F%AC%EA%B5%AC,11:00-22:00,11:00-22:00,11:00-22:00,11:00-22:00,11:00-22:00,11:00-22:00,11:00-22:00,21:30,없음(연중무휴),,"초안(웹 검색 요약, 확인 전)",https://guide.michelin.com/kr/ko/seoul-capital-area/kr-seoul/restaurant/oreno-ramen,https://www.diningcode.com/profile.php?rid=wJpwvXzEFYVj
63,담택,담택,마포구,서울 마포구 동교로12안길 51,https://map.naver.com/p/search/%EB%8B%B4%ED%83%9D%20%EB%A7%88%ED%8F%AC%EA%B5%AC,"11:30-15:00, 17:00-21:00","11:30-15:00, 17:00-21:00","11:30-15:00, 17:00-21:00","11:30-15:00, 17:00-21:00","11:30-15:00, 17:00-21:00","11:30-15:00, 17:00-21:00",휴무,20:00,모름,,"초안(웹 검색 요약, 확인 전)",https://guide.michelin.com/kr/ko/seoul-capital-area/kr-seoul/restaurant/damtaek,https://www.diningcode.com/profile.php?rid=WAZ4mMc95N6I
64,진진,진진,마포구,서울 마포구 월드컵북로1길 60,https://map.naver.com/p/search/%EC%A7%84%EC%A7%84%20%EB%A7%88%ED%8F%AC%EA%B5%AC,"11:30-15:00, 17:00-21:30","11:30-15:00, 17:00-21:30","11:30-15:00, 17:00-21:30","11:30-15:00, 17:00-21:30","11:30-15:00, 17:00-21:30","11:30-15:00, 17:00-21:30","12:00-15:00, 17:00-21:30",점심 14:30 · 저녁 20:30(일 21:00),모름,,"초안(웹 검색 요약, 확인 전)",https://guide.michelin.com/kr/ko/seoul-capital-area/kr-seoul/restaurant/jin-jin,https://www.diningcode.com/profile.php?rid=NZWW3ZN1ENkq
65,서교난면방,서교난면방,마포구,서울 마포구 동교로12길 16,https://map.naver.com/p/search/%EC%84%9C%EA%B5%90%EB%82%9C%EB%A9%B4%EB%B0%A9%20%EB%A7%88%ED%8F%AC%EA%B5%AC,11:30-21:00,11:30-21:00,11:30-21:00,11:30-21:00,11:30-21:00,모름,모름,모름,모름,,"초안(웹 검색 요약, 확인 전) 주말·휴무·브레이크 불명확",https://guide.michelin.com/kr/ko/seoul-capital-area/kr-seoul/restaurant/seokyonanmyunbang,https://www.diningcode.com/profile.php?rid=K18I6OP9Magv
66,미필담,미필담,마포구,서울 마포구 성지3길 22,https://map.naver.com/p/search/%EB%AF%B8%ED%95%84%EB%8B%B4%20%EB%A7%88%ED%8F%AC%EA%B5%AC,휴무,휴무,"11:30-14:30, 17:30-20:30","11:30-14:30, 17:30-20:30","11:30-14:30, 17:30-20:30","11:30-14:30, 17:30-20:30",휴무,모름,모름,,"초안(웹 검색 요약, 확인 전)",https://guide.michelin.com/kr/ko/seoul-capital-area/kr-seoul/restaurant/mipildam,https://www.diningcode.com/profile.php?rid=zBNdcLZKXP1I
67,정인면옥,정인면옥,영등포구,서울 영등포구 국회대로76길 10,https://map.naver.com/p/search/%EC%A0%95%EC%9D%B8%EB%A9%B4%EC%98%A5%20%EC%98%81%EB%93%B1%ED%8F%AC%EA%B5%AC,"11:00-15:00, 17:00-21:30","11:00-15:00, 17:00-21:30","11:00-15:00, 17:00-21:30","11:00-15:00, 17:00-21:30","11:00-15:00, 17:00-21:30",모름,"11:00-15:30, 17:00-21:30",모름,모름,,"초안(웹 검색 요약, 확인 전) 토요일 휴무/영업 출처끼리 모순",https://guide.michelin.com/kr/ko/seoul-capital-area/kr-seoul/restaurant/jungin-myeonok,https://www.diningcode.com/profile.php?rid=llxook0voe2k
68,양양 메밀 막국수,양양 메밀 막국수,서초구,서울 서초구 동광로15길 10,https://map.naver.com/p/search/%EC%96%91%EC%96%91%20%EB%A9%94%EB%B0%80%20%EB%A7%89%EA%B5%AD%EC%88%98%20%EC%84%9C%EC%B4%88%EA%B5%AC,"11:00-15:00, 17:00-21:00","11:00-15:00, 17:00-21:00","11:00-15:00, 17:00-21:00","11:00-15:00, 17:00-21:00","11:00-15:00, 17:00-21:00","11:00-15:00, 17:00-21:00","11:00-15:00, 17:00-21:00",모름,설날·추석 / 11월 김장철 열흘,,"초안(웹 검색 요약, 확인 전)",https://guide.michelin.com/kr/ko/seoul-capital-area/kr-seoul/restaurant/yangyang-memil-makguksu,https://yangyangkuksu.modoo.at/
69,화해당,화해당,영등포구,서울 영등포구 국회대로62길 15,https://map.naver.com/p/search/%ED%99%94%ED%95%B4%EB%8B%B9%20%EC%98%81%EB%93%B1%ED%8F%AC%EA%B5%AC,휴무,"11:00-15:00, 16:30-21:00","11:00-15:00, 16:30-21:00","11:00-15:00, 16:30-21:00","11:00-15:00, 16:30-21:00","11:00-15:00, 16:30-21:00",휴무,모름,모름,,"초안(웹 검색 요약, 확인 전)",https://guide.michelin.com/kr/ko/seoul-capital-area/kr-seoul/restaurant/hwa-hae-dang,https://www.diningcode.com/profile.php?rid=Q7ytBjPBIzcK
70,스바루,스바루,서초구,서울 서초구 방배중앙로21길 7,https://map.naver.com/p/search/%EC%8A%A4%EB%B0%94%EB%A3%A8%20%EC%84%9C%EC%B4%88%EA%B5%AC,휴무,"11:30-15:00, 17:30-21:00","11:30-15:00, 17:30-21:00","11:30-15:00, 17:30-21:00","11:30-15:00, 17:30-21:00","11:30-15:00, 17:30-21:00","11:30-15:00, 17:30-21:00",모름,모름,,"초안(웹 검색 요약, 확인 전)",https://guide.michelin.com/kr/ko/seoul-capital-area/kr-seoul/restaurant/subaru,https://www.diningcode.com/profile.php?rid=9kI8pG5hA1IT
71,곰탕랩,곰탕랩,강남구,"서울 강남구 테헤란로 517, 현대백화점 10층",https://map.naver.com/p/search/%EA%B3%B0%ED%83%95%EB%9E%A9%20%EA%B0%95%EB%82%A8%EA%B5%AC,"11:00-15:00, 17:00-22:00","11:00-15:00, 17:00-22:00","11:00-15:00, 17:00-22:00","11:00-15:00, 17:00-22:00","11:00-15:00, 17:00-22:00","11:00-15:00, 17:00-22:00",휴무,모름,모름,,"초안(웹 검색 요약, 확인 전)",https://guide.michelin.com/kr/ko/seoul-capital-area/kr-seoul/restaurant/gomtang-lab,https://www.diningcode.com/profile.php?rid=8rqlXxr9pwOX
72,임병주 산동 칼국수,임병주 산동 칼국수,서초구,서울 서초구 강남대로37길 65,https://map.naver.com/p/search/%EC%9E%84%EB%B3%91%EC%A3%BC%20%EC%82%B0%EB%8F%99%20%EC%B9%BC%EA%B5%AD%EC%88%98%20%EC%84%9C%EC%B4%88%EA%B5%AC,휴무,11:00-21:30,11:00-21:30,11:00-21:30,11:00-21:30,11:00-21:00,11:00-21:00,모름,모름,,"초안(웹 검색 요약, 확인 전)",https://guide.michelin.com/kr/ko/seoul-capital-area/kr-seoul/restaurant/limbyungjoo-sandong-kalguksu,https://www.diningcode.com/profile.php?rid=4HkuNRNac241
73,묵정,묵정,중구,서울 중구 퇴계로48길 17,https://map.naver.com/p/search/%EB%AC%B5%EC%A0%95%20%EC%A4%91%EA%B5%AC,모름,모름,모름,모름,모름,모름,모름,모름,모름,,초안: 검색 결과 없음,https://guide.michelin.com/kr/ko/seoul-capital-area/kr-seoul/restaurant/mukjung,
74,평양면옥,평양면옥,중구,서울 중구 장충단로 207,https://map.naver.com/p/search/%ED%8F%89%EC%96%91%EB%A9%B4%EC%98%A5%20%EC%A4%91%EA%B5%AC,휴무,11:00-21:30,11:00-21:30,11:00-21:30,11:00-21:30,11:00-21:30,11:00-21:30,21:00,모름,,"초안(웹 검색 요약, 확인 전)",https://guide.michelin.com/kr/ko/seoul-capital-area/kr-seoul/restaurant/pyeongyang-myeonok,https://www.diningcode.com/profile.php?rid=2gAJh6BVK6Tp
75,호빈,호빈,중구,"서울 중구 동호로 287, 앰배서더 서울 풀만 2층",https://map.naver.com/p/search/%ED%98%B8%EB%B9%88%20%EC%A4%91%EA%B5%AC,"11:30-14:30, 18:00-22:00","11:30-14:30, 18:00-22:00","11:30-14:30, 18:00-22:00","11:30-14:30, 18:00-22:00","11:30-14:30, 18:00-22:00","11:30-14:30, 18:00-22:00","11:30-14:30, 18:00-22:00",모름,모름,,"초안(웹 검색 요약, 확인 전) 휴무 명시 없음(매일로만 나옴)",https://guide.michelin.com/kr/ko/seoul-capital-area/kr-seoul/restaurant/haobin,https://www.ambatel.com/theambassador/seoul/ko/diningView.do?dining_contents_seq=158
76,하동관,하동관,중구,서울 중구 명동9길 12,https://map.naver.com/p/search/%ED%95%98%EB%8F%99%EA%B4%80%20%EC%A4%91%EA%B5%AC,07:00-16:00,07:00-16:00,07:00-16:00,07:00-16:00,07:00-16:00,07:00-16:00,휴무,모름,설·추석 당일~다음날,,"초안(웹 검색 요약, 확인 전)",https://guide.michelin.com/kr/ko/seoul-capital-area/kr-seoul/restaurant/hadongkwan,http://www.hadongkwan.co.kr/?page_id=12
77,더 그린테이블,더 그린테이블,종로구,"서울 종로구 율곡로 83, 아라리오 스페이스 5층",https://map.naver.com/p/search/%EB%8D%94%20%EA%B7%B8%EB%A6%B0%ED%85%8C%EC%9D%B4%EB%B8%94%20%EC%A2%85%EB%A1%9C%EA%B5%AC,휴무,휴무,"12:00-15:00, 18:00-22:00","12:00-15:00, 18:00-22:00","12:00-15:00, 18:00-22:00","12:00-15:00, 18:00-22:00","12:00-15:00, 18:00-21:30",모름,모름,,"초안(웹 검색 요약, 확인 전)",https://guide.michelin.com/kr/ko/seoul-capital-area/kr-seoul/restaurant/the-green-table,https://app.catchtable.co.kr/ct/shop/thegreentable
78,남포면옥,남포면옥,중구,서울 중구 을지로3길 24,https://map.naver.com/p/search/%EB%82%A8%ED%8F%AC%EB%A9%B4%EC%98%A5%20%EC%A4%91%EA%B5%AC,11:30-22:00,11:30-22:00,11:30-22:00,11:30-22:00,11:30-22:00,11:30-21:00,11:30-21:00,모름,없음(연중무휴),,"초안(웹 검색 요약, 확인 전)",https://guide.michelin.com/kr/ko/seoul-capital-area/kr-seoul/restaurant/nampo-myeonok,https://www.diningcode.com/profile.php?rid=xTUKdx0ktmwu
79,도림,도림,중구,"서울 중구 을지로 30, 롯데호텔 37층",https://map.naver.com/p/search/%EB%8F%84%EB%A6%BC%20%EC%A4%91%EA%B5%AC,"11:30-14:30, 17:30-22:00","11:30-14:30, 17:30-22:00","11:30-14:30, 17:30-22:00","11:30-14:30, 17:30-22:00","11:30-14:30, 17:30-22:00","11:30-14:30, 17:30-22:00","11:30-14:30, 17:30-22:00",점심 14:00 · 저녁 20:30,모름,,"초안(웹 검색 요약, 확인 전) 저녁 시작 17:30/18:00 출처마다 다름",https://guide.michelin.com/kr/ko/seoul-capital-area/kr-seoul/restaurant/toh-lim,https://app.catchtable.co.kr/ct/shop/lotteseoul_tohlim
80,무궁화,무궁화,중구,"서울 중구 을지로 30, 롯데호텔 38층",https://map.naver.com/p/search/%EB%AC%B4%EA%B6%81%ED%99%94%20%EC%A4%91%EA%B5%AC,"11:30-14:30, 18:00-22:00","11:30-14:30, 18:00-22:00","11:30-14:30, 18:00-22:00","11:30-14:30, 18:00-22:00","11:30-14:30, 18:00-22:00","11:30-14:30, 18:00-22:00","11:30-14:30, 18:00-22:00",모름,없음(연중무휴),,"초안(웹 검색 요약, 확인 전)",https://guide.michelin.com/kr/ko/seoul-capital-area/kr-seoul/restaurant/mugunghwa,https://www.lottehotel.com/seoul-hotel/ko/dining/restaurant-mugunghwa.html
81,피에르 가니에르,피에르 가니에르,중구,"서울 중구 을지로 30, 롯데호텔 35층",https://map.naver.com/p/search/%ED%94%BC%EC%97%90%EB%A5%B4%20%EA%B0%80%EB%8B%88%EC%97%90%EB%A5%B4%20%EC%A4%91%EA%B5%AC,"12:00-15:00, 18:00-22:00","12:00-15:00, 18:00-22:00","12:00-15:00, 18:00-22:00","12:00-15:00, 18:00-22:00","12:00-15:00, 18:00-22:00","12:00-15:00, 18:00-22:00","12:00-15:00, 18:00-22:00",모름,설날·추석 당일,,"초안(웹 검색 요약, 확인 전)",https://guide.michelin.com/kr/ko/seoul-capital-area/kr-seoul/restaurant/pierre-gagnaire,https://www.diningcode.com/profile.php?rid=eiASITMLrLWb
82,콘티넨탈,콘티넨탈,중구,"서울 중구 동호로 249, 신라호텔 23층",https://map.naver.com/p/search/%EC%BD%98%ED%8B%B0%EB%84%A8%ED%83%88%20%EC%A4%91%EA%B5%AC,"12:00-14:30, 17:30-21:30","12:00-14:30, 17:30-21:30","12:00-14:30, 17:30-21:30","12:00-14:30, 17:30-21:30","12:00-14:30, 17:30-21:30","12:00-14:30, 17:30-21:30","12:00-14:30, 17:30-21:30",점심 13:00 · 저녁 19:30,없음(연중무휴),,"초안(웹 검색 요약, 확인 전)",https://guide.michelin.com/kr/ko/seoul-capital-area/kr-seoul/restaurant/continental,https://www.shillahotels.com/ko/theshilla/seoul/dining/restaurant/continental.do
83,나인스 게이트,나인스 게이트,중구,"서울 중구 소공로 106, 웨스틴 조선 호텔 1층",https://map.naver.com/p/search/%EB%82%98%EC%9D%B8%EC%8A%A4%20%EA%B2%8C%EC%9D%B4%ED%8A%B8%20%EC%A4%91%EA%B5%AC,"11:30-15:30, 18:00-22:00","11:30-15:30, 18:00-22:00","11:30-15:30, 18:00-22:00","11:30-15:30, 18:00-22:00","11:30-15:30, 18:00-22:00","11:30-15:30, 18:00-22:00","11:30-15:30, 18:00-22:00",모름,모름,,"초안(웹 검색 요약, 확인 전) 휴무 명시 없음(매일로만 나옴)",https://guide.michelin.com/kr/ko/seoul-capital-area/kr-seoul/restaurant/the-ninth-gate,https://www.diningcode.com/profile.php?rid=LJ16mdFkQhiu
84,무구옥,무구옥,종로구,서울 종로구 율곡로1길 7,https://map.naver.com/p/search/%EB%AC%B4%EA%B5%AC%EC%98%A5%20%EC%A2%85%EB%A1%9C%EA%B5%AC,휴무,휴무,"11:30-15:00, 17:30-21:00","11:30-15:00, 17:30-21:00","11:30-15:00, 17:30-21:00","11:30-15:00, 17:30-21:00","11:30-15:00, 17:30-21:00",모름,모름,,"초안(웹 검색 요약, 확인 전)",https://guide.michelin.com/kr/ko/seoul-capital-area/kr-seoul/restaurant/muguok,https://www.diningcode.com/profile.php?rid=JgU7c7Qw35sW
85,광화문 국밥,광화문 국밥,중구,서울 중구 세종대로21길 53,https://map.naver.com/p/search/%EA%B4%91%ED%99%94%EB%AC%B8%20%EA%B5%AD%EB%B0%A5%20%EC%A4%91%EA%B5%AC,"11:00-14:00, 17:00-21:30","11:00-14:00, 17:00-21:30","11:00-14:00, 17:00-21:30","11:00-14:00, 17:00-21:30","11:00-14:00, 17:00-21:30",모름,휴무,모름,모름,,"초안(웹 검색 요약, 확인 전) 토요일 시간이 깨져 나옴(12:00-09:00)",https://guide.michelin.com/kr/ko/seoul-capital-area/kr-seoul/restaurant/gwanghwamun-gukbap,https://www.diningcode.com/profile.php?rid=l0id7CmcvjwY
86,물랑,물랑,종로구,서울 종로구 자하문로16길 8,https://map.naver.com/p/search/%EB%AC%BC%EB%9E%91%20%EC%A2%85%EB%A1%9C%EA%B5%AC,"12:00-15:00, 18:00-22:00",휴무,휴무,"12:00-15:00, 18:00-22:00","12:00-15:00, 18:00-22:00","12:00-15:00, 18:00-22:00","12:00-15:00, 18:00-22:00",모름,모름,,"초안(웹 검색 요약, 확인 전)",https://guide.michelin.com/kr/ko/seoul-capital-area/kr-seoul/restaurant/moulin,https://www.diningcode.com/profile.php?rid=765xBf19RFBg
87,에그 앤 플라워,에그 앤 플라워,용산구,"서울 용산구 신흥로26길 35, 3층",https://map.naver.com/p/search/%EC%97%90%EA%B7%B8%20%EC%95%A4%20%ED%94%8C%EB%9D%BC%EC%9B%8C%20%EC%9A%A9%EC%82%B0%EA%B5%AC,모름,모름,모름,모름,모름,모름,모름,모름,모름,,초안: 검색 결과 없음,https://guide.michelin.com/kr/ko/seoul-capital-area/kr-seoul/restaurant/egg-flour,
88,쉐시몽,쉐시몽,용산구,"서울 용산구 회나무로 66, 3층",https://map.naver.com/p/search/%EC%89%90%EC%8B%9C%EB%AA%BD%20%EC%9A%A9%EC%82%B0%EA%B5%AC,모름,모름,모름,모름,모름,모름,모름,모름,모름,,초안: 찾은 정보가 서교동(마포) 지점 것 — 주소 확인 필요,https://guide.michelin.com/kr/ko/seoul-capital-area/kr-seoul/restaurant/chez-simon,https://app.catchtable.co.kr/ct/shop/chezsimon
89,숙수도가,숙수도가,성북구,서울 성북구 동소문로17길 28,https://map.naver.com/p/search/%EC%88%99%EC%88%98%EB%8F%84%EA%B0%80%20%EC%84%B1%EB%B6%81%EA%B5%AC,"12:00-15:00, 17:00-22:00","12:00-15:00, 17:00-22:00","12:00-15:00, 17:00-22:00","12:00-15:00, 17:00-22:00","12:00-15:00, 17:00-22:00","12:00-15:00, 17:00-22:00","12:00-15:00, 17:00-22:00",모름,모름,,"초안(웹 검색 요약, 확인 전) 휴무 명시 없음(매일로만 나옴)",https://guide.michelin.com/kr/ko/seoul-capital-area/kr-seoul/restaurant/sooksoodoga,https://www.siksinhot.com/P/1078315
90,구복만두,구복만두,용산구,서울 용산구 두텁바위로 7,https://map.naver.com/p/search/%EA%B5%AC%EB%B3%B5%EB%A7%8C%EB%91%90%20%EC%9A%A9%EC%82%B0%EA%B5%AC,11:00-23:00,11:00-23:00,11:00-23:00,11:00-23:00,11:00-23:00,"11:00-15:00, 16:00-23:00","11:00-15:00, 16:00-22:00",모름,모름,,"초안(웹 검색 요약, 확인 전) 숙대 본점(두텁바위로 7) 기준",https://guide.michelin.com/kr/ko/seoul-capital-area/kr-seoul/restaurant/goobok-mandu,https://www.diningcode.com/profile.php?rid=5vxS7Z67ylcR
91,안씨 막걸리,안씨 막걸리,용산구,서울 용산구 회나무로 3,https://map.naver.com/p/search/%EC%95%88%EC%94%A8%20%EB%A7%89%EA%B1%B8%EB%A6%AC%20%EC%9A%A9%EC%82%B0%EA%B5%AC,17:30-23:30,17:30-23:30,17:30-23:30,17:30-23:30,17:30-23:30,17:30-23:30,17:30-23:30,23:00,없음(연중무휴),,"초안(웹 검색 요약, 확인 전) 18:00-24:00이라는 출처도 있음",https://guide.michelin.com/kr/ko/seoul-capital-area/kr-seoul/restaurant/mr-ahn-s-craft-makgeolli-1192580,https://ahnmakgeolli.modoo.at/
92,바위,바위,용산구,"서울 용산구 이태원로54길 16-9, 3층",https://map.naver.com/p/search/%EB%B0%94%EC%9C%84%20%EC%9A%A9%EC%82%B0%EA%B5%AC,모름,모름,모름,모름,모름,모름,모름,모름,모름,,초안: 검색 결과 없음,https://guide.michelin.com/kr/ko/seoul-capital-area/kr-seoul/restaurant/bawi,
93,보르고 한남,보르고 한남,용산구,"서울 용산구 이태원로54길 31, 3층",https://map.naver.com/p/search/%EB%B3%B4%EB%A5%B4%EA%B3%A0%20%ED%95%9C%EB%82%A8%20%EC%9A%A9%EC%82%B0%EA%B5%AC,휴무,17:00-22:00,17:00-22:00,17:00-22:00,17:00-22:00,17:00-22:00,17:00-22:00,모름,모름,,"초안(웹 검색 요약, 확인 전)",https://guide.michelin.com/kr/ko/seoul-capital-area/kr-seoul/restaurant/borgo-hannam,https://www.diningcode.com/profile.php?rid=8Dk64wkTH6tz
94,주052,주052,성동구,서울 성동구 고산자로14길 26,https://map.naver.com/p/search/%EC%A3%BC052%20%EC%84%B1%EB%8F%99%EA%B5%AC,17:30-23:00,휴무,17:30-23:00,17:30-23:00,17:30-23:00,17:30-23:00,17:30-23:00,20:00 입장 마감,모름,,"초안(웹 검색 요약, 확인 전)",https://guide.michelin.com/kr/ko/seoul-capital-area/kr-seoul/restaurant/sool052,https://www.diningcode.com/profile.php?rid=AIOxJXMH9cgO
95,교양식사,교양식사,용산구,서울 용산구 이태원로 238,https://map.naver.com/p/search/%EA%B5%90%EC%96%91%EC%8B%9D%EC%82%AC%20%EC%9A%A9%EC%82%B0%EA%B5%AC,17:00-22:00,17:00-22:00,17:00-22:00,17:00-22:00,17:00-21:00,13:00-22:00,13:00-22:00,모름,모름,,"초안(웹 검색 요약, 확인 전) 금요일 21:00 마감은 의심스러움 — 확인 필요",https://guide.michelin.com/kr/ko/seoul-capital-area/kr-seoul/restaurant/gyoyang-siksa,https://www.diningcode.com/profile.php?rid=yUiak7RM61aj
96,셰누 프라이빗 키친,셰누 프라이빗 키친,용산구,"서울 용산구 녹사평대로 210-6, 3층",https://map.naver.com/p/search/%EC%85%B0%EB%88%84%20%ED%94%84%EB%9D%BC%EC%9D%B4%EB%B9%97%20%ED%82%A4%EC%B9%9C%20%EC%9A%A9%EC%82%B0%EA%B5%AC,18:00-22:30,18:00-22:30,18:00-22:30,18:00-22:30,18:00-22:30,18:00-22:30,휴무,모름,모름,,"초안(웹 검색 요약, 확인 전)",https://guide.michelin.com/kr/ko/seoul-capital-area/kr-seoul/restaurant/chez-nous,https://www.diningcode.com/profile.php?rid=agmmw3Drv5OS
97,마나오,마나오,용산구,"서울 용산구 한남대로21길 18, 2층",https://map.naver.com/p/search/%EB%A7%88%EB%82%98%EC%98%A4%20%EC%9A%A9%EC%82%B0%EA%B5%AC,모름,모름,모름,모름,모름,모름,모름,모름,모름,,"초안: 출처끼리 모순(17-24 월휴무 / 매일 12-15,17-22)",https://guide.michelin.com/kr/ko/seoul-capital-area/kr-seoul/restaurant/manao,https://www.diningcode.com/profile.php?rid=pnWbZgTG92Hc
98,알레즈,알레즈,용산구,서울 용산구 독서당로 89,https://map.naver.com/p/search/%EC%95%8C%EB%A0%88%EC%A6%88%20%EC%9A%A9%EC%82%B0%EA%B5%AC,휴무,"12:00-15:00, 18:00-22:00","12:00-15:00, 18:00-22:00","12:00-15:00, 18:00-22:00","12:00-15:00, 18:00-22:00","12:00-15:00, 18:00-22:00","12:00-15:00, 18:00-22:00",모름,모름,,"초안(웹 검색 요약, 확인 전)",https://guide.michelin.com/kr/ko/seoul-capital-area/kr-seoul/restaurant/al-aise,https://www.diningcode.com/profile.php?rid=XraDFA6M0MNn
99,본 앤 브레드,본 앤 브레드,성동구,"서울 성동구 마장로42길 1, 2층",https://map.naver.com/p/search/%EB%B3%B8%20%EC%95%A4%20%EB%B8%8C%EB%A0%88%EB%93%9C%20%EC%84%B1%EB%8F%99%EA%B5%AC,모름,모름,모름,모름,모름,모름,모름,모름,모름,,초안: 검색 결과 없음,https://guide.michelin.com/kr/ko/seoul-capital-area/kr-seoul/restaurant/born-and-bred,https://www.bandb.co.kr/
100,오부이용,오부이용,성동구,서울 성동구 독서당로51길 29-1,https://map.naver.com/p/search/%EC%98%A4%EB%B6%80%EC%9D%B4%EC%9A%A9%20%EC%84%B1%EB%8F%99%EA%B5%AC,모름,모름,모름,모름,모름,모름,모름,모름,모름,,초안: 검색 결과 없음(다른 가게만 나옴),https://guide.michelin.com/kr/ko/seoul-capital-area/kr-seoul/restaurant/au-bouillon,
101,두리,두리,용산구,서울 용산구 원효로63길 27,https://map.naver.com/p/search/%EB%91%90%EB%A6%AC%20%EC%9A%A9%EC%82%B0%EA%B5%AC,19:00-24:00,휴무,휴무,19:00-24:00,19:00-24:00,"12:00-15:00, 18:00-24:00","12:00-15:00, 18:00-24:00",모름,공휴일 휴무,,"초안(웹 검색 요약, 확인 전)",https://guide.michelin.com/kr/ko/seoul-capital-area/kr-seoul/restaurant/doori,https://autoreserve.com/ko/restaurants/42kDRpNMHy2g2ATvJAWE
102,야키토리 키유,야키토리 키유,마포구,서울 마포구 도화4길 31,https://map.naver.com/p/search/%EC%95%BC%ED%82%A4%ED%86%A0%EB%A6%AC%20%ED%82%A4%EC%9C%A0%20%EB%A7%88%ED%8F%AC%EA%B5%AC,17:00-21:30,17:00-21:30,17:00-21:30,17:00-21:30,17:00-21:30,17:00-21:30,휴무,모름,모름,,"초안(웹 검색 요약, 확인 전) 19:00-21:00이라는 출처도 있음 — 확인 필요",https://guide.michelin.com/kr/ko/seoul-capital-area/kr-seoul/restaurant/yakitori-kiyu,https://www.diningcode.com/profile.php?rid=bpNX8MKZYVdH
103,소바쥬,소바쥬,마포구,"서울 마포구 큰우물로 75, 지하 1층 22호",https://map.naver.com/p/search/%EC%86%8C%EB%B0%94%EC%A5%AC%20%EB%A7%88%ED%8F%AC%EA%B5%AC,12:00-22:00,휴무,12:00-22:00,12:00-22:00,12:00-22:00,12:00-22:00,12:00-22:00,모름,모름,,"초안(웹 검색 요약, 확인 전) 브레이크타임 여부 모름",https://guide.michelin.com/kr/ko/seoul-capital-area/kr-seoul/restaurant/sobajuu,https://www.diningcode.com/profile.php?rid=88Q4p1xvnor2
104,이목 스모크다이닝,이목 스모크다이닝,강남구,"서울 강남구 압구정로2길 6, 지하1층",https://map.naver.com/p/search/%EC%9D%B4%EB%AA%A9%20%EC%8A%A4%EB%AA%A8%ED%81%AC%EB%8B%A4%EC%9D%B4%EB%8B%9D%20%EA%B0%95%EB%82%A8%EA%B5%AC,휴무,"12:00-15:00, 18:00-21:30","12:00-15:00, 18:00-21:30","12:00-15:00, 18:00-21:30","12:00-15:00, 18:00-21:30","12:00-15:00, 18:00-21:30",휴무,모름,모름,,"초안(웹 검색 요약, 확인 전)",https://guide.michelin.com/kr/ko/seoul-capital-area/kr-seoul/restaurant/imok-smoke-dining,https://imoksmokedining.com/
105,하네,하네,강남구,서울 강남구 언주로172길 14,https://map.naver.com/p/search/%ED%95%98%EB%84%A4%20%EA%B0%95%EB%82%A8%EA%B5%AC,휴무,"12:00-13:40, 18:30-21:00","12:00-13:40, 18:30-21:00","12:00-13:40, 18:30-21:00","12:00-13:40, 18:30-21:00","12:00-13:40, 18:30-21:00",휴무,모름,모름,,"초안(웹 검색 요약, 확인 전)",https://guide.michelin.com/kr/ko/seoul-capital-area/kr-seoul/restaurant/hane,https://www.diningcode.com/profile.php?rid=bLLdhGG5S1vf
106,미미 면가,미미 면가,강남구,서울 강남구 강남대로160길 29,https://map.naver.com/p/search/%EB%AF%B8%EB%AF%B8%20%EB%A9%B4%EA%B0%80%20%EA%B0%95%EB%82%A8%EA%B5%AC,"11:30-14:30, 17:30-21:00","11:30-14:30, 17:30-21:00","11:30-14:30, 17:30-21:00","11:30-14:30, 17:30-21:00","11:30-14:30, 17:30-21:00","11:30-14:30, 17:30-21:00","11:30-14:30, 17:30-21:00",모름,모름,,"초안(웹 검색 요약, 확인 전) 휴무 명시 없음(매일로만 나옴)",https://guide.michelin.com/kr/ko/seoul-capital-area/kr-seoul/restaurant/mimi-myeonga,https://mimimyunga.modoo.at/
107,리북방,리북방,마포구,"서울 마포구 마포대로1길 16, 2층",https://map.naver.com/p/search/%EB%A6%AC%EB%B6%81%EB%B0%A9%20%EB%A7%88%ED%8F%AC%EA%B5%AC,12:00-21:00,17:00-22:00,12:00-21:00,17:00-22:00,12:00-21:00,12:00-21:00,12:00-21:00,모름,모름,,"초안(웹 검색 요약, 확인 전) 요일마다 다름(화·목 저녁만)",https://guide.michelin.com/kr/ko/seoul-capital-area/kr-seoul/restaurant/lee-buk-bang,https://www.diningcode.com/profile.php?rid=w4pm4ueSaRzc
108,르오뇽,르오뇽,강남구,서울 강남구 도산대로17길 29,https://map.naver.com/p/search/%EB%A5%B4%EC%98%A4%EB%87%BD%20%EA%B0%95%EB%82%A8%EA%B5%AC,휴무,12:00-21:00,12:00-21:00,12:00-21:00,12:00-21:00,12:00-21:00,12:00-21:00,모름,모름,,"초안(웹 검색 요약, 확인 전) 브레이크타임 여부 모름. 페스코 베지테리언",https://guide.michelin.com/kr/ko/seoul-capital-area/kr-seoul/restaurant/l-oignon,https://www.diningcode.com/profile.php?rid=N1gH0XwlRDiA
109,그랑디르,그랑디르,강남구,"서울 강남구 압구정로54길 4, 3층",https://map.naver.com/p/search/%EA%B7%B8%EB%9E%91%EB%94%94%EB%A5%B4%20%EA%B0%95%EB%82%A8%EA%B5%AC,휴무,"12:00-14:00, 18:00-22:00","12:00-14:00, 18:00-22:00","12:00-14:00, 18:00-22:00","12:00-14:00, 18:00-22:00","12:00-14:00, 18:00-22:00",휴무,모름,모름,,"초안(웹 검색 요약, 확인 전)",https://guide.michelin.com/kr/ko/seoul-capital-area/kr-seoul/restaurant/grandir,https://www.diningcode.com/profile.php?rid=Fg9ChsVRyeRT
110,소넷,소넷,강남구,"서울 강남구 선릉로157길 33, 3층",https://map.naver.com/p/search/%EC%86%8C%EB%84%B7%20%EA%B0%95%EB%82%A8%EA%B5%AC,모름,모름,모름,모름,모름,모름,모름,모름,모름,,초안: 검색 결과 없음,https://guide.michelin.com/kr/ko/seoul-capital-area/kr-seoul/restaurant/sonnet-1241886,
111,마테르,마테르,강남구,"서울 강남구 언주로154길 16, 지하 1층",https://map.naver.com/p/search/%EB%A7%88%ED%85%8C%EB%A5%B4%20%EA%B0%95%EB%82%A8%EA%B5%AC,모름,모름,모름,모름,모름,모름,모름,모름,모름,,초안: 검색 결과 없음,https://guide.michelin.com/kr/ko/seoul-capital-area/kr-seoul/restaurant/mater-1210122,https://www.facebook.com/mater.restaurant.official/
112,트리드,트리드,강남구,"서울 강남구 선릉로162길 16, 2층",https://map.naver.com/p/search/%ED%8A%B8%EB%A6%AC%EB%93%9C%20%EA%B0%95%EB%82%A8%EA%B5%AC,휴무,"12:00-15:00, 18:00-22:00","12:00-15:00, 18:00-22:00","12:00-15:00, 18:00-22:00","12:00-15:00, 18:00-22:00","12:00-15:00, 18:00-22:00",휴무,점심 13:00 · 저녁 19:30,비정기 휴무는 예약 사이트 안내,,"초안(웹 검색 요약, 확인 전)",https://guide.michelin.com/kr/ko/seoul-capital-area/kr-seoul/restaurant/trid,https://tridseoul.com/
113,명보당,명보당,강남구,"서울 강남구 선릉로158길 13-12, 3층",https://map.naver.com/p/search/%EB%AA%85%EB%B3%B4%EB%8B%B9%20%EA%B0%95%EB%82%A8%EA%B5%AC,휴무,18:00-22:00,모름,모름,모름,16:30-23:00,휴무,모름,모름,,"초안(웹 검색 요약, 확인 전) 수~금 정보 없음",https://guide.michelin.com/kr/ko/seoul-capital-area/kr-seoul/restaurant/myungbodang,https://www.siksinhot.com/P/1542014
114,비스트로 드 욘트빌,비스트로 드 욘트빌,강남구,서울 강남구 선릉로158길 13-7,https://map.naver.com/p/search/%EB%B9%84%EC%8A%A4%ED%8A%B8%EB%A1%9C%20%EB%93%9C%20%EC%9A%98%ED%8A%B8%EB%B9%8C%20%EA%B0%95%EB%82%A8%EA%B5%AC,휴무,"11:30-15:00, 18:00-22:00","11:30-15:00, 18:00-22:00","11:30-15:00, 18:00-22:00","11:30-15:00, 18:00-22:00","11:30-15:30, 18:00-22:00","11:30-15:30, 18:00-22:00",모름,모름,,"초안(웹 검색 요약, 확인 전)",https://guide.michelin.com/kr/ko/seoul-capital-area/kr-seoul/restaurant/bistrot-de-yountville,https://www.diningcode.com/profile.php?rid=lhbTduLZRVYj
115,류니끄,류니끄,강남구,서울 강남구 도산대로45길 8-1,https://map.naver.com/p/search/%EB%A5%98%EB%8B%88%EB%81%84%20%EA%B0%95%EB%82%A8%EA%B5%AC,휴무,"12:00-15:00, 18:00-22:30","12:00-15:00, 18:00-22:30","12:00-15:00, 18:00-22:30","12:00-15:00, 18:00-22:30","12:00-15:00, 18:00-22:30","12:00-15:00, 18:00-22:30",점심 14:00 · 저녁 21:30,모름,,"초안(웹 검색 요약, 확인 전)",https://guide.michelin.com/kr/ko/seoul-capital-area/kr-seoul/restaurant/ryunique,https://www.diningcode.com/profile.php?rid=wxYiFt3BZhxl
116,알고리즘,알고리즘,강남구,"서울 강남구 도산대로49길 8, 2층",https://map.naver.com/p/search/%EC%95%8C%EA%B3%A0%EB%A6%AC%EC%A6%98%20%EA%B0%95%EB%82%A8%EA%B5%AC,모름,모름,모름,모름,모름,모름,모름,모름,모름,,초안: 검색 결과 없음,https://guide.michelin.com/kr/ko/seoul-capital-area/kr-seoul/restaurant/aelgerizm,
117,칸티크,칸티크,강남구,서울 강남구 도산대로55길 24,https://map.naver.com/p/search/%EC%B9%B8%ED%8B%B0%ED%81%AC%20%EA%B0%95%EB%82%A8%EA%B5%AC,모름,모름,모름,모름,모름,모름,모름,모름,모름,,초안: 검색 결과 없음,https://guide.michelin.com/kr/ko/seoul-capital-area/kr-seoul/restaurant/original-numbers,
118,키라메키,키라메키,강남구,서울 강남구 도산대로28길 18,https://map.naver.com/p/search/%ED%82%A4%EB%9D%BC%EB%A9%94%ED%82%A4%20%EA%B0%95%EB%82%A8%EA%B5%AC,휴무,18:30-22:00,18:30-22:00,18:30-22:00,18:30-22:00,18:30-22:00,휴무,모름,모름,,"초안(웹 검색 요약, 확인 전)",https://guide.michelin.com/kr/ko/seoul-capital-area/kr-seoul/restaurant/kirameki,https://www.siksinhot.com/P/1549673
119,오프닝,오프닝,강남구,"서울 강남구 도산대로34길 22, 지하1층",https://map.naver.com/p/search/%EC%98%A4%ED%94%84%EB%8B%9D%20%EA%B0%95%EB%82%A8%EA%B5%AC,모름,모름,모름,모름,모름,모름,모름,모름,모름,,초안: 검색 결과 없음,https://guide.michelin.com/kr/ko/seoul-capital-area/kr-seoul/restaurant/opnng,
120,오니바,오니바,강남구,"서울 강남구 도산대로75길 15, 지하 1층",https://map.naver.com/p/search/%EC%98%A4%EB%8B%88%EB%B0%94%20%EA%B0%95%EB%82%A8%EA%B5%AC,모름,모름,모름,모름,모름,모름,모름,모름,모름,,초안: 검색 결과 없음,https://guide.michelin.com/kr/ko/seoul-capital-area/kr-seoul/restaurant/onyva,
121,시오,시오,강남구,서울 강남구 도산대로54길 33,https://map.naver.com/p/search/%EC%8B%9C%EC%98%A4%20%EA%B0%95%EB%82%A8%EA%B5%AC,"12:00-14:30, 18:00-22:00","12:00-14:30, 18:00-22:00","12:00-14:30, 18:00-22:00","12:00-14:30, 18:00-22:00","12:00-14:30, 18:00-22:00","12:00-14:30, 18:00-22:00",휴무,20:30,모름,,"초안(웹 검색 요약, 확인 전)",https://guide.michelin.com/kr/ko/seoul-capital-area/kr-seoul/restaurant/siio,https://www.diningcode.com/profile.php?rid=y3WmZR0gkhgn
122,구찌 오스테리아 다 마시모 보투라,구찌 오스테리아 다 마시모 보투라,강남구,"서울 강남구 압구정로 462, 5층",https://map.naver.com/p/search/%EA%B5%AC%EC%B0%8C%20%EC%98%A4%EC%8A%A4%ED%85%8C%EB%A6%AC%EC%95%84%20%EB%8B%A4%20%EB%A7%88%EC%8B%9C%EB%AA%A8%20%EB%B3%B4%ED%88%AC%EB%9D%BC%20%EA%B0%95%EB%82%A8%EA%B5%AC,모름,모름,모름,모름,모름,모름,모름,모름,모름,,초안: 검색 결과 없음(공식 페이지 확인),https://guide.michelin.com/kr/ko/seoul-capital-area/kr-seoul/restaurant/gucci-osteria-da-massimo-bottura-1203402,https://www.gucciosteria.com/ko/seoul/contact/
123,야키토리 묵,야키토리 묵,마포구,서울 마포구 성미산로 165-1,https://map.naver.com/p/search/%EC%95%BC%ED%82%A4%ED%86%A0%EB%A6%AC%20%EB%AC%B5%20%EB%A7%88%ED%8F%AC%EA%B5%AC,17:00-22:00,17:00-22:00,17:00-22:00,17:00-22:00,17:00-22:00,17:00-22:00,휴무,모름,인스타그램 공지(@yakitorimook),,"초안(웹 검색 요약, 확인 전) 매일 17-23이라는 출처도 있음",https://guide.michelin.com/kr/ko/seoul-capital-area/kr-seoul/restaurant/yakitori-mook,https://www.siksinhot.com/P/364531
124,에빠뉘,에빠뉘,강남구,"서울 강남구 선릉로146길 33, 3층",https://map.naver.com/p/search/%EC%97%90%EB%B9%A0%EB%89%98%20%EA%B0%95%EB%82%A8%EA%B5%AC,"12:00-15:00, 18:00-22:00","12:00-15:00, 18:00-22:00","12:00-15:00, 18:00-22:00","12:00-15:00, 18:00-22:00","12:00-15:00, 18:00-22:00","12:00-15:00, 18:00-22:00",휴무,모름,추석 전날·당일·다음날,,"초안(웹 검색 요약, 확인 전) 12:00-21:30(쉬는 시간 14:50-18:00)이라는 출처도 있음",https://guide.michelin.com/kr/ko/seoul-capital-area/kr-seoul/restaurant/epanoui,https://www.diningcode.com/profile.php?rid=85LAsFEvizny
125,레스토랑 오와이,레스토랑 오와이,강남구,"서울 강남구 선릉로148길 48-12, 지하 1층",https://map.naver.com/p/search/%EB%A0%88%EC%8A%A4%ED%86%A0%EB%9E%91%20%EC%98%A4%EC%99%80%EC%9D%B4%20%EA%B0%95%EB%82%A8%EA%B5%AC,휴무,"12:00-15:00, 18:00-22:00","12:00-15:00, 18:00-22:00","12:00-15:00, 18:00-22:00","12:00-15:00, 18:00-22:00","12:00-15:00, 18:00-22:00",휴무,모름,모름,,"초안(웹 검색 요약, 확인 전)",https://guide.michelin.com/kr/ko/seoul-capital-area/kr-seoul/restaurant/restaurant-oy,https://restaurantoy.co.kr/
126,리알토,리알토,강남구,"서울 강남구 삼성로149길 13, 2층",https://map.naver.com/p/search/%EB%A6%AC%EC%95%8C%ED%86%A0%20%EA%B0%95%EB%82%A8%EA%B5%AC,"12:00-15:00, 18:00-22:00",휴무,휴무,"12:00-15:00, 18:00-22:00","12:00-15:00, 18:00-22:00","12:00-15:00, 18:00-22:00","12:00-15:00, 18:00-22:00",모름,모름,,"초안(웹 검색 요약, 확인 전)",https://guide.michelin.com/kr/ko/seoul-capital-area/kr-seoul/restaurant/rialto,https://www.diningcode.com/profile.php?rid=dmTAtndLtMhY
127,중화복춘 살롱,중화복춘 살롱,마포구,서울 마포구 연남로 10,https://map.naver.com/p/search/%EC%A4%91%ED%99%94%EB%B3%B5%EC%B6%98%20%EC%82%B4%EB%A1%B1%20%EB%A7%88%ED%8F%AC%EA%B5%AC,휴무,모름,모름,모름,모름,모름,휴무,21:30,모름,,"초안(웹 검색 요약, 확인 전) 시간 정보가 깨져 나옴(11:50-21:40 / 16:30-23:30) — 확인 필요",https://guide.michelin.com/kr/ko/seoul-capital-area/kr-seoul/restaurant/zhonghuafuchun-salon,https://www.diningcode.com/profile.php?rid=w6xp3kdpWF6N
128,엘픽,엘픽,강남구,서울 강남구 도산대로78길 25,https://map.naver.com/p/search/%EC%97%98%ED%94%BD%20%EA%B0%95%EB%82%A8%EA%B5%AC,휴무,17:00-22:00,17:00-22:00,17:00-22:00,"12:00-15:00, 17:00-22:00","12:00-15:00, 17:00-22:00",12:00-15:00,모름,모름,,"초안(웹 검색 요약, 확인 전)",https://guide.michelin.com/kr/ko/seoul-capital-area/kr-seoul/restaurant/elpic,https://www.diningcode.com/profile.php?rid=EkAfy6lrwOkr
129,산로,산로,강남구,"서울 강남구 도산대로 518, 2층",https://map.naver.com/p/search/%EC%82%B0%EB%A1%9C%20%EA%B0%95%EB%82%A8%EA%B5%AC,휴무,"12:30-14:00, 18:30-22:00","12:30-14:00, 18:30-22:00","12:30-14:00, 18:30-22:00","12:30-14:00, 18:30-22:00","12:30-14:00, 18:30-22:00",휴무,모름,모름,,"초안(웹 검색 요약, 확인 전)",https://guide.michelin.com/kr/ko/seoul-capital-area/kr-seoul/restaurant/sanro,https://www.instagram.com/sanro_seoul/
130,원 디그리 노스,원 디그리 노스,강남구,서울 강남구 학동로43길 8,https://map.naver.com/p/search/%EC%9B%90%20%EB%94%94%EA%B7%B8%EB%A6%AC%20%EB%85%B8%EC%8A%A4%20%EA%B0%95%EB%82%A8%EA%B5%AC,"11:30-15:00, 17:30-22:00","11:30-15:00, 17:30-22:00","11:30-15:00, 17:30-22:00","11:30-15:00, 17:30-22:00","11:30-15:00, 17:30-22:00","11:30-15:00, 17:30-22:00",휴무,점심 14:00 · 저녁 21:00,공휴일 휴무,,"초안(웹 검색 요약, 확인 전)",https://guide.michelin.com/kr/ko/seoul-capital-area/kr-seoul/restaurant/one-degree-north,https://www.diningcode.com/profile.php?rid=ZKt6R09FkrWv
131,온,온,강남구,"서울 강남구 선릉로148길 48, 미준빌딩 3층",https://map.naver.com/p/search/%EC%98%A8%20%EA%B0%95%EB%82%A8%EA%B5%AC,휴무,"12:00-14:30, 18:00-22:00","12:00-14:30, 18:00-22:00","12:00-14:30, 18:00-22:00","12:00-14:30, 18:00-22:00",18:00-21:00,18:00-21:00,모름,모름,,"초안(웹 검색 요약, 확인 전) 주말 점심 여부 모름",https://guide.michelin.com/kr/ko/seoul-capital-area/kr-seoul/restaurant/on565623,https://www.diningcode.com/profile.php?rid=en6kJFjBcSf6
132,톡톡,톡톡,강남구,"서울 강남구 학동로97길 41, 3층",https://map.naver.com/p/search/%ED%86%A1%ED%86%A1%20%EA%B0%95%EB%82%A8%EA%B5%AC,휴무,"12:00-15:00, 18:00-22:00","12:00-15:00, 18:00-22:00","12:00-15:00, 18:00-22:00","12:00-15:00, 18:00-22:00","12:00-15:00, 18:00-22:00","12:00-15:00, 18:00-21:30",모름,모름,,"초안(웹 검색 요약, 확인 전)",https://guide.michelin.com/kr/ko/seoul-capital-area/kr-seoul/restaurant/toc-toc,https://www.diningcode.com/profile.php?rid=Aw0DZiiigOzi
133,윤 해운대 갈비,윤 해운대 갈비,서초구,"서울 서초구 신반포로 176, 하우스오브 신세계",https://map.naver.com/p/search/%EC%9C%A4%20%ED%95%B4%EC%9A%B4%EB%8C%80%20%EA%B0%88%EB%B9%84%20%EC%84%9C%EC%B4%88%EA%B5%AC,10:30-22:00,10:30-22:00,10:30-22:00,10:30-22:00,10:30-22:00,10:30-22:00,10:30-22:00,모름,매월 셋째 주 월요일,,"초안(웹 검색 요약, 확인 전)",https://guide.michelin.com/kr/ko/seoul-capital-area/kr-seoul/restaurant/yoon-haeundae-galbi,https://www.instagram.com/yoon_seoul_1964/
134,코자차,코자차,강남구,서울 강남구 학동로97길 17,https://map.naver.com/p/search/%EC%BD%94%EC%9E%90%EC%B0%A8%20%EA%B0%95%EB%82%A8%EA%B5%AC,"12:00-14:30, 18:00-22:00","12:00-14:30, 18:00-22:00","12:00-14:30, 18:00-22:00","12:00-14:30, 18:00-22:00","12:00-14:30, 18:00-22:00","12:00-14:30, 18:00-22:00",휴무,모름,모름,,"초안(웹 검색 요약, 확인 전)",https://guide.michelin.com/kr/ko/seoul-capital-area/kr-seoul/restaurant/kojacha,https://www.diningcode.com/profile.php?rid=CWCgw4vP1fgl
135,해남천일관,해남천일관,서초구,서울 서초구 반포대로39길 36-1,https://map.naver.com/p/search/%ED%95%B4%EB%82%A8%EC%B2%9C%EC%9D%BC%EA%B4%80%20%EC%84%9C%EC%B4%88%EA%B5%AC,"11:30-14:30, 17:30-21:30","11:30-14:30, 17:30-21:30","11:30-14:30, 17:30-21:30","11:30-14:30, 17:30-21:30","11:30-14:30, 17:30-21:30","11:30-14:30, 17:30-21:00",휴무,평일 19:30 · 토 19:00,모름,,"초안(웹 검색 요약, 확인 전)",https://guide.michelin.com/kr/ko/seoul-capital-area/kr-seoul/restaurant/haenam-cheonilgwan,https://haenamcheonilgwan.kr/
136,페리지,페리지,강남구,서울 강남구 봉은사로68길 6-5,https://map.naver.com/p/search/%ED%8E%98%EB%A6%AC%EC%A7%80%20%EA%B0%95%EB%82%A8%EA%B5%AC,휴무,17:00-22:00,17:00-22:00,17:00-22:00,17:00-22:00,17:00-22:00,휴무,모름,모름,,"초안(웹 검색 요약, 확인 전)",https://guide.michelin.com/kr/ko/seoul-capital-area/kr-seoul/restaurant/perigee,https://www.siksinhot.com/P/1280899
137,뜨라또리아 로마냐,뜨라또리아 로마냐,서초구,"서울 서초구 사평대로14길 11, 2층",https://map.naver.com/p/search/%EB%9C%A8%EB%9D%BC%EB%98%90%EB%A6%AC%EC%95%84%20%EB%A1%9C%EB%A7%88%EB%83%90%20%EC%84%9C%EC%B4%88%EA%B5%AC,"11:30-15:00, 17:30-22:00","11:30-15:00, 17:30-22:00","11:30-15:00, 17:30-22:00","11:30-15:00, 17:30-22:00","11:30-15:00, 17:30-22:00","11:30-15:00, 17:30-22:00",휴무,20:00,모름,,"초안(웹 검색 요약, 확인 전)",https://guide.michelin.com/kr/ko/seoul-capital-area/kr-seoul/restaurant/trattoria-romagna,https://www.diningcode.com/profile.php?rid=NoVb0grNqgLB
138,샤콘느,샤콘느,강남구,"서울 강남구 논현로97길 23, 역삼힐스 102동 1층",https://map.naver.com/p/search/%EC%83%A4%EC%BD%98%EB%8A%90%20%EA%B0%95%EB%82%A8%EA%B5%AC,17:00-23:00,17:00-23:00,17:00-23:00,17:00-23:00,17:00-23:00,17:00-23:00,휴무,모름,모름,,"초안(웹 검색 요약, 확인 전)",https://guide.michelin.com/kr/ko/seoul-capital-area/kr-seoul/restaurant/chaconne,https://dafanew.com/79/?bmode=view&idx=164822782
139,외고집 설렁탕,외고집 설렁탕,강남구,서울 강남구 삼성로 555,https://map.naver.com/p/search/%EC%99%B8%EA%B3%A0%EC%A7%91%20%EC%84%A4%EB%A0%81%ED%83%95%20%EA%B0%95%EB%82%A8%EA%B5%AC,11:00-21:00,11:00-21:00,11:00-21:00,11:00-21:00,11:00-21:00,11:00-21:00,휴무,모름,모름,,"초안(웹 검색 요약, 확인 전)",https://guide.michelin.com/kr/ko/seoul-capital-area/kr-seoul/restaurant/oegojip-sellongtang,https://www.diningcode.com/profile.php?rid=bc2ApCmKHvoL
140,도우룸,도우룸,서초구,"서울 서초구 동광로 99, 2층",https://map.naver.com/p/search/%EB%8F%84%EC%9A%B0%EB%A3%B8%20%EC%84%9C%EC%B4%88%EA%B5%AC,휴무,휴무,"11:30-15:00, 18:00-22:00","11:30-15:00, 18:00-22:00","11:30-15:00, 18:00-22:00","11:30-15:00, 18:00-22:00","11:30-15:00, 18:00-22:00",모름,모름,,"초안(웹 검색 요약, 확인 전)",https://guide.michelin.com/kr/ko/seoul-capital-area/kr-seoul/restaurant/doughroom,https://www.diningcode.com/profile.php?rid=KjpOtmbh5D5T
141,보름쇠,보름쇠,강남구,서울 강남구 테헤란로81길 36,https://map.naver.com/p/search/%EB%B3%B4%EB%A6%84%EC%87%A0%20%EA%B0%95%EB%82%A8%EA%B5%AC,"11:30-15:00, 17:00-22:00",모름,모름,모름,모름,모름,11:30-22:00,21:00,설날·추석,,"초안(웹 검색 요약, 확인 전) 화~토 정보 없음",https://guide.michelin.com/kr/ko/seoul-capital-area/kr-seoul/restaurant/boreumsae,https://www.diningcode.com/profile.php?rid=aHHtQZChgGvu
142,일 베키오,일 베키오,마포구,서울 마포구 월드컵북로 332-12,https://map.naver.com/p/search/%EC%9D%BC%20%EB%B2%A0%ED%82%A4%EC%98%A4%20%EB%A7%88%ED%8F%AC%EA%B5%AC,휴무,"12:00-15:00, 18:00-22:00","12:00-15:00, 18:00-22:00","12:00-15:00, 18:00-22:00","12:00-15:00, 18:00-22:00","12:00-15:00, 18:00-22:00",휴무,모름,모름,,"초안(웹 검색 요약, 확인 전)",https://guide.michelin.com/kr/ko/seoul-capital-area/kr-seoul/restaurant/il-vecchio,https://www.diningcode.com/profile.php?rid=cZhwqa0yR1Op
143,쿠시카와,쿠시카와,강남구,서울 강남구 논현로24길 37,https://map.naver.com/p/search/%EC%BF%A0%EC%8B%9C%EC%B9%B4%EC%99%80%20%EA%B0%95%EB%82%A8%EA%B5%AC,모름,모름,모름,모름,모름,모름,모름,모름,모름,,초안: 검색 결과 없음,https://guide.michelin.com/kr/ko/seoul-capital-area/kr-seoul/restaurant/kushi-kawa,https://www.instagram.com/kushikawa_omacase/
144,후제,후제,강남구,"서울 강남구 논현로24길 21, 2층",https://map.naver.com/p/search/%ED%9B%84%EC%A0%9C%20%EA%B0%95%EB%82%A8%EA%B5%AC,모름,모름,모름,모름,모름,모름,모름,모름,모름,,초안: 검색 결과 없음,https://guide.michelin.com/kr/ko/seoul-capital-area/kr-seoul/restaurant/fuje,
145,스테이,스테이,송파구,"서울 송파구 올림픽로 300, 롯데월드 타워 81층",https://map.naver.com/p/search/%EC%8A%A4%ED%85%8C%EC%9D%B4%20%EC%86%A1%ED%8C%8C%EA%B5%AC,"12:00-14:30, 18:00-21:30","12:00-14:30, 18:00-21:30","12:00-14:30, 18:00-21:30","12:00-14:30, 18:00-21:30","12:00-14:30, 18:00-21:30","12:00-14:30, 18:00-21:30","12:00-14:30, 18:00-21:30",점심 13:30 · 저녁 20:00,모름,,"초안(웹 검색 요약, 확인 전) 조식 06:30-10:00 별도. 출처마다 시간 다름",https://guide.michelin.com/kr/ko/seoul-capital-area/kr-seoul/restaurant/stay,https://www.lottehotel.com/seoul-signiel/ko/dining/restaurant-stay-modern.html
