date,daytype,is_holiday
20250901,평일,False
20250902,평일,False
20250903,평일,False
20250904,평일,False
20250905,평일,False
20250906,토요일,False
20250907,휴일,False
20250908,평일,False
20250909,평일,False
20250910,평일,False
20250911,평일,False
20250912,평일,False
20250913,토요일,False
20250914,휴일,False
20250915,평일,False
20250916,평일,False
20250917,평일,False
20250918,평일,False
20250919,평일,False
20250920,토요일,False
20250921,휴일,False
20250922,평일,False
20250923,평일,False
20250924,평일,False
20250925,평일,False
20250926,평일,False
20250927,토요일,False
20250928,휴일,False
20250929,평일,False
20250930,평일,False
20251001,평일,False
20251002,휴일,True
20251003,휴일,True
20251004,토요일,False
20251005,휴일,True
20251006,휴일,True
20251007,휴일,True
20251008,휴일,True
20251009,휴일,True
20251010,평일,False
20251011,토요일,False
20251012,휴일,False
20251013,평일,False
20251014,평일,False
20251015,평일,False
20251016,평일,False
20251017,평일,False
20251018,토요일,False
20251019,휴일,False
20251020,평일,False
20251021,평일,False
20251022,평일,False
20251023,평일,False
20251024,평일,False
20251025,토요일,False
20251026,휴일,False
20251027,평일,False
20251028,평일,False
20251029,평일,False
20251030,평일,False
20251031,평일,False
20251101,토요일,False
20251102,휴일,False
20251103,평일,False
20251104,평일,False
20251105,평일,False
20251106,평일,False
20251107,평일,False
20251108,토요일,False
20251109,휴일,False
20251110,평일,False
20251111,평일,False
20251112,평일,False
20251113,평일,False
20251114,평일,False
20251115,토요일,False
20251116,휴일,False
20251117,평일,False
20251118,평일,False
20251119,평일,False
20251120,평일,False
20251121,평일,False
20251122,토요일,False
20251123,휴일,False
20251124,평일,False
20251125,평일,False
20251126,평일,False
20251127,평일,False
20251128,평일,False
20251129,토요일,False
20251130,휴일,False
20251201,평일,False
20251202,평일,False
20251203,평일,False
20251204,평일,False
20251205,평일,False
20251206,토요일,False
20251207,휴일,False
20251208,평일,False
20251209,평일,False
20251210,평일,False
20251211,평일,False
20251212,평일,False
20251213,토요일,False
20251214,휴일,False
20251215,평일,False
20251216,평일,False
20251217,평일,False
20251218,평일,False
20251219,평일,False
20251220,토요일,False
20251221,휴일,False
20251222,평일,False
20251223,평일,False
20251224,평일,False
20251225,휴일,True
20251226,평일,False
20251227,토요일,False
20251228,휴일,False
20251229,평일,False
20251230,평일,False
20251231,평일,False
20260101,휴일,True
20260102,평일,False
20260103,토요일,False
20260104,휴일,False
20260105,평일,False
20260106,평일,False
20260107,평일,False
20260108,평일,False
20260109,평일,False
20260110,토요일,False
20260111,휴일,False
20260112,평일,False
20260113,평일,False
20260114,평일,False
20260115,평일,False
20260116,평일,False
20260117,토요일,False
20260118,휴일,False
20260119,평일,False
20260120,평일,False
20260121,평일,False
20260122,평일,False
20260123,평일,False
20260124,토요일,False
20260125,휴일,False
20260126,평일,False
20260127,평일,False
20260128,평일,False
20260129,평일,False
20260130,평일,False
20260131,토요일,False
20260201,휴일,False
20260202,평일,False
20260203,평일,False
20260204,평일,False
20260205,평일,False
20260206,평일,False
20260207,토요일,False
20260208,휴일,False
20260209,평일,False
20260210,평일,False
20260211,평일,False
20260212,평일,False
20260213,평일,False
20260214,토요일,False
20260215,휴일,False
20260216,휴일,True
20260217,휴일,True
20260218,휴일,True
20260219,평일,False
20260220,평일,False
20260221,토요일,False
20260222,휴일,False
20260223,평일,False
20260224,평일,False
20260225,평일,False
20260226,평일,False
20260227,평일,False
20260228,토요일,False
20260301,휴일,True
20260302,휴일,True
20260303,평일,False
20260304,평일,False
20260305,평일,False
20260306,평일,False
20260307,토요일,False
20260308,휴일,False
20260309,평일,False
20260310,평일,False
20260311,평일,False
20260312,평일,False
20260313,평일,False
20260314,토요일,False
20260315,휴일,False
20260316,평일,False
20260317,평일,False
20260318,평일,False
20260319,평일,False
20260320,평일,False
20260321,토요일,False
20260322,휴일,False
20260323,평일,False
20260324,평일,False
20260325,평일,False
20260326,평일,False
20260327,평일,False
20260328,토요일,False
20260329,휴일,False
20260330,평일,False
20260331,평일,False
20260401,평일,False
20260402,평일,False
20260403,평일,False
20260404,토요일,False
20260405,휴일,False
20260406,평일,False
20260407,평일,False
20260408,평일,False
20260409,평일,False
20260410,평일,False
20260411,토요일,False
20260412,휴일,False
20260413,평일,False
20260414,평일,False
20260415,평일,False
20260416,평일,False
20260417,평일,False
20260418,토요일,False
20260419,휴일,False
20260420,평일,False
20260421,평일,False
20260422,평일,False
20260423,평일,False
20260424,평일,False
20260425,토요일,False
20260426,휴일,False
20260427,평일,False
20260428,평일,False
20260429,평일,False
20260430,평일,False
20260501,휴일,True
20260502,토요일,False
20260503,휴일,False
20260504,평일,False
20260505,휴일,True
20260506,평일,False
20260507,평일,False
20260508,평일,False
20260509,토요일,False
20260510,휴일,False
20260511,평일,False
20260512,평일,False
20260513,평일,False
20260514,평일,False
20260515,평일,False
20260516,토요일,False
20260517,휴일,False
20260518,평일,False
20260519,평일,False
20260520,평일,False
20260521,평일,False
20260522,평일,False
20260523,토요일,False
20260524,휴일,True
20260525,휴일,True
20260526,평일,False
20260527,평일,False
20260528,평일,False
20260529,평일,False
20260530,토요일,False
20260531,휴일,False
20260601,평일,False
20260602,평일,False
20260603,휴일,True
20260604,평일,False
20260605,평일,False
20260606,휴일,True
20260607,휴일,False
20260608,평일,False
20260609,평일,False
20260610,평일,False
20260611,평일,False
20260612,평일,False
20260613,토요일,False
20260614,휴일,False
20260615,평일,False
20260616,평일,False
20260617,평일,False
20260618,평일,False
20260619,평일,False
20260620,토요일,False
20260621,휴일,False
20260622,평일,False
20260623,평일,False
20260624,평일,False
20260625,평일,False
20260626,평일,False
20260627,토요일,False
20260628,휴일,False
20260629,평일,False
20260630,평일,False
20260701,평일,False
20260702,평일,False
20260703,평일,False
20260704,토요일,False
20260705,휴일,False
20260706,평일,False
20260707,평일,False
20260708,평일,False
20260709,평일,False
20260710,평일,False
20260711,토요일,False
20260712,휴일,False
20260713,평일,False
20260714,평일,False
20260715,평일,False
20260716,평일,False
20260717,휴일,True
20260718,토요일,False
20260719,휴일,False
20260720,평일,False
20260721,평일,False
20260722,평일,False
20260723,평일,False
20260724,평일,False
20260725,토요일,False
20260726,휴일,False
20260727,평일,False
20260728,평일,False
20260729,평일,False
20260730,평일,False
20260731,평일,False
20260801,토요일,False
20260802,휴일,False
20260803,평일,False
20260804,평일,False
20260805,평일,False
20260806,평일,False
20260807,평일,False
20260808,토요일,False
20260809,휴일,False
20260810,평일,False
20260811,평일,False
20260812,평일,False
20260813,평일,False
20260814,평일,False
20260815,휴일,True
20260816,휴일,False
20260817,휴일,True
20260818,평일,False
20260819,평일,False
20260820,평일,False
20260821,평일,False
20260822,토요일,False
20260823,휴일,False
20260824,평일,False
20260825,평일,False
20260826,평일,False
20260827,평일,False
20260828,평일,False
20260829,토요일,False
20260830,휴일,False
20260831,평일,False
